CRITICAL - 2026-05-16 03:10:58 --> Error: Class "Locale" not found
[Method: GET, Route: /]
in SYSTEMPATH/CodeIgniter.php on line 189.
 1 SYSTEMPATH/Boot.php(404): CodeIgniter\CodeIgniter->initialize()
 2 SYSTEMPATH/Boot.php(163): CodeIgniter\Boot::initializeCodeIgniter()
 3 ROOTPATH/spark(87): CodeIgniter\Boot::bootSpark(Object(Config\Paths))
CRITICAL - 2026-05-16 03:10:58 --> ErrorException: Uncaught Error: Class "Locale" not found in /Applications/XAMPP/xamppfiles/htdocs/sikumi/vendor/codeigniter4/framework/system/I18n/TimeTrait.php:75
Stack trace:
#0 /Applications/XAMPP/xamppfiles/htdocs/sikumi/vendor/codeigniter4/framework/system/I18n/TimeTrait.php(116): CodeIgniter\I18n\Time->__construct(NULL, NULL, NULL)
#1 /Applications/XAMPP/xamppfiles/htdocs/sikumi/vendor/codeigniter4/framework/system/HTTP/ResponseTrait.php(394): CodeIgniter\I18n\Time::now()
#2 /Applications/XAMPP/xamppfiles/htdocs/sikumi/vendor/codeigniter4/framework/system/HTTP/ResponseTrait.php(372): CodeIgniter\HTTP\Response->sendHeaders()
#3 /Applications/XAMPP/xamppfiles/htdocs/sikumi/vendor/codeigniter4/framework/system/Debug/ExceptionHandler.php(95): CodeIgniter\HTTP\Response->send()
#4 /Applications/XAMPP/xamppfiles/htdocs/sikumi/vendor/codeigniter4/framework/system/Debug/Exceptions.php(151): CodeIgniter\Debug\ExceptionHandler->handle(Object(Error), Object(CodeIgniter\HTTP\IncomingRequest), Object(CodeIgniter\HTTP\Response), 500, 1)
#5 [internal function]: CodeIgniter\Debug\Exceptions->exceptionHandler(Object(Error))
#6 {main}
  thrown
【Previous Exception】
Error
Class "Locale" not found
#0 /Applications/XAMPP/xamppfiles/htdocs/sikumi/vendor/codeigniter4/framework/system/Boot.php(404): CodeIgniter\CodeIgniter->initialize()
#1 /Applications/XAMPP/xamppfiles/htdocs/sikumi/vendor/codeigniter4/framework/system/Boot.php(163): CodeIgniter\Boot::initializeCodeIgniter()
#2 /Applications/XAMPP/xamppfiles/htdocs/sikumi/spark(87): CodeIgniter\Boot::bootSpark(Object(Config\Paths))
#3 {main}
[Method: GET, Route: /]
in SYSTEMPATH/I18n/TimeTrait.php on line 75.
 1 [internal function]: CodeIgniter\Debug\Exceptions->shutdownHandler()
CRITICAL - 2026-05-16 01:51:55 --> CodeIgniter\Shield\Exceptions\SecurityException: Config\Security::$csrfProtection is set to 'cookie'. Same-site attackers may bypass the CSRF protection. Please set it to 'session'.
[Method: GET, Route: /]
in VENDORPATH/codeigniter4/shield/src/Authentication/Authenticators/Session.php on line 100.
 1 VENDORPATH/codeigniter4/shield/src/Authentication/Authenticators/Session.php(88): CodeIgniter\Shield\Authentication\Authenticators\Session->checkSecurityConfig()
 2 VENDORPATH/codeigniter4/shield/src/Authentication/Authentication.php(65): CodeIgniter\Shield\Authentication\Authenticators\Session->__construct(Object(CodeIgniter\Shield\Models\UserModel))
 3 VENDORPATH/codeigniter4/shield/src/Auth.php(93): CodeIgniter\Shield\Authentication\Authentication->factory('session')
 4 VENDORPATH/codeigniter4/shield/src/Collectors/Auth.php(68): CodeIgniter\Shield\Auth->getAuthenticator()
 5 SYSTEMPATH/Debug/Toolbar/Collectors/BaseCollector.php(227): CodeIgniter\Shield\Collectors\Auth->getTitleDetails()
 6 SYSTEMPATH/Debug/Toolbar.php(95): CodeIgniter\Debug\Toolbar\Collectors\BaseCollector->getAsArray()
 7 SYSTEMPATH/Debug/Toolbar.php(392): CodeIgniter\Debug\Toolbar->run(1778896315.4822700023651123046875, 0.0293999999999999990507593139454911579377949237823486328125, Object(CodeIgniter\HTTP\IncomingRequest), Object(CodeIgniter\HTTP\Response))
 8 SYSTEMPATH/Filters/DebugToolbar.php(44): CodeIgniter\Debug\Toolbar->prepare(Object(CodeIgniter\HTTP\IncomingRequest), Object(CodeIgniter\HTTP\Response))
 9 SYSTEMPATH/Filters/Filters.php(278): CodeIgniter\Filters\DebugToolbar->after(Object(CodeIgniter\HTTP\IncomingRequest), Object(CodeIgniter\HTTP\Response), null)
10 SYSTEMPATH/Filters/Filters.php(364): CodeIgniter\Filters\Filters->runAfter([...])
11 SYSTEMPATH/CodeIgniter.php(393): CodeIgniter\Filters\Filters->runRequired('after')
12 SYSTEMPATH/CodeIgniter.php(354): CodeIgniter\CodeIgniter->runRequiredAfterFilters(Object(CodeIgniter\Filters\Filters))
13 SYSTEMPATH/Boot.php(417): CodeIgniter\CodeIgniter->run()
14 SYSTEMPATH/Boot.php(68): CodeIgniter\Boot::runCodeIgniter(Object(CodeIgniter\CodeIgniter))
15 FCPATH/index.php(59): CodeIgniter\Boot::bootWeb(Object(Config\Paths))
CRITICAL - 2026-05-16 01:51:55 --> ErrorException: Uncaught Symfony\Polyfill\Intl\Icu\Exception\MethodNotImplementedException: The Symfony\Polyfill\Intl\Icu\NumberFormatter::setPattern() is not implemented. Please install the "intl" extension for full localization capabilities. in /Applications/XAMPP/xamppfiles/htdocs/sikumi/vendor/symfony/polyfill-intl-icu/NumberFormatter.php:603
Stack trace:
#0 /Applications/XAMPP/xamppfiles/htdocs/sikumi/vendor/codeigniter4/framework/system/Helpers/number_helper.php(158): Symfony\Polyfill\Intl\Icu\NumberFormatter->setPattern('#,##0.##')
#1 /Applications/XAMPP/xamppfiles/htdocs/sikumi/vendor/codeigniter4/framework/system/Helpers/number_helper.php(60): format_number(8.0, 2, 'en', Array)
#2 /Applications/XAMPP/xamppfiles/htdocs/sikumi/vendor/codeigniter4/framework/system/Debug/BaseExceptionHandler.php(158): number_to_size(8.0, 2)
#3 /Applications/XAMPP/xamppfiles/htdocs/sikumi/app/Views/errors/html/error_exception.php(408): CodeIgniter\Debug\BaseExceptionHandler::describeMemory(8388608)
#4 /Applications/XAMPP/xamppfiles/htdocs/sikumi/vendor/codeigniter4/framework/system/Debug/BaseExceptionHandler.php(270): include('/Applications/X...')
#5 /Applications/XAMPP/xamppfiles/htdocs/sikumi/vendor/codeigniter4/framework/system/Debug/BaseExceptionHandler.php(273): CodeIgniter\Debug\BaseExceptionHandler->CodeIgniter\Debug\{closure}()
#6 /Applications/XAMPP/xamppfiles/htdocs/sikumi/vendor/codeigniter4/framework/system/Debug/ExceptionHandler.php(126): CodeIgniter\Debug\BaseExceptionHandler->render(Object(CodeIgniter\Shield\Exceptions\SecurityException), 500, '/Applications/X...')
#7 /Applications/XAMPP/xamppfiles/htdocs/sikumi/vendor/codeigniter4/framework/system/Debug/Exceptions.php(151): CodeIgniter\Debug\ExceptionHandler->handle(Object(CodeIgniter\Shield\Exceptions\SecurityException), Object(CodeIgniter\HTTP\IncomingRequest), Object(CodeIgniter\HTTP\Response), 500, 1)
#8 [internal function]: CodeIgniter\Debug\Exceptions->exceptionHandler(Object(CodeIgniter\Shield\Exceptions\SecurityException))
#9 {main}
  thrown
【Previous Exception】
CodeIgniter\Shield\Exceptions\SecurityException
Config\Security::$csrfProtection is set to 'cookie'. Same-site attackers may bypass the CSRF protection. Please set it to 'session'.
#0 /Applications/XAMPP/xamppfiles/htdocs/sikumi/vendor/codeigniter4/shield/src/Authentication/Authenticators/Session.php(88): CodeIgniter\Shield\Authentication\Authenticators\Session->checkSecurityConfig()
#1 /Applications/XAMPP/xamppfiles/htdocs/sikumi/vendor/codeigniter4/shield/src/Authentication/Authentication.php(65): CodeIgniter\Shield\Authentication\Authenticators\Session->__construct(Object(CodeIgniter\Shield\Models\UserModel))
#2 /Applications/XAMPP/xamppfiles/htdocs/sikumi/vendor/codeigniter4/shield/src/Auth.php(93): CodeIgniter\Shield\Authentication\Authentication->factory('session')
#3 /Applications/XAMPP/xamppfiles/htdocs/sikumi/vendor/codeigniter4/shield/src/Collectors/Auth.php(68): CodeIgniter\Shield\Auth->getAuthenticator()
#4 /Applications/XAMPP/xamppfiles/htdocs/sikumi/vendor/codeigniter4/framework/system/Debug/Toolbar/Collectors/BaseCollector.php(227): CodeIgniter\Shield\Collectors\Auth->getTitleDetails()
#5 /Applications/XAMPP/xamppfiles/htdocs/sikumi/vendor/codeigniter4/framework/system/Debug/Toolbar.php(95): CodeIgniter\Debug\Toolbar\Collectors\BaseCollector->getAsArray()
#6 /Applications/XAMPP/xamppfiles/htdocs/sikumi/vendor/codeigniter4/framework/system/Debug/Toolbar.php(392): CodeIgniter\Debug\Toolbar->run(1778896315.4823, 0.0294, Object(CodeIgniter\HTTP\IncomingRequest), Object(CodeIgniter\HTTP\Response))
#7 /Applications/XAMPP/xamppfiles/htdocs/sikumi/vendor/codeigniter4/framework/system/Filters/DebugToolbar.php(44): CodeIgniter\Debug\Toolbar->prepare(Object(CodeIgniter\HTTP\IncomingRequest), Object(CodeIgniter\HTTP\Response))
#8 /Applications/XAMPP/xamppfiles/htdocs/sikumi/vendor/codeigniter4/framework/system/Filters/Filters.php(278): CodeIgniter\Filters\DebugToolbar->after(Object(CodeIgniter\HTTP\IncomingRequest), Object(CodeIgniter\HTTP\Response), NULL)
#9 /Applications/XAMPP/xamppfiles/htdocs/sikumi/vendor/codeigniter4/framework/system/Filters/Filters.php(364): CodeIgniter\Filters\Filters->runAfter(Array)
#10 /Applications/XAMPP/xamppfiles/htdocs/sikumi/vendor/codeigniter4/framework/system/CodeIgniter.php(393): CodeIgniter\Filters\Filters->runRequired('after')
#11 /Applications/XAMPP/xamppfiles/htdocs/sikumi/vendor/codeigniter4/framework/system/CodeIgniter.php(354): CodeIgniter\CodeIgniter->runRequiredAfterFilters(Object(CodeIgniter\Filters\Filters))
#12 /Applications/XAMPP/xamppfiles/htdocs/sikumi/vendor/codeigniter4/framework/system/Boot.php(417): CodeIgniter\CodeIgniter->run()
#13 /Applications/XAMPP/xamppfiles/htdocs/sikumi/vendor/codeigniter4/framework/system/Boot.php(68): CodeIgniter\Boot::runCodeIgniter(Object(CodeIgniter\CodeIgniter))
#14 /Applications/XAMPP/xamppfiles/htdocs/sikumi/public/index.php(59): CodeIgniter\Boot::bootWeb(Object(Config\Paths))
#15 {main}
[Method: GET, Route: /]
in VENDORPATH/symfony/polyfill-intl-icu/NumberFormatter.php on line 603.
 1 [internal function]: CodeIgniter\Debug\Exceptions->shutdownHandler()
CRITICAL - 2026-05-16 01:51:56 --> CodeIgniter\Shield\Exceptions\SecurityException: Config\Security::$csrfProtection is set to 'cookie'. Same-site attackers may bypass the CSRF protection. Please set it to 'session'.
[Method: GET, Route: /]
in VENDORPATH/codeigniter4/shield/src/Authentication/Authenticators/Session.php on line 100.
 1 VENDORPATH/codeigniter4/shield/src/Authentication/Authenticators/Session.php(88): CodeIgniter\Shield\Authentication\Authenticators\Session->checkSecurityConfig()
 2 VENDORPATH/codeigniter4/shield/src/Authentication/Authentication.php(65): CodeIgniter\Shield\Authentication\Authenticators\Session->__construct(Object(CodeIgniter\Shield\Models\UserModel))
 3 VENDORPATH/codeigniter4/shield/src/Auth.php(93): CodeIgniter\Shield\Authentication\Authentication->factory('session')
 4 VENDORPATH/codeigniter4/shield/src/Collectors/Auth.php(68): CodeIgniter\Shield\Auth->getAuthenticator()
 5 SYSTEMPATH/Debug/Toolbar/Collectors/BaseCollector.php(227): CodeIgniter\Shield\Collectors\Auth->getTitleDetails()
 6 SYSTEMPATH/Debug/Toolbar.php(95): CodeIgniter\Debug\Toolbar\Collectors\BaseCollector->getAsArray()
 7 SYSTEMPATH/Debug/Toolbar.php(392): CodeIgniter\Debug\Toolbar->run(1778896316.3494739532470703125, 0.0213999999999999988842258602517176768742501735687255859375, Object(CodeIgniter\HTTP\IncomingRequest), Object(CodeIgniter\HTTP\Response))
 8 SYSTEMPATH/Filters/DebugToolbar.php(44): CodeIgniter\Debug\Toolbar->prepare(Object(CodeIgniter\HTTP\IncomingRequest), Object(CodeIgniter\HTTP\Response))
 9 SYSTEMPATH/Filters/Filters.php(278): CodeIgniter\Filters\DebugToolbar->after(Object(CodeIgniter\HTTP\IncomingRequest), Object(CodeIgniter\HTTP\Response), null)
10 SYSTEMPATH/Filters/Filters.php(364): CodeIgniter\Filters\Filters->runAfter([...])
11 SYSTEMPATH/CodeIgniter.php(393): CodeIgniter\Filters\Filters->runRequired('after')
12 SYSTEMPATH/CodeIgniter.php(354): CodeIgniter\CodeIgniter->runRequiredAfterFilters(Object(CodeIgniter\Filters\Filters))
13 SYSTEMPATH/Boot.php(417): CodeIgniter\CodeIgniter->run()
14 SYSTEMPATH/Boot.php(68): CodeIgniter\Boot::runCodeIgniter(Object(CodeIgniter\CodeIgniter))
15 FCPATH/index.php(59): CodeIgniter\Boot::bootWeb(Object(Config\Paths))
CRITICAL - 2026-05-16 01:51:56 --> ErrorException: Uncaught Symfony\Polyfill\Intl\Icu\Exception\MethodNotImplementedException: The Symfony\Polyfill\Intl\Icu\NumberFormatter::setPattern() is not implemented. Please install the "intl" extension for full localization capabilities. in /Applications/XAMPP/xamppfiles/htdocs/sikumi/vendor/symfony/polyfill-intl-icu/NumberFormatter.php:603
Stack trace:
#0 /Applications/XAMPP/xamppfiles/htdocs/sikumi/vendor/codeigniter4/framework/system/Helpers/number_helper.php(158): Symfony\Polyfill\Intl\Icu\NumberFormatter->setPattern('#,##0.##')
#1 /Applications/XAMPP/xamppfiles/htdocs/sikumi/vendor/codeigniter4/framework/system/Helpers/number_helper.php(60): format_number(8.0, 2, 'en', Array)
#2 /Applications/XAMPP/xamppfiles/htdocs/sikumi/vendor/codeigniter4/framework/system/Debug/BaseExceptionHandler.php(158): number_to_size(8.0, 2)
#3 /Applications/XAMPP/xamppfiles/htdocs/sikumi/app/Views/errors/html/error_exception.php(408): CodeIgniter\Debug\BaseExceptionHandler::describeMemory(8388608)
#4 /Applications/XAMPP/xamppfiles/htdocs/sikumi/vendor/codeigniter4/framework/system/Debug/BaseExceptionHandler.php(270): include('/Applications/X...')
#5 /Applications/XAMPP/xamppfiles/htdocs/sikumi/vendor/codeigniter4/framework/system/Debug/BaseExceptionHandler.php(273): CodeIgniter\Debug\BaseExceptionHandler->CodeIgniter\Debug\{closure}()
#6 /Applications/XAMPP/xamppfiles/htdocs/sikumi/vendor/codeigniter4/framework/system/Debug/ExceptionHandler.php(126): CodeIgniter\Debug\BaseExceptionHandler->render(Object(CodeIgniter\Shield\Exceptions\SecurityException), 500, '/Applications/X...')
#7 /Applications/XAMPP/xamppfiles/htdocs/sikumi/vendor/codeigniter4/framework/system/Debug/Exceptions.php(151): CodeIgniter\Debug\ExceptionHandler->handle(Object(CodeIgniter\Shield\Exceptions\SecurityException), Object(CodeIgniter\HTTP\IncomingRequest), Object(CodeIgniter\HTTP\Response), 500, 1)
#8 [internal function]: CodeIgniter\Debug\Exceptions->exceptionHandler(Object(CodeIgniter\Shield\Exceptions\SecurityException))
#9 {main}
  thrown
【Previous Exception】
CodeIgniter\Shield\Exceptions\SecurityException
Config\Security::$csrfProtection is set to 'cookie'. Same-site attackers may bypass the CSRF protection. Please set it to 'session'.
#0 /Applications/XAMPP/xamppfiles/htdocs/sikumi/vendor/codeigniter4/shield/src/Authentication/Authenticators/Session.php(88): CodeIgniter\Shield\Authentication\Authenticators\Session->checkSecurityConfig()
#1 /Applications/XAMPP/xamppfiles/htdocs/sikumi/vendor/codeigniter4/shield/src/Authentication/Authentication.php(65): CodeIgniter\Shield\Authentication\Authenticators\Session->__construct(Object(CodeIgniter\Shield\Models\UserModel))
#2 /Applications/XAMPP/xamppfiles/htdocs/sikumi/vendor/codeigniter4/shield/src/Auth.php(93): CodeIgniter\Shield\Authentication\Authentication->factory('session')
#3 /Applications/XAMPP/xamppfiles/htdocs/sikumi/vendor/codeigniter4/shield/src/Collectors/Auth.php(68): CodeIgniter\Shield\Auth->getAuthenticator()
#4 /Applications/XAMPP/xamppfiles/htdocs/sikumi/vendor/codeigniter4/framework/system/Debug/Toolbar/Collectors/BaseCollector.php(227): CodeIgniter\Shield\Collectors\Auth->getTitleDetails()
#5 /Applications/XAMPP/xamppfiles/htdocs/sikumi/vendor/codeigniter4/framework/system/Debug/Toolbar.php(95): CodeIgniter\Debug\Toolbar\Collectors\BaseCollector->getAsArray()
#6 /Applications/XAMPP/xamppfiles/htdocs/sikumi/vendor/codeigniter4/framework/system/Debug/Toolbar.php(392): CodeIgniter\Debug\Toolbar->run(1778896316.3495, 0.0214, Object(CodeIgniter\HTTP\IncomingRequest), Object(CodeIgniter\HTTP\Response))
#7 /Applications/XAMPP/xamppfiles/htdocs/sikumi/vendor/codeigniter4/framework/system/Filters/DebugToolbar.php(44): CodeIgniter\Debug\Toolbar->prepare(Object(CodeIgniter\HTTP\IncomingRequest), Object(CodeIgniter\HTTP\Response))
#8 /Applications/XAMPP/xamppfiles/htdocs/sikumi/vendor/codeigniter4/framework/system/Filters/Filters.php(278): CodeIgniter\Filters\DebugToolbar->after(Object(CodeIgniter\HTTP\IncomingRequest), Object(CodeIgniter\HTTP\Response), NULL)
#9 /Applications/XAMPP/xamppfiles/htdocs/sikumi/vendor/codeigniter4/framework/system/Filters/Filters.php(364): CodeIgniter\Filters\Filters->runAfter(Array)
#10 /Applications/XAMPP/xamppfiles/htdocs/sikumi/vendor/codeigniter4/framework/system/CodeIgniter.php(393): CodeIgniter\Filters\Filters->runRequired('after')
#11 /Applications/XAMPP/xamppfiles/htdocs/sikumi/vendor/codeigniter4/framework/system/CodeIgniter.php(354): CodeIgniter\CodeIgniter->runRequiredAfterFilters(Object(CodeIgniter\Filters\Filters))
#12 /Applications/XAMPP/xamppfiles/htdocs/sikumi/vendor/codeigniter4/framework/system/Boot.php(417): CodeIgniter\CodeIgniter->run()
#13 /Applications/XAMPP/xamppfiles/htdocs/sikumi/vendor/codeigniter4/framework/system/Boot.php(68): CodeIgniter\Boot::runCodeIgniter(Object(CodeIgniter\CodeIgniter))
#14 /Applications/XAMPP/xamppfiles/htdocs/sikumi/public/index.php(59): CodeIgniter\Boot::bootWeb(Object(Config\Paths))
#15 {main}
[Method: GET, Route: /]
in VENDORPATH/symfony/polyfill-intl-icu/NumberFormatter.php on line 603.
 1 [internal function]: CodeIgniter\Debug\Exceptions->shutdownHandler()
CRITICAL - 2026-05-16 01:52:03 --> CodeIgniter\Shield\Exceptions\SecurityException: Config\Security::$csrfProtection is set to 'cookie'. Same-site attackers may bypass the CSRF protection. Please set it to 'session'.
[Method: GET, Route: /]
in VENDORPATH/codeigniter4/shield/src/Authentication/Authenticators/Session.php on line 100.
 1 VENDORPATH/codeigniter4/shield/src/Authentication/Authenticators/Session.php(88): CodeIgniter\Shield\Authentication\Authenticators\Session->checkSecurityConfig()
 2 VENDORPATH/codeigniter4/shield/src/Authentication/Authentication.php(65): CodeIgniter\Shield\Authentication\Authenticators\Session->__construct(Object(CodeIgniter\Shield\Models\UserModel))
 3 VENDORPATH/codeigniter4/shield/src/Auth.php(93): CodeIgniter\Shield\Authentication\Authentication->factory('session')
 4 VENDORPATH/codeigniter4/shield/src/Collectors/Auth.php(68): CodeIgniter\Shield\Auth->getAuthenticator()
 5 SYSTEMPATH/Debug/Toolbar/Collectors/BaseCollector.php(227): CodeIgniter\Shield\Collectors\Auth->getTitleDetails()
 6 SYSTEMPATH/Debug/Toolbar.php(95): CodeIgniter\Debug\Toolbar\Collectors\BaseCollector->getAsArray()
 7 SYSTEMPATH/Debug/Toolbar.php(392): CodeIgniter\Debug\Toolbar->run(1778896323.326467037200927734375, 0.0212000000000000000943689570931383059360086917877197265625, Object(CodeIgniter\HTTP\IncomingRequest), Object(CodeIgniter\HTTP\Response))
 8 SYSTEMPATH/Filters/DebugToolbar.php(44): CodeIgniter\Debug\Toolbar->prepare(Object(CodeIgniter\HTTP\IncomingRequest), Object(CodeIgniter\HTTP\Response))
 9 SYSTEMPATH/Filters/Filters.php(278): CodeIgniter\Filters\DebugToolbar->after(Object(CodeIgniter\HTTP\IncomingRequest), Object(CodeIgniter\HTTP\Response), null)
10 SYSTEMPATH/Filters/Filters.php(364): CodeIgniter\Filters\Filters->runAfter([...])
11 SYSTEMPATH/CodeIgniter.php(393): CodeIgniter\Filters\Filters->runRequired('after')
12 SYSTEMPATH/CodeIgniter.php(354): CodeIgniter\CodeIgniter->runRequiredAfterFilters(Object(CodeIgniter\Filters\Filters))
13 SYSTEMPATH/Boot.php(417): CodeIgniter\CodeIgniter->run()
14 SYSTEMPATH/Boot.php(68): CodeIgniter\Boot::runCodeIgniter(Object(CodeIgniter\CodeIgniter))
15 FCPATH/index.php(59): CodeIgniter\Boot::bootWeb(Object(Config\Paths))
CRITICAL - 2026-05-16 01:52:03 --> ErrorException: Uncaught Symfony\Polyfill\Intl\Icu\Exception\MethodNotImplementedException: The Symfony\Polyfill\Intl\Icu\NumberFormatter::setPattern() is not implemented. Please install the "intl" extension for full localization capabilities. in /Applications/XAMPP/xamppfiles/htdocs/sikumi/vendor/symfony/polyfill-intl-icu/NumberFormatter.php:603
Stack trace:
#0 /Applications/XAMPP/xamppfiles/htdocs/sikumi/vendor/codeigniter4/framework/system/Helpers/number_helper.php(158): Symfony\Polyfill\Intl\Icu\NumberFormatter->setPattern('#,##0.##')
#1 /Applications/XAMPP/xamppfiles/htdocs/sikumi/vendor/codeigniter4/framework/system/Helpers/number_helper.php(60): format_number(8.0, 2, 'en', Array)
#2 /Applications/XAMPP/xamppfiles/htdocs/sikumi/vendor/codeigniter4/framework/system/Debug/BaseExceptionHandler.php(158): number_to_size(8.0, 2)
#3 /Applications/XAMPP/xamppfiles/htdocs/sikumi/app/Views/errors/html/error_exception.php(408): CodeIgniter\Debug\BaseExceptionHandler::describeMemory(8388608)
#4 /Applications/XAMPP/xamppfiles/htdocs/sikumi/vendor/codeigniter4/framework/system/Debug/BaseExceptionHandler.php(270): include('/Applications/X...')
#5 /Applications/XAMPP/xamppfiles/htdocs/sikumi/vendor/codeigniter4/framework/system/Debug/BaseExceptionHandler.php(273): CodeIgniter\Debug\BaseExceptionHandler->CodeIgniter\Debug\{closure}()
#6 /Applications/XAMPP/xamppfiles/htdocs/sikumi/vendor/codeigniter4/framework/system/Debug/ExceptionHandler.php(126): CodeIgniter\Debug\BaseExceptionHandler->render(Object(CodeIgniter\Shield\Exceptions\SecurityException), 500, '/Applications/X...')
#7 /Applications/XAMPP/xamppfiles/htdocs/sikumi/vendor/codeigniter4/framework/system/Debug/Exceptions.php(151): CodeIgniter\Debug\ExceptionHandler->handle(Object(CodeIgniter\Shield\Exceptions\SecurityException), Object(CodeIgniter\HTTP\IncomingRequest), Object(CodeIgniter\HTTP\Response), 500, 1)
#8 [internal function]: CodeIgniter\Debug\Exceptions->exceptionHandler(Object(CodeIgniter\Shield\Exceptions\SecurityException))
#9 {main}
  thrown
【Previous Exception】
CodeIgniter\Shield\Exceptions\SecurityException
Config\Security::$csrfProtection is set to 'cookie'. Same-site attackers may bypass the CSRF protection. Please set it to 'session'.
#0 /Applications/XAMPP/xamppfiles/htdocs/sikumi/vendor/codeigniter4/shield/src/Authentication/Authenticators/Session.php(88): CodeIgniter\Shield\Authentication\Authenticators\Session->checkSecurityConfig()
#1 /Applications/XAMPP/xamppfiles/htdocs/sikumi/vendor/codeigniter4/shield/src/Authentication/Authentication.php(65): CodeIgniter\Shield\Authentication\Authenticators\Session->__construct(Object(CodeIgniter\Shield\Models\UserModel))
#2 /Applications/XAMPP/xamppfiles/htdocs/sikumi/vendor/codeigniter4/shield/src/Auth.php(93): CodeIgniter\Shield\Authentication\Authentication->factory('session')
#3 /Applications/XAMPP/xamppfiles/htdocs/sikumi/vendor/codeigniter4/shield/src/Collectors/Auth.php(68): CodeIgniter\Shield\Auth->getAuthenticator()
#4 /Applications/XAMPP/xamppfiles/htdocs/sikumi/vendor/codeigniter4/framework/system/Debug/Toolbar/Collectors/BaseCollector.php(227): CodeIgniter\Shield\Collectors\Auth->getTitleDetails()
#5 /Applications/XAMPP/xamppfiles/htdocs/sikumi/vendor/codeigniter4/framework/system/Debug/Toolbar.php(95): CodeIgniter\Debug\Toolbar\Collectors\BaseCollector->getAsArray()
#6 /Applications/XAMPP/xamppfiles/htdocs/sikumi/vendor/codeigniter4/framework/system/Debug/Toolbar.php(392): CodeIgniter\Debug\Toolbar->run(1778896323.3265, 0.0212, Object(CodeIgniter\HTTP\IncomingRequest), Object(CodeIgniter\HTTP\Response))
#7 /Applications/XAMPP/xamppfiles/htdocs/sikumi/vendor/codeigniter4/framework/system/Filters/DebugToolbar.php(44): CodeIgniter\Debug\Toolbar->prepare(Object(CodeIgniter\HTTP\IncomingRequest), Object(CodeIgniter\HTTP\Response))
#8 /Applications/XAMPP/xamppfiles/htdocs/sikumi/vendor/codeigniter4/framework/system/Filters/Filters.php(278): CodeIgniter\Filters\DebugToolbar->after(Object(CodeIgniter\HTTP\IncomingRequest), Object(CodeIgniter\HTTP\Response), NULL)
#9 /Applications/XAMPP/xamppfiles/htdocs/sikumi/vendor/codeigniter4/framework/system/Filters/Filters.php(364): CodeIgniter\Filters\Filters->runAfter(Array)
#10 /Applications/XAMPP/xamppfiles/htdocs/sikumi/vendor/codeigniter4/framework/system/CodeIgniter.php(393): CodeIgniter\Filters\Filters->runRequired('after')
#11 /Applications/XAMPP/xamppfiles/htdocs/sikumi/vendor/codeigniter4/framework/system/CodeIgniter.php(354): CodeIgniter\CodeIgniter->runRequiredAfterFilters(Object(CodeIgniter\Filters\Filters))
#12 /Applications/XAMPP/xamppfiles/htdocs/sikumi/vendor/codeigniter4/framework/system/Boot.php(417): CodeIgniter\CodeIgniter->run()
#13 /Applications/XAMPP/xamppfiles/htdocs/sikumi/vendor/codeigniter4/framework/system/Boot.php(68): CodeIgniter\Boot::runCodeIgniter(Object(CodeIgniter\CodeIgniter))
#14 /Applications/XAMPP/xamppfiles/htdocs/sikumi/public/index.php(59): CodeIgniter\Boot::bootWeb(Object(Config\Paths))
#15 {main}
[Method: GET, Route: /]
in VENDORPATH/symfony/polyfill-intl-icu/NumberFormatter.php on line 603.
 1 [internal function]: CodeIgniter\Debug\Exceptions->shutdownHandler()
CRITICAL - 2026-05-16 01:52:04 --> CodeIgniter\Shield\Exceptions\SecurityException: Config\Security::$csrfProtection is set to 'cookie'. Same-site attackers may bypass the CSRF protection. Please set it to 'session'.
[Method: GET, Route: /]
in VENDORPATH/codeigniter4/shield/src/Authentication/Authenticators/Session.php on line 100.
 1 VENDORPATH/codeigniter4/shield/src/Authentication/Authenticators/Session.php(88): CodeIgniter\Shield\Authentication\Authenticators\Session->checkSecurityConfig()
 2 VENDORPATH/codeigniter4/shield/src/Authentication/Authentication.php(65): CodeIgniter\Shield\Authentication\Authenticators\Session->__construct(Object(CodeIgniter\Shield\Models\UserModel))
 3 VENDORPATH/codeigniter4/shield/src/Auth.php(93): CodeIgniter\Shield\Authentication\Authentication->factory('session')
 4 VENDORPATH/codeigniter4/shield/src/Collectors/Auth.php(68): CodeIgniter\Shield\Auth->getAuthenticator()
 5 SYSTEMPATH/Debug/Toolbar/Collectors/BaseCollector.php(227): CodeIgniter\Shield\Collectors\Auth->getTitleDetails()
 6 SYSTEMPATH/Debug/Toolbar.php(95): CodeIgniter\Debug\Toolbar\Collectors\BaseCollector->getAsArray()
 7 SYSTEMPATH/Debug/Toolbar.php(392): CodeIgniter\Debug\Toolbar->run(1778896324.27606201171875, 0.0210000000000000013045120539345589349977672100067138671875, Object(CodeIgniter\HTTP\IncomingRequest), Object(CodeIgniter\HTTP\Response))
 8 SYSTEMPATH/Filters/DebugToolbar.php(44): CodeIgniter\Debug\Toolbar->prepare(Object(CodeIgniter\HTTP\IncomingRequest), Object(CodeIgniter\HTTP\Response))
 9 SYSTEMPATH/Filters/Filters.php(278): CodeIgniter\Filters\DebugToolbar->after(Object(CodeIgniter\HTTP\IncomingRequest), Object(CodeIgniter\HTTP\Response), null)
10 SYSTEMPATH/Filters/Filters.php(364): CodeIgniter\Filters\Filters->runAfter([...])
11 SYSTEMPATH/CodeIgniter.php(393): CodeIgniter\Filters\Filters->runRequired('after')
12 SYSTEMPATH/CodeIgniter.php(354): CodeIgniter\CodeIgniter->runRequiredAfterFilters(Object(CodeIgniter\Filters\Filters))
13 SYSTEMPATH/Boot.php(417): CodeIgniter\CodeIgniter->run()
14 SYSTEMPATH/Boot.php(68): CodeIgniter\Boot::runCodeIgniter(Object(CodeIgniter\CodeIgniter))
15 FCPATH/index.php(59): CodeIgniter\Boot::bootWeb(Object(Config\Paths))
CRITICAL - 2026-05-16 01:52:04 --> ErrorException: Uncaught Symfony\Polyfill\Intl\Icu\Exception\MethodNotImplementedException: The Symfony\Polyfill\Intl\Icu\NumberFormatter::setPattern() is not implemented. Please install the "intl" extension for full localization capabilities. in /Applications/XAMPP/xamppfiles/htdocs/sikumi/vendor/symfony/polyfill-intl-icu/NumberFormatter.php:603
Stack trace:
#0 /Applications/XAMPP/xamppfiles/htdocs/sikumi/vendor/codeigniter4/framework/system/Helpers/number_helper.php(158): Symfony\Polyfill\Intl\Icu\NumberFormatter->setPattern('#,##0.##')
#1 /Applications/XAMPP/xamppfiles/htdocs/sikumi/vendor/codeigniter4/framework/system/Helpers/number_helper.php(60): format_number(8.0, 2, 'en', Array)
#2 /Applications/XAMPP/xamppfiles/htdocs/sikumi/vendor/codeigniter4/framework/system/Debug/BaseExceptionHandler.php(158): number_to_size(8.0, 2)
#3 /Applications/XAMPP/xamppfiles/htdocs/sikumi/app/Views/errors/html/error_exception.php(408): CodeIgniter\Debug\BaseExceptionHandler::describeMemory(8388608)
#4 /Applications/XAMPP/xamppfiles/htdocs/sikumi/vendor/codeigniter4/framework/system/Debug/BaseExceptionHandler.php(270): include('/Applications/X...')
#5 /Applications/XAMPP/xamppfiles/htdocs/sikumi/vendor/codeigniter4/framework/system/Debug/BaseExceptionHandler.php(273): CodeIgniter\Debug\BaseExceptionHandler->CodeIgniter\Debug\{closure}()
#6 /Applications/XAMPP/xamppfiles/htdocs/sikumi/vendor/codeigniter4/framework/system/Debug/ExceptionHandler.php(126): CodeIgniter\Debug\BaseExceptionHandler->render(Object(CodeIgniter\Shield\Exceptions\SecurityException), 500, '/Applications/X...')
#7 /Applications/XAMPP/xamppfiles/htdocs/sikumi/vendor/codeigniter4/framework/system/Debug/Exceptions.php(151): CodeIgniter\Debug\ExceptionHandler->handle(Object(CodeIgniter\Shield\Exceptions\SecurityException), Object(CodeIgniter\HTTP\IncomingRequest), Object(CodeIgniter\HTTP\Response), 500, 1)
#8 [internal function]: CodeIgniter\Debug\Exceptions->exceptionHandler(Object(CodeIgniter\Shield\Exceptions\SecurityException))
#9 {main}
  thrown
【Previous Exception】
CodeIgniter\Shield\Exceptions\SecurityException
Config\Security::$csrfProtection is set to 'cookie'. Same-site attackers may bypass the CSRF protection. Please set it to 'session'.
#0 /Applications/XAMPP/xamppfiles/htdocs/sikumi/vendor/codeigniter4/shield/src/Authentication/Authenticators/Session.php(88): CodeIgniter\Shield\Authentication\Authenticators\Session->checkSecurityConfig()
#1 /Applications/XAMPP/xamppfiles/htdocs/sikumi/vendor/codeigniter4/shield/src/Authentication/Authentication.php(65): CodeIgniter\Shield\Authentication\Authenticators\Session->__construct(Object(CodeIgniter\Shield\Models\UserModel))
#2 /Applications/XAMPP/xamppfiles/htdocs/sikumi/vendor/codeigniter4/shield/src/Auth.php(93): CodeIgniter\Shield\Authentication\Authentication->factory('session')
#3 /Applications/XAMPP/xamppfiles/htdocs/sikumi/vendor/codeigniter4/shield/src/Collectors/Auth.php(68): CodeIgniter\Shield\Auth->getAuthenticator()
#4 /Applications/XAMPP/xamppfiles/htdocs/sikumi/vendor/codeigniter4/framework/system/Debug/Toolbar/Collectors/BaseCollector.php(227): CodeIgniter\Shield\Collectors\Auth->getTitleDetails()
#5 /Applications/XAMPP/xamppfiles/htdocs/sikumi/vendor/codeigniter4/framework/system/Debug/Toolbar.php(95): CodeIgniter\Debug\Toolbar\Collectors\BaseCollector->getAsArray()
#6 /Applications/XAMPP/xamppfiles/htdocs/sikumi/vendor/codeigniter4/framework/system/Debug/Toolbar.php(392): CodeIgniter\Debug\Toolbar->run(1778896324.2761, 0.021, Object(CodeIgniter\HTTP\IncomingRequest), Object(CodeIgniter\HTTP\Response))
#7 /Applications/XAMPP/xamppfiles/htdocs/sikumi/vendor/codeigniter4/framework/system/Filters/DebugToolbar.php(44): CodeIgniter\Debug\Toolbar->prepare(Object(CodeIgniter\HTTP\IncomingRequest), Object(CodeIgniter\HTTP\Response))
#8 /Applications/XAMPP/xamppfiles/htdocs/sikumi/vendor/codeigniter4/framework/system/Filters/Filters.php(278): CodeIgniter\Filters\DebugToolbar->after(Object(CodeIgniter\HTTP\IncomingRequest), Object(CodeIgniter\HTTP\Response), NULL)
#9 /Applications/XAMPP/xamppfiles/htdocs/sikumi/vendor/codeigniter4/framework/system/Filters/Filters.php(364): CodeIgniter\Filters\Filters->runAfter(Array)
#10 /Applications/XAMPP/xamppfiles/htdocs/sikumi/vendor/codeigniter4/framework/system/CodeIgniter.php(393): CodeIgniter\Filters\Filters->runRequired('after')
#11 /Applications/XAMPP/xamppfiles/htdocs/sikumi/vendor/codeigniter4/framework/system/CodeIgniter.php(354): CodeIgniter\CodeIgniter->runRequiredAfterFilters(Object(CodeIgniter\Filters\Filters))
#12 /Applications/XAMPP/xamppfiles/htdocs/sikumi/vendor/codeigniter4/framework/system/Boot.php(417): CodeIgniter\CodeIgniter->run()
#13 /Applications/XAMPP/xamppfiles/htdocs/sikumi/vendor/codeigniter4/framework/system/Boot.php(68): CodeIgniter\Boot::runCodeIgniter(Object(CodeIgniter\CodeIgniter))
#14 /Applications/XAMPP/xamppfiles/htdocs/sikumi/public/index.php(59): CodeIgniter\Boot::bootWeb(Object(Config\Paths))
#15 {main}
[Method: GET, Route: /]
in VENDORPATH/symfony/polyfill-intl-icu/NumberFormatter.php on line 603.
 1 [internal function]: CodeIgniter\Debug\Exceptions->shutdownHandler()
CRITICAL - 2026-05-16 02:25:29 --> Error: Call to undefined function CodeIgniter\Shield\Authentication\Authenticators\setting()
[Method: GET, Route: /]
in VENDORPATH/codeigniter4/shield/src/Authentication/Authenticators/Session.php on line 682.
 1 VENDORPATH/codeigniter4/shield/src/Authentication/Authenticators/Session.php(700): CodeIgniter\Shield\Authentication\Authenticators\Session->getSessionUserInfo()
 2 VENDORPATH/codeigniter4/shield/src/Authentication/Authenticators/Session.php(387): CodeIgniter\Shield\Authentication\Authenticators\Session->getSessionUserKey('id')
 3 VENDORPATH/codeigniter4/shield/src/Authentication/Authenticators/Session.php(371): CodeIgniter\Shield\Authentication\Authenticators\Session->checkUserState()
 4 VENDORPATH/codeigniter4/shield/src/Auth.php(189): CodeIgniter\Shield\Authentication\Authenticators\Session->loggedIn()
 5 VENDORPATH/codeigniter4/shield/src/Collectors/Auth.php(76): CodeIgniter\Shield\Auth->__call('loggedIn', [])
 6 SYSTEMPATH/Debug/Toolbar/Collectors/BaseCollector.php(228): CodeIgniter\Shield\Collectors\Auth->display()
 7 SYSTEMPATH/Debug/Toolbar.php(95): CodeIgniter\Debug\Toolbar\Collectors\BaseCollector->getAsArray()
 8 SYSTEMPATH/Debug/Toolbar.php(392): CodeIgniter\Debug\Toolbar->run(1778898329.0537779331207275390625, 0.026900000000000000299760216648792265914380550384521484375, Object(CodeIgniter\HTTP\IncomingRequest), Object(CodeIgniter\HTTP\Response))
 9 SYSTEMPATH/Filters/DebugToolbar.php(44): CodeIgniter\Debug\Toolbar->prepare(Object(CodeIgniter\HTTP\IncomingRequest), Object(CodeIgniter\HTTP\Response))
10 SYSTEMPATH/Filters/Filters.php(278): CodeIgniter\Filters\DebugToolbar->after(Object(CodeIgniter\HTTP\IncomingRequest), Object(CodeIgniter\HTTP\Response), null)
11 SYSTEMPATH/Filters/Filters.php(364): CodeIgniter\Filters\Filters->runAfter([...])
12 SYSTEMPATH/CodeIgniter.php(393): CodeIgniter\Filters\Filters->runRequired('after')
13 SYSTEMPATH/CodeIgniter.php(354): CodeIgniter\CodeIgniter->runRequiredAfterFilters(Object(CodeIgniter\Filters\Filters))
14 SYSTEMPATH/Boot.php(417): CodeIgniter\CodeIgniter->run()
15 SYSTEMPATH/Boot.php(68): CodeIgniter\Boot::runCodeIgniter(Object(CodeIgniter\CodeIgniter))
16 FCPATH/index.php(59): CodeIgniter\Boot::bootWeb(Object(Config\Paths))
CRITICAL - 2026-05-16 02:25:29 --> ErrorException: Uncaught Symfony\Polyfill\Intl\Icu\Exception\MethodNotImplementedException: The Symfony\Polyfill\Intl\Icu\NumberFormatter::setPattern() is not implemented. Please install the "intl" extension for full localization capabilities. in /Applications/XAMPP/xamppfiles/htdocs/sikumi/vendor/symfony/polyfill-intl-icu/NumberFormatter.php:603
Stack trace:
#0 /Applications/XAMPP/xamppfiles/htdocs/sikumi/vendor/codeigniter4/framework/system/Helpers/number_helper.php(158): Symfony\Polyfill\Intl\Icu\NumberFormatter->setPattern('#,##0.##')
#1 /Applications/XAMPP/xamppfiles/htdocs/sikumi/vendor/codeigniter4/framework/system/Helpers/number_helper.php(60): format_number(8.0, 2, 'en', Array)
#2 /Applications/XAMPP/xamppfiles/htdocs/sikumi/vendor/codeigniter4/framework/system/Debug/BaseExceptionHandler.php(158): number_to_size(8.0, 2)
#3 /Applications/XAMPP/xamppfiles/htdocs/sikumi/app/Views/errors/html/error_exception.php(408): CodeIgniter\Debug\BaseExceptionHandler::describeMemory(8388608)
#4 /Applications/XAMPP/xamppfiles/htdocs/sikumi/vendor/codeigniter4/framework/system/Debug/BaseExceptionHandler.php(270): include('/Applications/X...')
#5 /Applications/XAMPP/xamppfiles/htdocs/sikumi/vendor/codeigniter4/framework/system/Debug/BaseExceptionHandler.php(273): CodeIgniter\Debug\BaseExceptionHandler->CodeIgniter\Debug\{closure}()
#6 /Applications/XAMPP/xamppfiles/htdocs/sikumi/vendor/codeigniter4/framework/system/Debug/ExceptionHandler.php(126): CodeIgniter\Debug\BaseExceptionHandler->render(Object(Error), 500, '/Applications/X...')
#7 /Applications/XAMPP/xamppfiles/htdocs/sikumi/vendor/codeigniter4/framework/system/Debug/Exceptions.php(151): CodeIgniter\Debug\ExceptionHandler->handle(Object(Error), Object(CodeIgniter\HTTP\IncomingRequest), Object(CodeIgniter\HTTP\Response), 500, 1)
#8 [internal function]: CodeIgniter\Debug\Exceptions->exceptionHandler(Object(Error))
#9 {main}
  thrown
【Previous Exception】
Error
Call to undefined function CodeIgniter\Shield\Authentication\Authenticators\setting()
#0 /Applications/XAMPP/xamppfiles/htdocs/sikumi/vendor/codeigniter4/shield/src/Authentication/Authenticators/Session.php(700): CodeIgniter\Shield\Authentication\Authenticators\Session->getSessionUserInfo()
#1 /Applications/XAMPP/xamppfiles/htdocs/sikumi/vendor/codeigniter4/shield/src/Authentication/Authenticators/Session.php(387): CodeIgniter\Shield\Authentication\Authenticators\Session->getSessionUserKey('id')
#2 /Applications/XAMPP/xamppfiles/htdocs/sikumi/vendor/codeigniter4/shield/src/Authentication/Authenticators/Session.php(371): CodeIgniter\Shield\Authentication\Authenticators\Session->checkUserState()
#3 /Applications/XAMPP/xamppfiles/htdocs/sikumi/vendor/codeigniter4/shield/src/Auth.php(189): CodeIgniter\Shield\Authentication\Authenticators\Session->loggedIn()
#4 /Applications/XAMPP/xamppfiles/htdocs/sikumi/vendor/codeigniter4/shield/src/Collectors/Auth.php(76): CodeIgniter\Shield\Auth->__call('loggedIn', Array)
#5 /Applications/XAMPP/xamppfiles/htdocs/sikumi/vendor/codeigniter4/framework/system/Debug/Toolbar/Collectors/BaseCollector.php(228): CodeIgniter\Shield\Collectors\Auth->display()
#6 /Applications/XAMPP/xamppfiles/htdocs/sikumi/vendor/codeigniter4/framework/system/Debug/Toolbar.php(95): CodeIgniter\Debug\Toolbar\Collectors\BaseCollector->getAsArray()
#7 /Applications/XAMPP/xamppfiles/htdocs/sikumi/vendor/codeigniter4/framework/system/Debug/Toolbar.php(392): CodeIgniter\Debug\Toolbar->run(1778898329.0538, 0.0269, Object(CodeIgniter\HTTP\IncomingRequest), Object(CodeIgniter\HTTP\Response))
#8 /Applications/XAMPP/xamppfiles/htdocs/sikumi/vendor/codeigniter4/framework/system/Filters/DebugToolbar.php(44): CodeIgniter\Debug\Toolbar->prepare(Object(CodeIgniter\HTTP\IncomingRequest), Object(CodeIgniter\HTTP\Response))
#9 /Applications/XAMPP/xamppfiles/htdocs/sikumi/vendor/codeigniter4/framework/system/Filters/Filters.php(278): CodeIgniter\Filters\DebugToolbar->after(Object(CodeIgniter\HTTP\IncomingRequest), Object(CodeIgniter\HTTP\Response), NULL)
#10 /Applications/XAMPP/xamppfiles/htdocs/sikumi/vendor/codeigniter4/framework/system/Filters/Filters.php(364): CodeIgniter\Filters\Filters->runAfter(Array)
#11 /Applications/XAMPP/xamppfiles/htdocs/sikumi/vendor/codeigniter4/framework/system/CodeIgniter.php(393): CodeIgniter\Filters\Filters->runRequired('after')
#12 /Applications/XAMPP/xamppfiles/htdocs/sikumi/vendor/codeigniter4/framework/system/CodeIgniter.php(354): CodeIgniter\CodeIgniter->runRequiredAfterFilters(Object(CodeIgniter\Filters\Filters))
#13 /Applications/XAMPP/xamppfiles/htdocs/sikumi/vendor/codeigniter4/framework/system/Boot.php(417): CodeIgniter\CodeIgniter->run()
#14 /Applications/XAMPP/xamppfiles/htdocs/sikumi/vendor/codeigniter4/framework/system/Boot.php(68): CodeIgniter\Boot::runCodeIgniter(Object(CodeIgniter\CodeIgniter))
#15 /Applications/XAMPP/xamppfiles/htdocs/sikumi/public/index.php(59): CodeIgniter\Boot::bootWeb(Object(Config\Paths))
#16 {main}
[Method: GET, Route: /]
in VENDORPATH/symfony/polyfill-intl-icu/NumberFormatter.php on line 603.
 1 [internal function]: CodeIgniter\Debug\Exceptions->shutdownHandler()
DEBUG - 2026-05-16 02:26:47 --> Session: Class initialized using 'CodeIgniter\Session\Handlers\FileHandler' driver.
DEBUG - 2026-05-16 03:59:29 --> Session: Class initialized using 'CodeIgniter\Session\Handlers\FileHandler' driver.
DEBUG - 2026-05-16 03:59:29 --> Session: Class initialized using 'CodeIgniter\Session\Handlers\FileHandler' driver.
DEBUG - 2026-05-16 03:59:33 --> Session: Class initialized using 'CodeIgniter\Session\Handlers\FileHandler' driver.
DEBUG - 2026-05-16 04:22:03 --> Session: Class initialized using 'CodeIgniter\Session\Handlers\FileHandler' driver.
DEBUG - 2026-05-16 04:22:03 --> Session: Class initialized using 'CodeIgniter\Session\Handlers\FileHandler' driver.
CRITICAL - 2026-05-16 04:25:32 --> ParseError: Unmatched '}'
[Method: GET, Route: register]
in APPPATH/Config/Routes.php on line 23.
 1 SYSTEMPATH/CodeIgniter.php(818): CodeIgniter\Router\RouteCollection->loadRoutes()
 2 SYSTEMPATH/CodeIgniter.php(441): CodeIgniter\CodeIgniter->tryToRouteIt(null)
 3 SYSTEMPATH/CodeIgniter.php(340): CodeIgniter\CodeIgniter->handleRequest(null, Object(Config\Cache), false)
 4 SYSTEMPATH/Boot.php(417): CodeIgniter\CodeIgniter->run()
 5 SYSTEMPATH/Boot.php(68): CodeIgniter\Boot::runCodeIgniter(Object(CodeIgniter\CodeIgniter))
 6 FCPATH/index.php(59): CodeIgniter\Boot::bootWeb(Object(Config\Paths))
CRITICAL - 2026-05-16 04:25:32 --> ErrorException: Uncaught Symfony\Polyfill\Intl\Icu\Exception\MethodNotImplementedException: The Symfony\Polyfill\Intl\Icu\NumberFormatter::setPattern() is not implemented. Please install the "intl" extension for full localization capabilities. in /Applications/XAMPP/xamppfiles/htdocs/sikumi/vendor/symfony/polyfill-intl-icu/NumberFormatter.php:603
Stack trace:
#0 /Applications/XAMPP/xamppfiles/htdocs/sikumi/vendor/codeigniter4/framework/system/Helpers/number_helper.php(158): Symfony\Polyfill\Intl\Icu\NumberFormatter->setPattern('#,##0.##')
#1 /Applications/XAMPP/xamppfiles/htdocs/sikumi/vendor/codeigniter4/framework/system/Helpers/number_helper.php(60): format_number(10.0, 2, 'en', Array)
#2 /Applications/XAMPP/xamppfiles/htdocs/sikumi/vendor/codeigniter4/framework/system/Debug/BaseExceptionHandler.php(158): number_to_size(10.0, 2)
#3 /Applications/XAMPP/xamppfiles/htdocs/sikumi/app/Views/errors/html/error_exception.php(408): CodeIgniter\Debug\BaseExceptionHandler::describeMemory(10485760)
#4 /Applications/XAMPP/xamppfiles/htdocs/sikumi/vendor/codeigniter4/framework/system/Debug/BaseExceptionHandler.php(270): include('/Applications/X...')
#5 /Applications/XAMPP/xamppfiles/htdocs/sikumi/vendor/codeigniter4/framework/system/Debug/BaseExceptionHandler.php(273): CodeIgniter\Debug\BaseExceptionHandler->CodeIgniter\Debug\{closure}()
#6 /Applications/XAMPP/xamppfiles/htdocs/sikumi/vendor/codeigniter4/framework/system/Debug/ExceptionHandler.php(126): CodeIgniter\Debug\BaseExceptionHandler->render(Object(ParseError), 500, '/Applications/X...')
#7 /Applications/XAMPP/xamppfiles/htdocs/sikumi/vendor/codeigniter4/framework/system/Debug/Exceptions.php(151): CodeIgniter\Debug\ExceptionHandler->handle(Object(ParseError), Object(CodeIgniter\HTTP\IncomingRequest), Object(CodeIgniter\HTTP\Response), 500, 1)
#8 [internal function]: CodeIgniter\Debug\Exceptions->exceptionHandler(Object(ParseError))
#9 {main}
  thrown
【Previous Exception】
ParseError
Unmatched '}'
#0 /Applications/XAMPP/xamppfiles/htdocs/sikumi/vendor/codeigniter4/framework/system/CodeIgniter.php(818): CodeIgniter\Router\RouteCollection->loadRoutes()
#1 /Applications/XAMPP/xamppfiles/htdocs/sikumi/vendor/codeigniter4/framework/system/CodeIgniter.php(441): CodeIgniter\CodeIgniter->tryToRouteIt(NULL)
#2 /Applications/XAMPP/xamppfiles/htdocs/sikumi/vendor/codeigniter4/framework/system/CodeIgniter.php(340): CodeIgniter\CodeIgniter->handleRequest(NULL, Object(Config\Cache), false)
#3 /Applications/XAMPP/xamppfiles/htdocs/sikumi/vendor/codeigniter4/framework/system/Boot.php(417): CodeIgniter\CodeIgniter->run()
#4 /Applications/XAMPP/xamppfiles/htdocs/sikumi/vendor/codeigniter4/framework/system/Boot.php(68): CodeIgniter\Boot::runCodeIgniter(Object(CodeIgniter\CodeIgniter))
#5 /Applications/XAMPP/xamppfiles/htdocs/sikumi/public/index.php(59): CodeIgniter\Boot::bootWeb(Object(Config\Paths))
#6 {main}
[Method: GET, Route: register]
in VENDORPATH/symfony/polyfill-intl-icu/NumberFormatter.php on line 603.
 1 [internal function]: CodeIgniter\Debug\Exceptions->shutdownHandler()
DEBUG - 2026-05-16 04:26:18 --> Session: Class initialized using 'CodeIgniter\Session\Handlers\FileHandler' driver.
DEBUG - 2026-05-16 04:27:45 --> Session: Class initialized using 'CodeIgniter\Session\Handlers\FileHandler' driver.
DEBUG - 2026-05-16 04:27:45 --> Session: Class initialized using 'CodeIgniter\Session\Handlers\FileHandler' driver.
DEBUG - 2026-05-16 04:28:20 --> Session: Class initialized using 'CodeIgniter\Session\Handlers\FileHandler' driver.
CRITICAL - 2026-05-16 04:28:21 --> CodeIgniter\Shield\Exceptions\InvalidArgumentException: {0} is not a valid group.
[Method: POST, Route: register]
in VENDORPATH/codeigniter4/shield/src/Models/UserModel.php on line 311.
 1 VENDORPATH/codeigniter4/shield/src/Controllers/RegisterController.php(123): CodeIgniter\Shield\Models\UserModel->addToDefaultGroup(Object(CodeIgniter\Shield\Entities\User))
 2 SYSTEMPATH/CodeIgniter.php(951): CodeIgniter\Shield\Controllers\RegisterController->registerAction()
 3 SYSTEMPATH/CodeIgniter.php(497): CodeIgniter\CodeIgniter->runController(Object(CodeIgniter\Shield\Controllers\RegisterController))
 4 SYSTEMPATH/CodeIgniter.php(340): CodeIgniter\CodeIgniter->handleRequest(null, Object(Config\Cache), false)
 5 SYSTEMPATH/Boot.php(417): CodeIgniter\CodeIgniter->run()
 6 SYSTEMPATH/Boot.php(68): CodeIgniter\Boot::runCodeIgniter(Object(CodeIgniter\CodeIgniter))
 7 FCPATH/index.php(59): CodeIgniter\Boot::bootWeb(Object(Config\Paths))
CRITICAL - 2026-05-16 04:28:21 --> ErrorException: Uncaught Symfony\Polyfill\Intl\Icu\Exception\MethodNotImplementedException: The Symfony\Polyfill\Intl\Icu\NumberFormatter::setPattern() is not implemented. Please install the "intl" extension for full localization capabilities. in /Applications/XAMPP/xamppfiles/htdocs/sikumi/vendor/symfony/polyfill-intl-icu/NumberFormatter.php:603
Stack trace:
#0 /Applications/XAMPP/xamppfiles/htdocs/sikumi/vendor/codeigniter4/framework/system/Helpers/number_helper.php(158): Symfony\Polyfill\Intl\Icu\NumberFormatter->setPattern('#,##0.##')
#1 /Applications/XAMPP/xamppfiles/htdocs/sikumi/vendor/codeigniter4/framework/system/Helpers/number_helper.php(60): format_number(10.0, 2, 'en', Array)
#2 /Applications/XAMPP/xamppfiles/htdocs/sikumi/vendor/codeigniter4/framework/system/Debug/BaseExceptionHandler.php(158): number_to_size(10.0, 2)
#3 /Applications/XAMPP/xamppfiles/htdocs/sikumi/app/Views/errors/html/error_exception.php(408): CodeIgniter\Debug\BaseExceptionHandler::describeMemory(10485760)
#4 /Applications/XAMPP/xamppfiles/htdocs/sikumi/vendor/codeigniter4/framework/system/Debug/BaseExceptionHandler.php(270): include('/Applications/X...')
#5 /Applications/XAMPP/xamppfiles/htdocs/sikumi/vendor/codeigniter4/framework/system/Debug/BaseExceptionHandler.php(273): CodeIgniter\Debug\BaseExceptionHandler->CodeIgniter\Debug\{closure}()
#6 /Applications/XAMPP/xamppfiles/htdocs/sikumi/vendor/codeigniter4/framework/system/Debug/ExceptionHandler.php(126): CodeIgniter\Debug\BaseExceptionHandler->render(Object(CodeIgniter\Shield\Exceptions\InvalidArgumentException), 500, '/Applications/X...')
#7 /Applications/XAMPP/xamppfiles/htdocs/sikumi/vendor/codeigniter4/framework/system/Debug/Exceptions.php(151): CodeIgniter\Debug\ExceptionHandler->handle(Object(CodeIgniter\Shield\Exceptions\InvalidArgumentException), Object(CodeIgniter\HTTP\IncomingRequest), Object(CodeIgniter\HTTP\Response), 500, 1)
#8 [internal function]: CodeIgniter\Debug\Exceptions->exceptionHandler(Object(CodeIgniter\Shield\Exceptions\InvalidArgumentException))
#9 {main}
  thrown
【Previous Exception】
CodeIgniter\Shield\Exceptions\InvalidArgumentException
{0} is not a valid group.
#0 /Applications/XAMPP/xamppfiles/htdocs/sikumi/vendor/codeigniter4/shield/src/Controllers/RegisterController.php(123): CodeIgniter\Shield\Models\UserModel->addToDefaultGroup(Object(CodeIgniter\Shield\Entities\User))
#1 /Applications/XAMPP/xamppfiles/htdocs/sikumi/vendor/codeigniter4/framework/system/CodeIgniter.php(951): CodeIgniter\Shield\Controllers\RegisterController->registerAction()
#2 /Applications/XAMPP/xamppfiles/htdocs/sikumi/vendor/codeigniter4/framework/system/CodeIgniter.php(497): CodeIgniter\CodeIgniter->runController(Object(CodeIgniter\Shield\Controllers\RegisterController))
#3 /Applications/XAMPP/xamppfiles/htdocs/sikumi/vendor/codeigniter4/framework/system/CodeIgniter.php(340): CodeIgniter\CodeIgniter->handleRequest(NULL, Object(Config\Cache), false)
#4 /Applications/XAMPP/xamppfiles/htdocs/sikumi/vendor/codeigniter4/framework/system/Boot.php(417): CodeIgniter\CodeIgniter->run()
#5 /Applications/XAMPP/xamppfiles/htdocs/sikumi/vendor/codeigniter4/framework/system/Boot.php(68): CodeIgniter\Boot::runCodeIgniter(Object(CodeIgniter\CodeIgniter))
#6 /Applications/XAMPP/xamppfiles/htdocs/sikumi/public/index.php(59): CodeIgniter\Boot::bootWeb(Object(Config\Paths))
#7 {main}
[Method: POST, Route: register]
in VENDORPATH/symfony/polyfill-intl-icu/NumberFormatter.php on line 603.
 1 [internal function]: CodeIgniter\Debug\Exceptions->shutdownHandler()
DEBUG - 2026-05-16 04:31:12 --> Session: Class initialized using 'CodeIgniter\Session\Handlers\FileHandler' driver.
DEBUG - 2026-05-16 04:31:12 --> Session: Class initialized using 'CodeIgniter\Session\Handlers\FileHandler' driver.
DEBUG - 2026-05-16 04:33:10 --> Session: Class initialized using 'CodeIgniter\Session\Handlers\FileHandler' driver.
DEBUG - 2026-05-16 04:34:03 --> Session: Class initialized using 'CodeIgniter\Session\Handlers\FileHandler' driver.
DEBUG - 2026-05-16 04:34:03 --> Session: Class initialized using 'CodeIgniter\Session\Handlers\FileHandler' driver.
DEBUG - 2026-05-16 08:08:08 --> Session: Class initialized using 'CodeIgniter\Session\Handlers\FileHandler' driver.
DEBUG - 2026-05-16 08:08:08 --> Session: Class initialized using 'CodeIgniter\Session\Handlers\FileHandler' driver.
CRITICAL - 2026-05-16 08:08:08 --> CodeIgniter\Router\Exceptions\RouterException: The route for "{0}" cannot be found.
[Method: GET, Route: login]
in SYSTEMPATH/Helpers/url_helper.php on line 513.
 1 SYSTEMPATH/Helpers/url_helper.php(513): CodeIgniter\Router\Exceptions\RouterException::forInvalidRoute('magic-link')
 2 VENDORPATH/codeigniter4/shield/src/Views/login.php(61): url_to('magic-link')
 3 SYSTEMPATH/View/View.php(240): include('/Applications/XAMPP/xamppfiles/htdocs/sikumi/vendor/codeigniter4/shield/src/Views/login.php')
 4 SYSTEMPATH/View/View.php(243): CodeIgniter\View\View->CodeIgniter\View\{closure}()
 5 SYSTEMPATH/Common.php(1250): CodeIgniter\View\View->render('\\CodeIgniter\\Shield\\Views\\login', [], true)
 6 VENDORPATH/codeigniter4/shield/src/Traits/Viewable.php(25): view('\\CodeIgniter\\Shield\\Views\\login', [], [])
 7 VENDORPATH/codeigniter4/shield/src/Controllers/LoginController.php(45): CodeIgniter\Shield\Controllers\LoginController->view('\\CodeIgniter\\Shield\\Views\\login')
 8 SYSTEMPATH/CodeIgniter.php(951): CodeIgniter\Shield\Controllers\LoginController->loginView()
 9 SYSTEMPATH/CodeIgniter.php(497): CodeIgniter\CodeIgniter->runController(Object(CodeIgniter\Shield\Controllers\LoginController))
10 SYSTEMPATH/CodeIgniter.php(340): CodeIgniter\CodeIgniter->handleRequest(null, Object(Config\Cache), false)
11 SYSTEMPATH/Boot.php(417): CodeIgniter\CodeIgniter->run()
12 SYSTEMPATH/Boot.php(68): CodeIgniter\Boot::runCodeIgniter(Object(CodeIgniter\CodeIgniter))
13 FCPATH/index.php(59): CodeIgniter\Boot::bootWeb(Object(Config\Paths))
CRITICAL - 2026-05-16 08:08:08 --> ErrorException: Uncaught Symfony\Polyfill\Intl\Icu\Exception\MethodNotImplementedException: The Symfony\Polyfill\Intl\Icu\NumberFormatter::setPattern() is not implemented. Please install the "intl" extension for full localization capabilities. in /Applications/XAMPP/xamppfiles/htdocs/sikumi/vendor/symfony/polyfill-intl-icu/NumberFormatter.php:603
Stack trace:
#0 /Applications/XAMPP/xamppfiles/htdocs/sikumi/vendor/codeigniter4/framework/system/Helpers/number_helper.php(158): Symfony\Polyfill\Intl\Icu\NumberFormatter->setPattern('#,##0.##')
#1 /Applications/XAMPP/xamppfiles/htdocs/sikumi/vendor/codeigniter4/framework/system/Helpers/number_helper.php(60): format_number(10.0, 2, 'en', Array)
#2 /Applications/XAMPP/xamppfiles/htdocs/sikumi/vendor/codeigniter4/framework/system/Debug/BaseExceptionHandler.php(158): number_to_size(10.0, 2)
#3 /Applications/XAMPP/xamppfiles/htdocs/sikumi/app/Views/errors/html/error_exception.php(408): CodeIgniter\Debug\BaseExceptionHandler::describeMemory(10485760)
#4 /Applications/XAMPP/xamppfiles/htdocs/sikumi/vendor/codeigniter4/framework/system/Debug/BaseExceptionHandler.php(270): include('/Applications/X...')
#5 /Applications/XAMPP/xamppfiles/htdocs/sikumi/vendor/codeigniter4/framework/system/Debug/BaseExceptionHandler.php(273): CodeIgniter\Debug\BaseExceptionHandler->CodeIgniter\Debug\{closure}()
#6 /Applications/XAMPP/xamppfiles/htdocs/sikumi/vendor/codeigniter4/framework/system/Debug/ExceptionHandler.php(126): CodeIgniter\Debug\BaseExceptionHandler->render(Object(CodeIgniter\Router\Exceptions\RouterException), 500, '/Applications/X...')
#7 /Applications/XAMPP/xamppfiles/htdocs/sikumi/vendor/codeigniter4/framework/system/Debug/Exceptions.php(151): CodeIgniter\Debug\ExceptionHandler->handle(Object(CodeIgniter\Router\Exceptions\RouterException), Object(CodeIgniter\HTTP\IncomingRequest), Object(CodeIgniter\HTTP\Response), 500, 1)
#8 [internal function]: CodeIgniter\Debug\Exceptions->exceptionHandler(Object(CodeIgniter\Router\Exceptions\RouterException))
#9 {main}
  thrown
【Previous Exception】
CodeIgniter\Router\Exceptions\RouterException
The route for "{0}" cannot be found.
#0 /Applications/XAMPP/xamppfiles/htdocs/sikumi/vendor/codeigniter4/framework/system/Helpers/url_helper.php(513): CodeIgniter\Router\Exceptions\RouterException::forInvalidRoute('magic-link')
#1 /Applications/XAMPP/xamppfiles/htdocs/sikumi/vendor/codeigniter4/shield/src/Views/login.php(61): url_to('magic-link')
#2 /Applications/XAMPP/xamppfiles/htdocs/sikumi/vendor/codeigniter4/framework/system/View/View.php(240): include('/Applications/X...')
#3 /Applications/XAMPP/xamppfiles/htdocs/sikumi/vendor/codeigniter4/framework/system/View/View.php(243): CodeIgniter\View\View->CodeIgniter\View\{closure}()
#4 /Applications/XAMPP/xamppfiles/htdocs/sikumi/vendor/codeigniter4/framework/system/Common.php(1250): CodeIgniter\View\View->render('\\CodeIgniter\\Sh...', Array, true)
#5 /Applications/XAMPP/xamppfiles/htdocs/sikumi/vendor/codeigniter4/shield/src/Traits/Viewable.php(25): view('\\CodeIgniter\\Sh...', Array, Array)
#6 /Applications/XAMPP/xamppfiles/htdocs/sikumi/vendor/codeigniter4/shield/src/Controllers/LoginController.php(45): CodeIgniter\Shield\Controllers\LoginController->view('\\CodeIgniter\\Sh...')
#7 /Applications/XAMPP/xamppfiles/htdocs/sikumi/vendor/codeigniter4/framework/system/CodeIgniter.php(951): CodeIgniter\Shield\Controllers\LoginController->loginView()
#8 /Applications/XAMPP/xamppfiles/htdocs/sikumi/vendor/codeigniter4/framework/system/CodeIgniter.php(497): CodeIgniter\CodeIgniter->runController(Object(CodeIgniter\Shield\Controllers\LoginController))
#9 /Applications/XAMPP/xamppfiles/htdocs/sikumi/vendor/codeigniter4/framework/system/CodeIgniter.php(340): CodeIgniter\CodeIgniter->handleRequest(NULL, Object(Config\Cache), false)
#10 /Applications/XAMPP/xamppfiles/htdocs/sikumi/vendor/codeigniter4/framework/system/Boot.php(417): CodeIgniter\CodeIgniter->run()
#11 /Applications/XAMPP/xamppfiles/htdocs/sikumi/vendor/codeigniter4/framework/system/Boot.php(68): CodeIgniter\Boot::runCodeIgniter(Object(CodeIgniter\CodeIgniter))
#12 /Applications/XAMPP/xamppfiles/htdocs/sikumi/public/index.php(59): CodeIgniter\Boot::bootWeb(Object(Config\Paths))
#13 {main}
[Method: GET, Route: login]
in VENDORPATH/symfony/polyfill-intl-icu/NumberFormatter.php on line 603.
 1 [internal function]: CodeIgniter\Debug\Exceptions->shutdownHandler()
DEBUG - 2026-05-16 08:09:43 --> Session: Class initialized using 'CodeIgniter\Session\Handlers\FileHandler' driver.
CRITICAL - 2026-05-16 08:09:43 --> CodeIgniter\Router\Exceptions\RouterException: The route for "{0}" cannot be found.
[Method: GET, Route: login]
in SYSTEMPATH/Helpers/url_helper.php on line 513.
 1 SYSTEMPATH/Helpers/url_helper.php(513): CodeIgniter\Router\Exceptions\RouterException::forInvalidRoute('magic-link')
 2 VENDORPATH/codeigniter4/shield/src/Views/login.php(61): url_to('magic-link')
 3 SYSTEMPATH/View/View.php(240): include('/Applications/XAMPP/xamppfiles/htdocs/sikumi/vendor/codeigniter4/shield/src/Views/login.php')
 4 SYSTEMPATH/View/View.php(243): CodeIgniter\View\View->CodeIgniter\View\{closure}()
 5 SYSTEMPATH/Common.php(1250): CodeIgniter\View\View->render('\\CodeIgniter\\Shield\\Views\\login', [], true)
 6 VENDORPATH/codeigniter4/shield/src/Traits/Viewable.php(25): view('\\CodeIgniter\\Shield\\Views\\login', [], [])
 7 VENDORPATH/codeigniter4/shield/src/Controllers/LoginController.php(45): CodeIgniter\Shield\Controllers\LoginController->view('\\CodeIgniter\\Shield\\Views\\login')
 8 SYSTEMPATH/CodeIgniter.php(951): CodeIgniter\Shield\Controllers\LoginController->loginView()
 9 SYSTEMPATH/CodeIgniter.php(497): CodeIgniter\CodeIgniter->runController(Object(CodeIgniter\Shield\Controllers\LoginController))
10 SYSTEMPATH/CodeIgniter.php(340): CodeIgniter\CodeIgniter->handleRequest(null, Object(Config\Cache), false)
11 SYSTEMPATH/Boot.php(417): CodeIgniter\CodeIgniter->run()
12 SYSTEMPATH/Boot.php(68): CodeIgniter\Boot::runCodeIgniter(Object(CodeIgniter\CodeIgniter))
13 FCPATH/index.php(59): CodeIgniter\Boot::bootWeb(Object(Config\Paths))
CRITICAL - 2026-05-16 08:09:43 --> ErrorException: Uncaught Symfony\Polyfill\Intl\Icu\Exception\MethodNotImplementedException: The Symfony\Polyfill\Intl\Icu\NumberFormatter::setPattern() is not implemented. Please install the "intl" extension for full localization capabilities. in /Applications/XAMPP/xamppfiles/htdocs/sikumi/vendor/symfony/polyfill-intl-icu/NumberFormatter.php:603
Stack trace:
#0 /Applications/XAMPP/xamppfiles/htdocs/sikumi/vendor/codeigniter4/framework/system/Helpers/number_helper.php(158): Symfony\Polyfill\Intl\Icu\NumberFormatter->setPattern('#,##0.##')
#1 /Applications/XAMPP/xamppfiles/htdocs/sikumi/vendor/codeigniter4/framework/system/Helpers/number_helper.php(60): format_number(10.0, 2, 'en', Array)
#2 /Applications/XAMPP/xamppfiles/htdocs/sikumi/vendor/codeigniter4/framework/system/Debug/BaseExceptionHandler.php(158): number_to_size(10.0, 2)
#3 /Applications/XAMPP/xamppfiles/htdocs/sikumi/app/Views/errors/html/error_exception.php(408): CodeIgniter\Debug\BaseExceptionHandler::describeMemory(10485760)
#4 /Applications/XAMPP/xamppfiles/htdocs/sikumi/vendor/codeigniter4/framework/system/Debug/BaseExceptionHandler.php(270): include('/Applications/X...')
#5 /Applications/XAMPP/xamppfiles/htdocs/sikumi/vendor/codeigniter4/framework/system/Debug/BaseExceptionHandler.php(273): CodeIgniter\Debug\BaseExceptionHandler->CodeIgniter\Debug\{closure}()
#6 /Applications/XAMPP/xamppfiles/htdocs/sikumi/vendor/codeigniter4/framework/system/Debug/ExceptionHandler.php(126): CodeIgniter\Debug\BaseExceptionHandler->render(Object(CodeIgniter\Router\Exceptions\RouterException), 500, '/Applications/X...')
#7 /Applications/XAMPP/xamppfiles/htdocs/sikumi/vendor/codeigniter4/framework/system/Debug/Exceptions.php(151): CodeIgniter\Debug\ExceptionHandler->handle(Object(CodeIgniter\Router\Exceptions\RouterException), Object(CodeIgniter\HTTP\IncomingRequest), Object(CodeIgniter\HTTP\Response), 500, 1)
#8 [internal function]: CodeIgniter\Debug\Exceptions->exceptionHandler(Object(CodeIgniter\Router\Exceptions\RouterException))
#9 {main}
  thrown
【Previous Exception】
CodeIgniter\Router\Exceptions\RouterException
The route for "{0}" cannot be found.
#0 /Applications/XAMPP/xamppfiles/htdocs/sikumi/vendor/codeigniter4/framework/system/Helpers/url_helper.php(513): CodeIgniter\Router\Exceptions\RouterException::forInvalidRoute('magic-link')
#1 /Applications/XAMPP/xamppfiles/htdocs/sikumi/vendor/codeigniter4/shield/src/Views/login.php(61): url_to('magic-link')
#2 /Applications/XAMPP/xamppfiles/htdocs/sikumi/vendor/codeigniter4/framework/system/View/View.php(240): include('/Applications/X...')
#3 /Applications/XAMPP/xamppfiles/htdocs/sikumi/vendor/codeigniter4/framework/system/View/View.php(243): CodeIgniter\View\View->CodeIgniter\View\{closure}()
#4 /Applications/XAMPP/xamppfiles/htdocs/sikumi/vendor/codeigniter4/framework/system/Common.php(1250): CodeIgniter\View\View->render('\\CodeIgniter\\Sh...', Array, true)
#5 /Applications/XAMPP/xamppfiles/htdocs/sikumi/vendor/codeigniter4/shield/src/Traits/Viewable.php(25): view('\\CodeIgniter\\Sh...', Array, Array)
#6 /Applications/XAMPP/xamppfiles/htdocs/sikumi/vendor/codeigniter4/shield/src/Controllers/LoginController.php(45): CodeIgniter\Shield\Controllers\LoginController->view('\\CodeIgniter\\Sh...')
#7 /Applications/XAMPP/xamppfiles/htdocs/sikumi/vendor/codeigniter4/framework/system/CodeIgniter.php(951): CodeIgniter\Shield\Controllers\LoginController->loginView()
#8 /Applications/XAMPP/xamppfiles/htdocs/sikumi/vendor/codeigniter4/framework/system/CodeIgniter.php(497): CodeIgniter\CodeIgniter->runController(Object(CodeIgniter\Shield\Controllers\LoginController))
#9 /Applications/XAMPP/xamppfiles/htdocs/sikumi/vendor/codeigniter4/framework/system/CodeIgniter.php(340): CodeIgniter\CodeIgniter->handleRequest(NULL, Object(Config\Cache), false)
#10 /Applications/XAMPP/xamppfiles/htdocs/sikumi/vendor/codeigniter4/framework/system/Boot.php(417): CodeIgniter\CodeIgniter->run()
#11 /Applications/XAMPP/xamppfiles/htdocs/sikumi/vendor/codeigniter4/framework/system/Boot.php(68): CodeIgniter\Boot::runCodeIgniter(Object(CodeIgniter\CodeIgniter))
#12 /Applications/XAMPP/xamppfiles/htdocs/sikumi/public/index.php(59): CodeIgniter\Boot::bootWeb(Object(Config\Paths))
#13 {main}
[Method: GET, Route: login]
in VENDORPATH/symfony/polyfill-intl-icu/NumberFormatter.php on line 603.
 1 [internal function]: CodeIgniter\Debug\Exceptions->shutdownHandler()
DEBUG - 2026-05-16 08:09:48 --> Session: Class initialized using 'CodeIgniter\Session\Handlers\FileHandler' driver.
CRITICAL - 2026-05-16 08:09:48 --> CodeIgniter\Router\Exceptions\RouterException: The route for "{0}" cannot be found.
[Method: GET, Route: login]
in SYSTEMPATH/Helpers/url_helper.php on line 513.
 1 SYSTEMPATH/Helpers/url_helper.php(513): CodeIgniter\Router\Exceptions\RouterException::forInvalidRoute('magic-link')
 2 VENDORPATH/codeigniter4/shield/src/Views/login.php(61): url_to('magic-link')
 3 SYSTEMPATH/View/View.php(240): include('/Applications/XAMPP/xamppfiles/htdocs/sikumi/vendor/codeigniter4/shield/src/Views/login.php')
 4 SYSTEMPATH/View/View.php(243): CodeIgniter\View\View->CodeIgniter\View\{closure}()
 5 SYSTEMPATH/Common.php(1250): CodeIgniter\View\View->render('\\CodeIgniter\\Shield\\Views\\login', [], true)
 6 VENDORPATH/codeigniter4/shield/src/Traits/Viewable.php(25): view('\\CodeIgniter\\Shield\\Views\\login', [], [])
 7 VENDORPATH/codeigniter4/shield/src/Controllers/LoginController.php(45): CodeIgniter\Shield\Controllers\LoginController->view('\\CodeIgniter\\Shield\\Views\\login')
 8 SYSTEMPATH/CodeIgniter.php(951): CodeIgniter\Shield\Controllers\LoginController->loginView()
 9 SYSTEMPATH/CodeIgniter.php(497): CodeIgniter\CodeIgniter->runController(Object(CodeIgniter\Shield\Controllers\LoginController))
10 SYSTEMPATH/CodeIgniter.php(340): CodeIgniter\CodeIgniter->handleRequest(null, Object(Config\Cache), false)
11 SYSTEMPATH/Boot.php(417): CodeIgniter\CodeIgniter->run()
12 SYSTEMPATH/Boot.php(68): CodeIgniter\Boot::runCodeIgniter(Object(CodeIgniter\CodeIgniter))
13 FCPATH/index.php(59): CodeIgniter\Boot::bootWeb(Object(Config\Paths))
CRITICAL - 2026-05-16 08:09:48 --> ErrorException: Uncaught Symfony\Polyfill\Intl\Icu\Exception\MethodNotImplementedException: The Symfony\Polyfill\Intl\Icu\NumberFormatter::setPattern() is not implemented. Please install the "intl" extension for full localization capabilities. in /Applications/XAMPP/xamppfiles/htdocs/sikumi/vendor/symfony/polyfill-intl-icu/NumberFormatter.php:603
Stack trace:
#0 /Applications/XAMPP/xamppfiles/htdocs/sikumi/vendor/codeigniter4/framework/system/Helpers/number_helper.php(158): Symfony\Polyfill\Intl\Icu\NumberFormatter->setPattern('#,##0.##')
#1 /Applications/XAMPP/xamppfiles/htdocs/sikumi/vendor/codeigniter4/framework/system/Helpers/number_helper.php(60): format_number(10.0, 2, 'en', Array)
#2 /Applications/XAMPP/xamppfiles/htdocs/sikumi/vendor/codeigniter4/framework/system/Debug/BaseExceptionHandler.php(158): number_to_size(10.0, 2)
#3 /Applications/XAMPP/xamppfiles/htdocs/sikumi/app/Views/errors/html/error_exception.php(408): CodeIgniter\Debug\BaseExceptionHandler::describeMemory(10485760)
#4 /Applications/XAMPP/xamppfiles/htdocs/sikumi/vendor/codeigniter4/framework/system/Debug/BaseExceptionHandler.php(270): include('/Applications/X...')
#5 /Applications/XAMPP/xamppfiles/htdocs/sikumi/vendor/codeigniter4/framework/system/Debug/BaseExceptionHandler.php(273): CodeIgniter\Debug\BaseExceptionHandler->CodeIgniter\Debug\{closure}()
#6 /Applications/XAMPP/xamppfiles/htdocs/sikumi/vendor/codeigniter4/framework/system/Debug/ExceptionHandler.php(126): CodeIgniter\Debug\BaseExceptionHandler->render(Object(CodeIgniter\Router\Exceptions\RouterException), 500, '/Applications/X...')
#7 /Applications/XAMPP/xamppfiles/htdocs/sikumi/vendor/codeigniter4/framework/system/Debug/Exceptions.php(151): CodeIgniter\Debug\ExceptionHandler->handle(Object(CodeIgniter\Router\Exceptions\RouterException), Object(CodeIgniter\HTTP\IncomingRequest), Object(CodeIgniter\HTTP\Response), 500, 1)
#8 [internal function]: CodeIgniter\Debug\Exceptions->exceptionHandler(Object(CodeIgniter\Router\Exceptions\RouterException))
#9 {main}
  thrown
【Previous Exception】
CodeIgniter\Router\Exceptions\RouterException
The route for "{0}" cannot be found.
#0 /Applications/XAMPP/xamppfiles/htdocs/sikumi/vendor/codeigniter4/framework/system/Helpers/url_helper.php(513): CodeIgniter\Router\Exceptions\RouterException::forInvalidRoute('magic-link')
#1 /Applications/XAMPP/xamppfiles/htdocs/sikumi/vendor/codeigniter4/shield/src/Views/login.php(61): url_to('magic-link')
#2 /Applications/XAMPP/xamppfiles/htdocs/sikumi/vendor/codeigniter4/framework/system/View/View.php(240): include('/Applications/X...')
#3 /Applications/XAMPP/xamppfiles/htdocs/sikumi/vendor/codeigniter4/framework/system/View/View.php(243): CodeIgniter\View\View->CodeIgniter\View\{closure}()
#4 /Applications/XAMPP/xamppfiles/htdocs/sikumi/vendor/codeigniter4/framework/system/Common.php(1250): CodeIgniter\View\View->render('\\CodeIgniter\\Sh...', Array, true)
#5 /Applications/XAMPP/xamppfiles/htdocs/sikumi/vendor/codeigniter4/shield/src/Traits/Viewable.php(25): view('\\CodeIgniter\\Sh...', Array, Array)
#6 /Applications/XAMPP/xamppfiles/htdocs/sikumi/vendor/codeigniter4/shield/src/Controllers/LoginController.php(45): CodeIgniter\Shield\Controllers\LoginController->view('\\CodeIgniter\\Sh...')
#7 /Applications/XAMPP/xamppfiles/htdocs/sikumi/vendor/codeigniter4/framework/system/CodeIgniter.php(951): CodeIgniter\Shield\Controllers\LoginController->loginView()
#8 /Applications/XAMPP/xamppfiles/htdocs/sikumi/vendor/codeigniter4/framework/system/CodeIgniter.php(497): CodeIgniter\CodeIgniter->runController(Object(CodeIgniter\Shield\Controllers\LoginController))
#9 /Applications/XAMPP/xamppfiles/htdocs/sikumi/vendor/codeigniter4/framework/system/CodeIgniter.php(340): CodeIgniter\CodeIgniter->handleRequest(NULL, Object(Config\Cache), false)
#10 /Applications/XAMPP/xamppfiles/htdocs/sikumi/vendor/codeigniter4/framework/system/Boot.php(417): CodeIgniter\CodeIgniter->run()
#11 /Applications/XAMPP/xamppfiles/htdocs/sikumi/vendor/codeigniter4/framework/system/Boot.php(68): CodeIgniter\Boot::runCodeIgniter(Object(CodeIgniter\CodeIgniter))
#12 /Applications/XAMPP/xamppfiles/htdocs/sikumi/public/index.php(59): CodeIgniter\Boot::bootWeb(Object(Config\Paths))
#13 {main}
[Method: GET, Route: login]
in VENDORPATH/symfony/polyfill-intl-icu/NumberFormatter.php on line 603.
 1 [internal function]: CodeIgniter\Debug\Exceptions->shutdownHandler()
DEBUG - 2026-05-16 08:11:36 --> Session: Class initialized using 'CodeIgniter\Session\Handlers\FileHandler' driver.
CRITICAL - 2026-05-16 08:11:36 --> CodeIgniter\Router\Exceptions\RouterException: The route for "{0}" cannot be found.
[Method: GET, Route: login]
in SYSTEMPATH/Helpers/url_helper.php on line 513.
 1 SYSTEMPATH/Helpers/url_helper.php(513): CodeIgniter\Router\Exceptions\RouterException::forInvalidRoute('magic-link')
 2 VENDORPATH/codeigniter4/shield/src/Views/login.php(61): url_to('magic-link')
 3 SYSTEMPATH/View/View.php(240): include('/Applications/XAMPP/xamppfiles/htdocs/sikumi/vendor/codeigniter4/shield/src/Views/login.php')
 4 SYSTEMPATH/View/View.php(243): CodeIgniter\View\View->CodeIgniter\View\{closure}()
 5 SYSTEMPATH/Common.php(1250): CodeIgniter\View\View->render('\\CodeIgniter\\Shield\\Views\\login', [], true)
 6 VENDORPATH/codeigniter4/shield/src/Traits/Viewable.php(25): view('\\CodeIgniter\\Shield\\Views\\login', [], [])
 7 VENDORPATH/codeigniter4/shield/src/Controllers/LoginController.php(45): CodeIgniter\Shield\Controllers\LoginController->view('\\CodeIgniter\\Shield\\Views\\login')
 8 SYSTEMPATH/CodeIgniter.php(951): CodeIgniter\Shield\Controllers\LoginController->loginView()
 9 SYSTEMPATH/CodeIgniter.php(497): CodeIgniter\CodeIgniter->runController(Object(CodeIgniter\Shield\Controllers\LoginController))
10 SYSTEMPATH/CodeIgniter.php(340): CodeIgniter\CodeIgniter->handleRequest(null, Object(Config\Cache), false)
11 SYSTEMPATH/Boot.php(417): CodeIgniter\CodeIgniter->run()
12 SYSTEMPATH/Boot.php(68): CodeIgniter\Boot::runCodeIgniter(Object(CodeIgniter\CodeIgniter))
13 FCPATH/index.php(59): CodeIgniter\Boot::bootWeb(Object(Config\Paths))
CRITICAL - 2026-05-16 08:11:36 --> ErrorException: Uncaught Symfony\Polyfill\Intl\Icu\Exception\MethodNotImplementedException: The Symfony\Polyfill\Intl\Icu\NumberFormatter::setPattern() is not implemented. Please install the "intl" extension for full localization capabilities. in /Applications/XAMPP/xamppfiles/htdocs/sikumi/vendor/symfony/polyfill-intl-icu/NumberFormatter.php:603
Stack trace:
#0 /Applications/XAMPP/xamppfiles/htdocs/sikumi/vendor/codeigniter4/framework/system/Helpers/number_helper.php(158): Symfony\Polyfill\Intl\Icu\NumberFormatter->setPattern('#,##0.##')
#1 /Applications/XAMPP/xamppfiles/htdocs/sikumi/vendor/codeigniter4/framework/system/Helpers/number_helper.php(60): format_number(10.0, 2, 'en', Array)
#2 /Applications/XAMPP/xamppfiles/htdocs/sikumi/vendor/codeigniter4/framework/system/Debug/BaseExceptionHandler.php(158): number_to_size(10.0, 2)
#3 /Applications/XAMPP/xamppfiles/htdocs/sikumi/app/Views/errors/html/error_exception.php(408): CodeIgniter\Debug\BaseExceptionHandler::describeMemory(10485760)
#4 /Applications/XAMPP/xamppfiles/htdocs/sikumi/vendor/codeigniter4/framework/system/Debug/BaseExceptionHandler.php(270): include('/Applications/X...')
#5 /Applications/XAMPP/xamppfiles/htdocs/sikumi/vendor/codeigniter4/framework/system/Debug/BaseExceptionHandler.php(273): CodeIgniter\Debug\BaseExceptionHandler->CodeIgniter\Debug\{closure}()
#6 /Applications/XAMPP/xamppfiles/htdocs/sikumi/vendor/codeigniter4/framework/system/Debug/ExceptionHandler.php(126): CodeIgniter\Debug\BaseExceptionHandler->render(Object(CodeIgniter\Router\Exceptions\RouterException), 500, '/Applications/X...')
#7 /Applications/XAMPP/xamppfiles/htdocs/sikumi/vendor/codeigniter4/framework/system/Debug/Exceptions.php(151): CodeIgniter\Debug\ExceptionHandler->handle(Object(CodeIgniter\Router\Exceptions\RouterException), Object(CodeIgniter\HTTP\IncomingRequest), Object(CodeIgniter\HTTP\Response), 500, 1)
#8 [internal function]: CodeIgniter\Debug\Exceptions->exceptionHandler(Object(CodeIgniter\Router\Exceptions\RouterException))
#9 {main}
  thrown
【Previous Exception】
CodeIgniter\Router\Exceptions\RouterException
The route for "{0}" cannot be found.
#0 /Applications/XAMPP/xamppfiles/htdocs/sikumi/vendor/codeigniter4/framework/system/Helpers/url_helper.php(513): CodeIgniter\Router\Exceptions\RouterException::forInvalidRoute('magic-link')
#1 /Applications/XAMPP/xamppfiles/htdocs/sikumi/vendor/codeigniter4/shield/src/Views/login.php(61): url_to('magic-link')
#2 /Applications/XAMPP/xamppfiles/htdocs/sikumi/vendor/codeigniter4/framework/system/View/View.php(240): include('/Applications/X...')
#3 /Applications/XAMPP/xamppfiles/htdocs/sikumi/vendor/codeigniter4/framework/system/View/View.php(243): CodeIgniter\View\View->CodeIgniter\View\{closure}()
#4 /Applications/XAMPP/xamppfiles/htdocs/sikumi/vendor/codeigniter4/framework/system/Common.php(1250): CodeIgniter\View\View->render('\\CodeIgniter\\Sh...', Array, true)
#5 /Applications/XAMPP/xamppfiles/htdocs/sikumi/vendor/codeigniter4/shield/src/Traits/Viewable.php(25): view('\\CodeIgniter\\Sh...', Array, Array)
#6 /Applications/XAMPP/xamppfiles/htdocs/sikumi/vendor/codeigniter4/shield/src/Controllers/LoginController.php(45): CodeIgniter\Shield\Controllers\LoginController->view('\\CodeIgniter\\Sh...')
#7 /Applications/XAMPP/xamppfiles/htdocs/sikumi/vendor/codeigniter4/framework/system/CodeIgniter.php(951): CodeIgniter\Shield\Controllers\LoginController->loginView()
#8 /Applications/XAMPP/xamppfiles/htdocs/sikumi/vendor/codeigniter4/framework/system/CodeIgniter.php(497): CodeIgniter\CodeIgniter->runController(Object(CodeIgniter\Shield\Controllers\LoginController))
#9 /Applications/XAMPP/xamppfiles/htdocs/sikumi/vendor/codeigniter4/framework/system/CodeIgniter.php(340): CodeIgniter\CodeIgniter->handleRequest(NULL, Object(Config\Cache), false)
#10 /Applications/XAMPP/xamppfiles/htdocs/sikumi/vendor/codeigniter4/framework/system/Boot.php(417): CodeIgniter\CodeIgniter->run()
#11 /Applications/XAMPP/xamppfiles/htdocs/sikumi/vendor/codeigniter4/framework/system/Boot.php(68): CodeIgniter\Boot::runCodeIgniter(Object(CodeIgniter\CodeIgniter))
#12 /Applications/XAMPP/xamppfiles/htdocs/sikumi/public/index.php(59): CodeIgniter\Boot::bootWeb(Object(Config\Paths))
#13 {main}
[Method: GET, Route: login]
in VENDORPATH/symfony/polyfill-intl-icu/NumberFormatter.php on line 603.
 1 [internal function]: CodeIgniter\Debug\Exceptions->shutdownHandler()
DEBUG - 2026-05-16 08:14:26 --> Session: Class initialized using 'CodeIgniter\Session\Handlers\FileHandler' driver.
DEBUG - 2026-05-16 08:14:26 --> Session: Class initialized using 'CodeIgniter\Session\Handlers\FileHandler' driver.
CRITICAL - 2026-05-16 08:14:26 --> CodeIgniter\Router\Exceptions\RouterException: The route for "{0}" cannot be found.
[Method: GET, Route: login]
in SYSTEMPATH/Helpers/url_helper.php on line 513.
 1 SYSTEMPATH/Helpers/url_helper.php(513): CodeIgniter\Router\Exceptions\RouterException::forInvalidRoute('magic-link')
 2 VENDORPATH/codeigniter4/shield/src/Views/login.php(61): url_to('magic-link')
 3 SYSTEMPATH/View/View.php(240): include('/Applications/XAMPP/xamppfiles/htdocs/sikumi/vendor/codeigniter4/shield/src/Views/login.php')
 4 SYSTEMPATH/View/View.php(243): CodeIgniter\View\View->CodeIgniter\View\{closure}()
 5 SYSTEMPATH/Common.php(1250): CodeIgniter\View\View->render('\\CodeIgniter\\Shield\\Views\\login', [], true)
 6 VENDORPATH/codeigniter4/shield/src/Traits/Viewable.php(25): view('\\CodeIgniter\\Shield\\Views\\login', [], [])
 7 VENDORPATH/codeigniter4/shield/src/Controllers/LoginController.php(45): CodeIgniter\Shield\Controllers\LoginController->view('\\CodeIgniter\\Shield\\Views\\login')
 8 SYSTEMPATH/CodeIgniter.php(951): CodeIgniter\Shield\Controllers\LoginController->loginView()
 9 SYSTEMPATH/CodeIgniter.php(497): CodeIgniter\CodeIgniter->runController(Object(CodeIgniter\Shield\Controllers\LoginController))
10 SYSTEMPATH/CodeIgniter.php(340): CodeIgniter\CodeIgniter->handleRequest(null, Object(Config\Cache), false)
11 SYSTEMPATH/Boot.php(417): CodeIgniter\CodeIgniter->run()
12 SYSTEMPATH/Boot.php(68): CodeIgniter\Boot::runCodeIgniter(Object(CodeIgniter\CodeIgniter))
13 FCPATH/index.php(59): CodeIgniter\Boot::bootWeb(Object(Config\Paths))
CRITICAL - 2026-05-16 08:14:26 --> ErrorException: Uncaught Symfony\Polyfill\Intl\Icu\Exception\MethodNotImplementedException: The Symfony\Polyfill\Intl\Icu\NumberFormatter::setPattern() is not implemented. Please install the "intl" extension for full localization capabilities. in /Applications/XAMPP/xamppfiles/htdocs/sikumi/vendor/symfony/polyfill-intl-icu/NumberFormatter.php:603
Stack trace:
#0 /Applications/XAMPP/xamppfiles/htdocs/sikumi/vendor/codeigniter4/framework/system/Helpers/number_helper.php(158): Symfony\Polyfill\Intl\Icu\NumberFormatter->setPattern('#,##0.##')
#1 /Applications/XAMPP/xamppfiles/htdocs/sikumi/vendor/codeigniter4/framework/system/Helpers/number_helper.php(60): format_number(12.0, 2, 'en', Array)
#2 /Applications/XAMPP/xamppfiles/htdocs/sikumi/vendor/codeigniter4/framework/system/Debug/BaseExceptionHandler.php(158): number_to_size(12.0, 2)
#3 /Applications/XAMPP/xamppfiles/htdocs/sikumi/app/Views/errors/html/error_exception.php(408): CodeIgniter\Debug\BaseExceptionHandler::describeMemory(12582912)
#4 /Applications/XAMPP/xamppfiles/htdocs/sikumi/vendor/codeigniter4/framework/system/Debug/BaseExceptionHandler.php(270): include('/Applications/X...')
#5 /Applications/XAMPP/xamppfiles/htdocs/sikumi/vendor/codeigniter4/framework/system/Debug/BaseExceptionHandler.php(273): CodeIgniter\Debug\BaseExceptionHandler->CodeIgniter\Debug\{closure}()
#6 /Applications/XAMPP/xamppfiles/htdocs/sikumi/vendor/codeigniter4/framework/system/Debug/ExceptionHandler.php(126): CodeIgniter\Debug\BaseExceptionHandler->render(Object(CodeIgniter\Router\Exceptions\RouterException), 500, '/Applications/X...')
#7 /Applications/XAMPP/xamppfiles/htdocs/sikumi/vendor/codeigniter4/framework/system/Debug/Exceptions.php(151): CodeIgniter\Debug\ExceptionHandler->handle(Object(CodeIgniter\Router\Exceptions\RouterException), Object(CodeIgniter\HTTP\IncomingRequest), Object(CodeIgniter\HTTP\Response), 500, 1)
#8 [internal function]: CodeIgniter\Debug\Exceptions->exceptionHandler(Object(CodeIgniter\Router\Exceptions\RouterException))
#9 {main}
  thrown
【Previous Exception】
CodeIgniter\Router\Exceptions\RouterException
The route for "{0}" cannot be found.
#0 /Applications/XAMPP/xamppfiles/htdocs/sikumi/vendor/codeigniter4/framework/system/Helpers/url_helper.php(513): CodeIgniter\Router\Exceptions\RouterException::forInvalidRoute('magic-link')
#1 /Applications/XAMPP/xamppfiles/htdocs/sikumi/vendor/codeigniter4/shield/src/Views/login.php(61): url_to('magic-link')
#2 /Applications/XAMPP/xamppfiles/htdocs/sikumi/vendor/codeigniter4/framework/system/View/View.php(240): include('/Applications/X...')
#3 /Applications/XAMPP/xamppfiles/htdocs/sikumi/vendor/codeigniter4/framework/system/View/View.php(243): CodeIgniter\View\View->CodeIgniter\View\{closure}()
#4 /Applications/XAMPP/xamppfiles/htdocs/sikumi/vendor/codeigniter4/framework/system/Common.php(1250): CodeIgniter\View\View->render('\\CodeIgniter\\Sh...', Array, true)
#5 /Applications/XAMPP/xamppfiles/htdocs/sikumi/vendor/codeigniter4/shield/src/Traits/Viewable.php(25): view('\\CodeIgniter\\Sh...', Array, Array)
#6 /Applications/XAMPP/xamppfiles/htdocs/sikumi/vendor/codeigniter4/shield/src/Controllers/LoginController.php(45): CodeIgniter\Shield\Controllers\LoginController->view('\\CodeIgniter\\Sh...')
#7 /Applications/XAMPP/xamppfiles/htdocs/sikumi/vendor/codeigniter4/framework/system/CodeIgniter.php(951): CodeIgniter\Shield\Controllers\LoginController->loginView()
#8 /Applications/XAMPP/xamppfiles/htdocs/sikumi/vendor/codeigniter4/framework/system/CodeIgniter.php(497): CodeIgniter\CodeIgniter->runController(Object(CodeIgniter\Shield\Controllers\LoginController))
#9 /Applications/XAMPP/xamppfiles/htdocs/sikumi/vendor/codeigniter4/framework/system/CodeIgniter.php(340): CodeIgniter\CodeIgniter->handleRequest(NULL, Object(Config\Cache), false)
#10 /Applications/XAMPP/xamppfiles/htdocs/sikumi/vendor/codeigniter4/framework/system/Boot.php(417): CodeIgniter\CodeIgniter->run()
#11 /Applications/XAMPP/xamppfiles/htdocs/sikumi/vendor/codeigniter4/framework/system/Boot.php(68): CodeIgniter\Boot::runCodeIgniter(Object(CodeIgniter\CodeIgniter))
#12 /Applications/XAMPP/xamppfiles/htdocs/sikumi/public/index.php(59): CodeIgniter\Boot::bootWeb(Object(Config\Paths))
#13 {main}
[Method: GET, Route: login]
in VENDORPATH/symfony/polyfill-intl-icu/NumberFormatter.php on line 603.
 1 [internal function]: CodeIgniter\Debug\Exceptions->shutdownHandler()
DEBUG - 2026-05-16 08:14:40 --> Session: Class initialized using 'CodeIgniter\Session\Handlers\FileHandler' driver.
DEBUG - 2026-05-16 08:14:40 --> Session: Class initialized using 'CodeIgniter\Session\Handlers\FileHandler' driver.
CRITICAL - 2026-05-16 08:14:40 --> CodeIgniter\Router\Exceptions\RouterException: The route for "{0}" cannot be found.
[Method: GET, Route: login]
in SYSTEMPATH/Helpers/url_helper.php on line 513.
 1 SYSTEMPATH/Helpers/url_helper.php(513): CodeIgniter\Router\Exceptions\RouterException::forInvalidRoute('magic-link')
 2 VENDORPATH/codeigniter4/shield/src/Views/login.php(61): url_to('magic-link')
 3 SYSTEMPATH/View/View.php(240): include('/Applications/XAMPP/xamppfiles/htdocs/sikumi/vendor/codeigniter4/shield/src/Views/login.php')
 4 SYSTEMPATH/View/View.php(243): CodeIgniter\View\View->CodeIgniter\View\{closure}()
 5 SYSTEMPATH/Common.php(1250): CodeIgniter\View\View->render('\\CodeIgniter\\Shield\\Views\\login', [], true)
 6 VENDORPATH/codeigniter4/shield/src/Traits/Viewable.php(25): view('\\CodeIgniter\\Shield\\Views\\login', [], [])
 7 VENDORPATH/codeigniter4/shield/src/Controllers/LoginController.php(45): CodeIgniter\Shield\Controllers\LoginController->view('\\CodeIgniter\\Shield\\Views\\login')
 8 SYSTEMPATH/CodeIgniter.php(951): CodeIgniter\Shield\Controllers\LoginController->loginView()
 9 SYSTEMPATH/CodeIgniter.php(497): CodeIgniter\CodeIgniter->runController(Object(CodeIgniter\Shield\Controllers\LoginController))
10 SYSTEMPATH/CodeIgniter.php(340): CodeIgniter\CodeIgniter->handleRequest(null, Object(Config\Cache), false)
11 SYSTEMPATH/Boot.php(417): CodeIgniter\CodeIgniter->run()
12 SYSTEMPATH/Boot.php(68): CodeIgniter\Boot::runCodeIgniter(Object(CodeIgniter\CodeIgniter))
13 FCPATH/index.php(59): CodeIgniter\Boot::bootWeb(Object(Config\Paths))
CRITICAL - 2026-05-16 08:14:40 --> ErrorException: Uncaught Symfony\Polyfill\Intl\Icu\Exception\MethodNotImplementedException: The Symfony\Polyfill\Intl\Icu\NumberFormatter::setPattern() is not implemented. Please install the "intl" extension for full localization capabilities. in /Applications/XAMPP/xamppfiles/htdocs/sikumi/vendor/symfony/polyfill-intl-icu/NumberFormatter.php:603
Stack trace:
#0 /Applications/XAMPP/xamppfiles/htdocs/sikumi/vendor/codeigniter4/framework/system/Helpers/number_helper.php(158): Symfony\Polyfill\Intl\Icu\NumberFormatter->setPattern('#,##0.##')
#1 /Applications/XAMPP/xamppfiles/htdocs/sikumi/vendor/codeigniter4/framework/system/Helpers/number_helper.php(60): format_number(10.0, 2, 'en', Array)
#2 /Applications/XAMPP/xamppfiles/htdocs/sikumi/vendor/codeigniter4/framework/system/Debug/BaseExceptionHandler.php(158): number_to_size(10.0, 2)
#3 /Applications/XAMPP/xamppfiles/htdocs/sikumi/app/Views/errors/html/error_exception.php(408): CodeIgniter\Debug\BaseExceptionHandler::describeMemory(10485760)
#4 /Applications/XAMPP/xamppfiles/htdocs/sikumi/vendor/codeigniter4/framework/system/Debug/BaseExceptionHandler.php(270): include('/Applications/X...')
#5 /Applications/XAMPP/xamppfiles/htdocs/sikumi/vendor/codeigniter4/framework/system/Debug/BaseExceptionHandler.php(273): CodeIgniter\Debug\BaseExceptionHandler->CodeIgniter\Debug\{closure}()
#6 /Applications/XAMPP/xamppfiles/htdocs/sikumi/vendor/codeigniter4/framework/system/Debug/ExceptionHandler.php(126): CodeIgniter\Debug\BaseExceptionHandler->render(Object(CodeIgniter\Router\Exceptions\RouterException), 500, '/Applications/X...')
#7 /Applications/XAMPP/xamppfiles/htdocs/sikumi/vendor/codeigniter4/framework/system/Debug/Exceptions.php(151): CodeIgniter\Debug\ExceptionHandler->handle(Object(CodeIgniter\Router\Exceptions\RouterException), Object(CodeIgniter\HTTP\IncomingRequest), Object(CodeIgniter\HTTP\Response), 500, 1)
#8 [internal function]: CodeIgniter\Debug\Exceptions->exceptionHandler(Object(CodeIgniter\Router\Exceptions\RouterException))
#9 {main}
  thrown
【Previous Exception】
CodeIgniter\Router\Exceptions\RouterException
The route for "{0}" cannot be found.
#0 /Applications/XAMPP/xamppfiles/htdocs/sikumi/vendor/codeigniter4/framework/system/Helpers/url_helper.php(513): CodeIgniter\Router\Exceptions\RouterException::forInvalidRoute('magic-link')
#1 /Applications/XAMPP/xamppfiles/htdocs/sikumi/vendor/codeigniter4/shield/src/Views/login.php(61): url_to('magic-link')
#2 /Applications/XAMPP/xamppfiles/htdocs/sikumi/vendor/codeigniter4/framework/system/View/View.php(240): include('/Applications/X...')
#3 /Applications/XAMPP/xamppfiles/htdocs/sikumi/vendor/codeigniter4/framework/system/View/View.php(243): CodeIgniter\View\View->CodeIgniter\View\{closure}()
#4 /Applications/XAMPP/xamppfiles/htdocs/sikumi/vendor/codeigniter4/framework/system/Common.php(1250): CodeIgniter\View\View->render('\\CodeIgniter\\Sh...', Array, true)
#5 /Applications/XAMPP/xamppfiles/htdocs/sikumi/vendor/codeigniter4/shield/src/Traits/Viewable.php(25): view('\\CodeIgniter\\Sh...', Array, Array)
#6 /Applications/XAMPP/xamppfiles/htdocs/sikumi/vendor/codeigniter4/shield/src/Controllers/LoginController.php(45): CodeIgniter\Shield\Controllers\LoginController->view('\\CodeIgniter\\Sh...')
#7 /Applications/XAMPP/xamppfiles/htdocs/sikumi/vendor/codeigniter4/framework/system/CodeIgniter.php(951): CodeIgniter\Shield\Controllers\LoginController->loginView()
#8 /Applications/XAMPP/xamppfiles/htdocs/sikumi/vendor/codeigniter4/framework/system/CodeIgniter.php(497): CodeIgniter\CodeIgniter->runController(Object(CodeIgniter\Shield\Controllers\LoginController))
#9 /Applications/XAMPP/xamppfiles/htdocs/sikumi/vendor/codeigniter4/framework/system/CodeIgniter.php(340): CodeIgniter\CodeIgniter->handleRequest(NULL, Object(Config\Cache), false)
#10 /Applications/XAMPP/xamppfiles/htdocs/sikumi/vendor/codeigniter4/framework/system/Boot.php(417): CodeIgniter\CodeIgniter->run()
#11 /Applications/XAMPP/xamppfiles/htdocs/sikumi/vendor/codeigniter4/framework/system/Boot.php(68): CodeIgniter\Boot::runCodeIgniter(Object(CodeIgniter\CodeIgniter))
#12 /Applications/XAMPP/xamppfiles/htdocs/sikumi/public/index.php(59): CodeIgniter\Boot::bootWeb(Object(Config\Paths))
#13 {main}
[Method: GET, Route: login]
in VENDORPATH/symfony/polyfill-intl-icu/NumberFormatter.php on line 603.
 1 [internal function]: CodeIgniter\Debug\Exceptions->shutdownHandler()
DEBUG - 2026-05-16 08:16:26 --> Session: Class initialized using 'CodeIgniter\Session\Handlers\FileHandler' driver.
CRITICAL - 2026-05-16 08:16:26 --> CodeIgniter\Router\Exceptions\RouterException: The route for "{0}" cannot be found.
[Method: GET, Route: login]
in SYSTEMPATH/Helpers/url_helper.php on line 513.
 1 SYSTEMPATH/Helpers/url_helper.php(513): CodeIgniter\Router\Exceptions\RouterException::forInvalidRoute('magic-link')
 2 VENDORPATH/codeigniter4/shield/src/Views/login.php(61): url_to('magic-link')
 3 SYSTEMPATH/View/View.php(240): include('/Applications/XAMPP/xamppfiles/htdocs/sikumi/vendor/codeigniter4/shield/src/Views/login.php')
 4 SYSTEMPATH/View/View.php(243): CodeIgniter\View\View->CodeIgniter\View\{closure}()
 5 SYSTEMPATH/Common.php(1250): CodeIgniter\View\View->render('\\CodeIgniter\\Shield\\Views\\login', [], true)
 6 VENDORPATH/codeigniter4/shield/src/Traits/Viewable.php(25): view('\\CodeIgniter\\Shield\\Views\\login', [], [])
 7 VENDORPATH/codeigniter4/shield/src/Controllers/LoginController.php(45): CodeIgniter\Shield\Controllers\LoginController->view('\\CodeIgniter\\Shield\\Views\\login')
 8 SYSTEMPATH/CodeIgniter.php(951): CodeIgniter\Shield\Controllers\LoginController->loginView()
 9 SYSTEMPATH/CodeIgniter.php(497): CodeIgniter\CodeIgniter->runController(Object(CodeIgniter\Shield\Controllers\LoginController))
10 SYSTEMPATH/CodeIgniter.php(340): CodeIgniter\CodeIgniter->handleRequest(null, Object(Config\Cache), false)
11 SYSTEMPATH/Boot.php(417): CodeIgniter\CodeIgniter->run()
12 SYSTEMPATH/Boot.php(68): CodeIgniter\Boot::runCodeIgniter(Object(CodeIgniter\CodeIgniter))
13 FCPATH/index.php(59): CodeIgniter\Boot::bootWeb(Object(Config\Paths))
CRITICAL - 2026-05-16 08:16:26 --> ErrorException: Uncaught Symfony\Polyfill\Intl\Icu\Exception\MethodNotImplementedException: The Symfony\Polyfill\Intl\Icu\NumberFormatter::setPattern() is not implemented. Please install the "intl" extension for full localization capabilities. in /Applications/XAMPP/xamppfiles/htdocs/sikumi/vendor/symfony/polyfill-intl-icu/NumberFormatter.php:603
Stack trace:
#0 /Applications/XAMPP/xamppfiles/htdocs/sikumi/vendor/codeigniter4/framework/system/Helpers/number_helper.php(158): Symfony\Polyfill\Intl\Icu\NumberFormatter->setPattern('#,##0.##')
#1 /Applications/XAMPP/xamppfiles/htdocs/sikumi/vendor/codeigniter4/framework/system/Helpers/number_helper.php(60): format_number(10.0, 2, 'en', Array)
#2 /Applications/XAMPP/xamppfiles/htdocs/sikumi/vendor/codeigniter4/framework/system/Debug/BaseExceptionHandler.php(158): number_to_size(10.0, 2)
#3 /Applications/XAMPP/xamppfiles/htdocs/sikumi/app/Views/errors/html/error_exception.php(408): CodeIgniter\Debug\BaseExceptionHandler::describeMemory(10485760)
#4 /Applications/XAMPP/xamppfiles/htdocs/sikumi/vendor/codeigniter4/framework/system/Debug/BaseExceptionHandler.php(270): include('/Applications/X...')
#5 /Applications/XAMPP/xamppfiles/htdocs/sikumi/vendor/codeigniter4/framework/system/Debug/BaseExceptionHandler.php(273): CodeIgniter\Debug\BaseExceptionHandler->CodeIgniter\Debug\{closure}()
#6 /Applications/XAMPP/xamppfiles/htdocs/sikumi/vendor/codeigniter4/framework/system/Debug/ExceptionHandler.php(126): CodeIgniter\Debug\BaseExceptionHandler->render(Object(CodeIgniter\Router\Exceptions\RouterException), 500, '/Applications/X...')
#7 /Applications/XAMPP/xamppfiles/htdocs/sikumi/vendor/codeigniter4/framework/system/Debug/Exceptions.php(151): CodeIgniter\Debug\ExceptionHandler->handle(Object(CodeIgniter\Router\Exceptions\RouterException), Object(CodeIgniter\HTTP\IncomingRequest), Object(CodeIgniter\HTTP\Response), 500, 1)
#8 [internal function]: CodeIgniter\Debug\Exceptions->exceptionHandler(Object(CodeIgniter\Router\Exceptions\RouterException))
#9 {main}
  thrown
【Previous Exception】
CodeIgniter\Router\Exceptions\RouterException
The route for "{0}" cannot be found.
#0 /Applications/XAMPP/xamppfiles/htdocs/sikumi/vendor/codeigniter4/framework/system/Helpers/url_helper.php(513): CodeIgniter\Router\Exceptions\RouterException::forInvalidRoute('magic-link')
#1 /Applications/XAMPP/xamppfiles/htdocs/sikumi/vendor/codeigniter4/shield/src/Views/login.php(61): url_to('magic-link')
#2 /Applications/XAMPP/xamppfiles/htdocs/sikumi/vendor/codeigniter4/framework/system/View/View.php(240): include('/Applications/X...')
#3 /Applications/XAMPP/xamppfiles/htdocs/sikumi/vendor/codeigniter4/framework/system/View/View.php(243): CodeIgniter\View\View->CodeIgniter\View\{closure}()
#4 /Applications/XAMPP/xamppfiles/htdocs/sikumi/vendor/codeigniter4/framework/system/Common.php(1250): CodeIgniter\View\View->render('\\CodeIgniter\\Sh...', Array, true)
#5 /Applications/XAMPP/xamppfiles/htdocs/sikumi/vendor/codeigniter4/shield/src/Traits/Viewable.php(25): view('\\CodeIgniter\\Sh...', Array, Array)
#6 /Applications/XAMPP/xamppfiles/htdocs/sikumi/vendor/codeigniter4/shield/src/Controllers/LoginController.php(45): CodeIgniter\Shield\Controllers\LoginController->view('\\CodeIgniter\\Sh...')
#7 /Applications/XAMPP/xamppfiles/htdocs/sikumi/vendor/codeigniter4/framework/system/CodeIgniter.php(951): CodeIgniter\Shield\Controllers\LoginController->loginView()
#8 /Applications/XAMPP/xamppfiles/htdocs/sikumi/vendor/codeigniter4/framework/system/CodeIgniter.php(497): CodeIgniter\CodeIgniter->runController(Object(CodeIgniter\Shield\Controllers\LoginController))
#9 /Applications/XAMPP/xamppfiles/htdocs/sikumi/vendor/codeigniter4/framework/system/CodeIgniter.php(340): CodeIgniter\CodeIgniter->handleRequest(NULL, Object(Config\Cache), false)
#10 /Applications/XAMPP/xamppfiles/htdocs/sikumi/vendor/codeigniter4/framework/system/Boot.php(417): CodeIgniter\CodeIgniter->run()
#11 /Applications/XAMPP/xamppfiles/htdocs/sikumi/vendor/codeigniter4/framework/system/Boot.php(68): CodeIgniter\Boot::runCodeIgniter(Object(CodeIgniter\CodeIgniter))
#12 /Applications/XAMPP/xamppfiles/htdocs/sikumi/public/index.php(59): CodeIgniter\Boot::bootWeb(Object(Config\Paths))
#13 {main}
[Method: GET, Route: login]
in VENDORPATH/symfony/polyfill-intl-icu/NumberFormatter.php on line 603.
 1 [internal function]: CodeIgniter\Debug\Exceptions->shutdownHandler()
DEBUG - 2026-05-16 08:20:04 --> Session: Class initialized using 'CodeIgniter\Session\Handlers\FileHandler' driver.
DEBUG - 2026-05-16 08:20:30 --> Session: Class initialized using 'CodeIgniter\Session\Handlers\FileHandler' driver.
DEBUG - 2026-05-16 08:20:30 --> Session: Class initialized using 'CodeIgniter\Session\Handlers\FileHandler' driver.
DEBUG - 2026-05-16 08:20:54 --> Session: Class initialized using 'CodeIgniter\Session\Handlers\FileHandler' driver.
DEBUG - 2026-05-16 08:20:54 --> Session: Class initialized using 'CodeIgniter\Session\Handlers\FileHandler' driver.
DEBUG - 2026-05-16 08:23:07 --> Session: Class initialized using 'CodeIgniter\Session\Handlers\FileHandler' driver.
DEBUG - 2026-05-16 08:23:07 --> Session: Class initialized using 'CodeIgniter\Session\Handlers\FileHandler' driver.
CRITICAL - 2026-05-16 08:23:07 --> CodeIgniter\View\Exceptions\ViewException: Invalid file: "{0}"
[Method: GET, Route: admin/users]
in SYSTEMPATH/Exceptions/FrameworkException.php on line 39.
 1 SYSTEMPATH/View/View.php(228): CodeIgniter\Exceptions\FrameworkException::forInvalidFile('admin/user_management.php')
 2 SYSTEMPATH/Common.php(1250): CodeIgniter\View\View->render('admin/user_management', [], true)
 3 APPPATH/Controllers/AdminController.php(27): view('admin/user_management', [...])
 4 SYSTEMPATH/CodeIgniter.php(951): App\Controllers\AdminController->index()
 5 SYSTEMPATH/CodeIgniter.php(497): CodeIgniter\CodeIgniter->runController(Object(App\Controllers\AdminController))
 6 SYSTEMPATH/CodeIgniter.php(340): CodeIgniter\CodeIgniter->handleRequest(null, Object(Config\Cache), false)
 7 SYSTEMPATH/Boot.php(417): CodeIgniter\CodeIgniter->run()
 8 SYSTEMPATH/Boot.php(68): CodeIgniter\Boot::runCodeIgniter(Object(CodeIgniter\CodeIgniter))
 9 FCPATH/index.php(59): CodeIgniter\Boot::bootWeb(Object(Config\Paths))
CRITICAL - 2026-05-16 08:23:07 --> ErrorException: Uncaught Symfony\Polyfill\Intl\Icu\Exception\MethodNotImplementedException: The Symfony\Polyfill\Intl\Icu\NumberFormatter::setPattern() is not implemented. Please install the "intl" extension for full localization capabilities. in /Applications/XAMPP/xamppfiles/htdocs/sikumi/vendor/symfony/polyfill-intl-icu/NumberFormatter.php:603
Stack trace:
#0 /Applications/XAMPP/xamppfiles/htdocs/sikumi/vendor/codeigniter4/framework/system/Helpers/number_helper.php(158): Symfony\Polyfill\Intl\Icu\NumberFormatter->setPattern('#,##0.##')
#1 /Applications/XAMPP/xamppfiles/htdocs/sikumi/vendor/codeigniter4/framework/system/Helpers/number_helper.php(60): format_number(10.0, 2, 'en', Array)
#2 /Applications/XAMPP/xamppfiles/htdocs/sikumi/vendor/codeigniter4/framework/system/Debug/BaseExceptionHandler.php(158): number_to_size(10.0, 2)
#3 /Applications/XAMPP/xamppfiles/htdocs/sikumi/app/Views/errors/html/error_exception.php(408): CodeIgniter\Debug\BaseExceptionHandler::describeMemory(10485760)
#4 /Applications/XAMPP/xamppfiles/htdocs/sikumi/vendor/codeigniter4/framework/system/Debug/BaseExceptionHandler.php(270): include('/Applications/X...')
#5 /Applications/XAMPP/xamppfiles/htdocs/sikumi/vendor/codeigniter4/framework/system/Debug/BaseExceptionHandler.php(273): CodeIgniter\Debug\BaseExceptionHandler->CodeIgniter\Debug\{closure}()
#6 /Applications/XAMPP/xamppfiles/htdocs/sikumi/vendor/codeigniter4/framework/system/Debug/ExceptionHandler.php(126): CodeIgniter\Debug\BaseExceptionHandler->render(Object(CodeIgniter\View\Exceptions\ViewException), 500, '/Applications/X...')
#7 /Applications/XAMPP/xamppfiles/htdocs/sikumi/vendor/codeigniter4/framework/system/Debug/Exceptions.php(151): CodeIgniter\Debug\ExceptionHandler->handle(Object(CodeIgniter\View\Exceptions\ViewException), Object(CodeIgniter\HTTP\IncomingRequest), Object(CodeIgniter\HTTP\Response), 500, 1)
#8 [internal function]: CodeIgniter\Debug\Exceptions->exceptionHandler(Object(CodeIgniter\View\Exceptions\ViewException))
#9 {main}
  thrown
【Previous Exception】
CodeIgniter\View\Exceptions\ViewException
Invalid file: "{0}"
#0 /Applications/XAMPP/xamppfiles/htdocs/sikumi/vendor/codeigniter4/framework/system/View/View.php(228): CodeIgniter\Exceptions\FrameworkException::forInvalidFile('admin/user_mana...')
#1 /Applications/XAMPP/xamppfiles/htdocs/sikumi/vendor/codeigniter4/framework/system/Common.php(1250): CodeIgniter\View\View->render('admin/user_mana...', Array, true)
#2 /Applications/XAMPP/xamppfiles/htdocs/sikumi/app/Controllers/AdminController.php(27): view('admin/user_mana...', Array)
#3 /Applications/XAMPP/xamppfiles/htdocs/sikumi/vendor/codeigniter4/framework/system/CodeIgniter.php(951): App\Controllers\AdminController->index()
#4 /Applications/XAMPP/xamppfiles/htdocs/sikumi/vendor/codeigniter4/framework/system/CodeIgniter.php(497): CodeIgniter\CodeIgniter->runController(Object(App\Controllers\AdminController))
#5 /Applications/XAMPP/xamppfiles/htdocs/sikumi/vendor/codeigniter4/framework/system/CodeIgniter.php(340): CodeIgniter\CodeIgniter->handleRequest(NULL, Object(Config\Cache), false)
#6 /Applications/XAMPP/xamppfiles/htdocs/sikumi/vendor/codeigniter4/framework/system/Boot.php(417): CodeIgniter\CodeIgniter->run()
#7 /Applications/XAMPP/xamppfiles/htdocs/sikumi/vendor/codeigniter4/framework/system/Boot.php(68): CodeIgniter\Boot::runCodeIgniter(Object(CodeIgniter\CodeIgniter))
#8 /Applications/XAMPP/xamppfiles/htdocs/sikumi/public/index.php(59): CodeIgniter\Boot::bootWeb(Object(Config\Paths))
#9 {main}
[Method: GET, Route: admin/users]
in VENDORPATH/symfony/polyfill-intl-icu/NumberFormatter.php on line 603.
 1 [internal function]: CodeIgniter\Debug\Exceptions->shutdownHandler()
DEBUG - 2026-05-16 08:25:42 --> Session: Class initialized using 'CodeIgniter\Session\Handlers\FileHandler' driver.
CRITICAL - 2026-05-16 08:25:42 --> CodeIgniter\View\Exceptions\ViewException: Invalid file: "{0}"
[Method: GET, Route: admin/users]
in SYSTEMPATH/Exceptions/FrameworkException.php on line 39.
 1 SYSTEMPATH/View/View.php(228): CodeIgniter\Exceptions\FrameworkException::forInvalidFile('admin/user_management.php')
 2 SYSTEMPATH/Common.php(1250): CodeIgniter\View\View->render('admin/user_management', [], true)
 3 APPPATH/Controllers/AdminController.php(27): view('admin/user_management', [...])
 4 SYSTEMPATH/CodeIgniter.php(951): App\Controllers\AdminController->index()
 5 SYSTEMPATH/CodeIgniter.php(497): CodeIgniter\CodeIgniter->runController(Object(App\Controllers\AdminController))
 6 SYSTEMPATH/CodeIgniter.php(340): CodeIgniter\CodeIgniter->handleRequest(null, Object(Config\Cache), false)
 7 SYSTEMPATH/Boot.php(417): CodeIgniter\CodeIgniter->run()
 8 SYSTEMPATH/Boot.php(68): CodeIgniter\Boot::runCodeIgniter(Object(CodeIgniter\CodeIgniter))
 9 FCPATH/index.php(59): CodeIgniter\Boot::bootWeb(Object(Config\Paths))
CRITICAL - 2026-05-16 08:25:42 --> ErrorException: Uncaught Symfony\Polyfill\Intl\Icu\Exception\MethodNotImplementedException: The Symfony\Polyfill\Intl\Icu\NumberFormatter::setPattern() is not implemented. Please install the "intl" extension for full localization capabilities. in /Applications/XAMPP/xamppfiles/htdocs/sikumi/vendor/symfony/polyfill-intl-icu/NumberFormatter.php:603
Stack trace:
#0 /Applications/XAMPP/xamppfiles/htdocs/sikumi/vendor/codeigniter4/framework/system/Helpers/number_helper.php(158): Symfony\Polyfill\Intl\Icu\NumberFormatter->setPattern('#,##0.##')
#1 /Applications/XAMPP/xamppfiles/htdocs/sikumi/vendor/codeigniter4/framework/system/Helpers/number_helper.php(60): format_number(16.0, 2, 'en', Array)
#2 /Applications/XAMPP/xamppfiles/htdocs/sikumi/vendor/codeigniter4/framework/system/Debug/BaseExceptionHandler.php(158): number_to_size(16.0, 2)
#3 /Applications/XAMPP/xamppfiles/htdocs/sikumi/app/Views/errors/html/error_exception.php(408): CodeIgniter\Debug\BaseExceptionHandler::describeMemory(16777216)
#4 /Applications/XAMPP/xamppfiles/htdocs/sikumi/vendor/codeigniter4/framework/system/Debug/BaseExceptionHandler.php(270): include('/Applications/X...')
#5 /Applications/XAMPP/xamppfiles/htdocs/sikumi/vendor/codeigniter4/framework/system/Debug/BaseExceptionHandler.php(273): CodeIgniter\Debug\BaseExceptionHandler->CodeIgniter\Debug\{closure}()
#6 /Applications/XAMPP/xamppfiles/htdocs/sikumi/vendor/codeigniter4/framework/system/Debug/ExceptionHandler.php(126): CodeIgniter\Debug\BaseExceptionHandler->render(Object(CodeIgniter\View\Exceptions\ViewException), 500, '/Applications/X...')
#7 /Applications/XAMPP/xamppfiles/htdocs/sikumi/vendor/codeigniter4/framework/system/Debug/Exceptions.php(151): CodeIgniter\Debug\ExceptionHandler->handle(Object(CodeIgniter\View\Exceptions\ViewException), Object(CodeIgniter\HTTP\IncomingRequest), Object(CodeIgniter\HTTP\Response), 500, 1)
#8 [internal function]: CodeIgniter\Debug\Exceptions->exceptionHandler(Object(CodeIgniter\View\Exceptions\ViewException))
#9 {main}
  thrown
【Previous Exception】
CodeIgniter\View\Exceptions\ViewException
Invalid file: "{0}"
#0 /Applications/XAMPP/xamppfiles/htdocs/sikumi/vendor/codeigniter4/framework/system/View/View.php(228): CodeIgniter\Exceptions\FrameworkException::forInvalidFile('admin/user_mana...')
#1 /Applications/XAMPP/xamppfiles/htdocs/sikumi/vendor/codeigniter4/framework/system/Common.php(1250): CodeIgniter\View\View->render('admin/user_mana...', Array, true)
#2 /Applications/XAMPP/xamppfiles/htdocs/sikumi/app/Controllers/AdminController.php(27): view('admin/user_mana...', Array)
#3 /Applications/XAMPP/xamppfiles/htdocs/sikumi/vendor/codeigniter4/framework/system/CodeIgniter.php(951): App\Controllers\AdminController->index()
#4 /Applications/XAMPP/xamppfiles/htdocs/sikumi/vendor/codeigniter4/framework/system/CodeIgniter.php(497): CodeIgniter\CodeIgniter->runController(Object(App\Controllers\AdminController))
#5 /Applications/XAMPP/xamppfiles/htdocs/sikumi/vendor/codeigniter4/framework/system/CodeIgniter.php(340): CodeIgniter\CodeIgniter->handleRequest(NULL, Object(Config\Cache), false)
#6 /Applications/XAMPP/xamppfiles/htdocs/sikumi/vendor/codeigniter4/framework/system/Boot.php(417): CodeIgniter\CodeIgniter->run()
#7 /Applications/XAMPP/xamppfiles/htdocs/sikumi/vendor/codeigniter4/framework/system/Boot.php(68): CodeIgniter\Boot::runCodeIgniter(Object(CodeIgniter\CodeIgniter))
#8 /Applications/XAMPP/xamppfiles/htdocs/sikumi/public/index.php(59): CodeIgniter\Boot::bootWeb(Object(Config\Paths))
#9 {main}
[Method: GET, Route: admin/users]
in VENDORPATH/symfony/polyfill-intl-icu/NumberFormatter.php on line 603.
 1 [internal function]: CodeIgniter\Debug\Exceptions->shutdownHandler()
DEBUG - 2026-05-16 08:25:44 --> Session: Class initialized using 'CodeIgniter\Session\Handlers\FileHandler' driver.
CRITICAL - 2026-05-16 08:25:44 --> CodeIgniter\View\Exceptions\ViewException: Invalid file: "{0}"
[Method: GET, Route: admin/users]
in SYSTEMPATH/Exceptions/FrameworkException.php on line 39.
 1 SYSTEMPATH/View/View.php(228): CodeIgniter\Exceptions\FrameworkException::forInvalidFile('admin/user_management.php')
 2 SYSTEMPATH/Common.php(1250): CodeIgniter\View\View->render('admin/user_management', [], true)
 3 APPPATH/Controllers/AdminController.php(27): view('admin/user_management', [...])
 4 SYSTEMPATH/CodeIgniter.php(951): App\Controllers\AdminController->index()
 5 SYSTEMPATH/CodeIgniter.php(497): CodeIgniter\CodeIgniter->runController(Object(App\Controllers\AdminController))
 6 SYSTEMPATH/CodeIgniter.php(340): CodeIgniter\CodeIgniter->handleRequest(null, Object(Config\Cache), false)
 7 SYSTEMPATH/Boot.php(417): CodeIgniter\CodeIgniter->run()
 8 SYSTEMPATH/Boot.php(68): CodeIgniter\Boot::runCodeIgniter(Object(CodeIgniter\CodeIgniter))
 9 FCPATH/index.php(59): CodeIgniter\Boot::bootWeb(Object(Config\Paths))
CRITICAL - 2026-05-16 08:25:44 --> ErrorException: Uncaught Symfony\Polyfill\Intl\Icu\Exception\MethodNotImplementedException: The Symfony\Polyfill\Intl\Icu\NumberFormatter::setPattern() is not implemented. Please install the "intl" extension for full localization capabilities. in /Applications/XAMPP/xamppfiles/htdocs/sikumi/vendor/symfony/polyfill-intl-icu/NumberFormatter.php:603
Stack trace:
#0 /Applications/XAMPP/xamppfiles/htdocs/sikumi/vendor/codeigniter4/framework/system/Helpers/number_helper.php(158): Symfony\Polyfill\Intl\Icu\NumberFormatter->setPattern('#,##0.##')
#1 /Applications/XAMPP/xamppfiles/htdocs/sikumi/vendor/codeigniter4/framework/system/Helpers/number_helper.php(60): format_number(10.0, 2, 'en', Array)
#2 /Applications/XAMPP/xamppfiles/htdocs/sikumi/vendor/codeigniter4/framework/system/Debug/BaseExceptionHandler.php(158): number_to_size(10.0, 2)
#3 /Applications/XAMPP/xamppfiles/htdocs/sikumi/app/Views/errors/html/error_exception.php(408): CodeIgniter\Debug\BaseExceptionHandler::describeMemory(10485760)
#4 /Applications/XAMPP/xamppfiles/htdocs/sikumi/vendor/codeigniter4/framework/system/Debug/BaseExceptionHandler.php(270): include('/Applications/X...')
#5 /Applications/XAMPP/xamppfiles/htdocs/sikumi/vendor/codeigniter4/framework/system/Debug/BaseExceptionHandler.php(273): CodeIgniter\Debug\BaseExceptionHandler->CodeIgniter\Debug\{closure}()
#6 /Applications/XAMPP/xamppfiles/htdocs/sikumi/vendor/codeigniter4/framework/system/Debug/ExceptionHandler.php(126): CodeIgniter\Debug\BaseExceptionHandler->render(Object(CodeIgniter\View\Exceptions\ViewException), 500, '/Applications/X...')
#7 /Applications/XAMPP/xamppfiles/htdocs/sikumi/vendor/codeigniter4/framework/system/Debug/Exceptions.php(151): CodeIgniter\Debug\ExceptionHandler->handle(Object(CodeIgniter\View\Exceptions\ViewException), Object(CodeIgniter\HTTP\IncomingRequest), Object(CodeIgniter\HTTP\Response), 500, 1)
#8 [internal function]: CodeIgniter\Debug\Exceptions->exceptionHandler(Object(CodeIgniter\View\Exceptions\ViewException))
#9 {main}
  thrown
【Previous Exception】
CodeIgniter\View\Exceptions\ViewException
Invalid file: "{0}"
#0 /Applications/XAMPP/xamppfiles/htdocs/sikumi/vendor/codeigniter4/framework/system/View/View.php(228): CodeIgniter\Exceptions\FrameworkException::forInvalidFile('admin/user_mana...')
#1 /Applications/XAMPP/xamppfiles/htdocs/sikumi/vendor/codeigniter4/framework/system/Common.php(1250): CodeIgniter\View\View->render('admin/user_mana...', Array, true)
#2 /Applications/XAMPP/xamppfiles/htdocs/sikumi/app/Controllers/AdminController.php(27): view('admin/user_mana...', Array)
#3 /Applications/XAMPP/xamppfiles/htdocs/sikumi/vendor/codeigniter4/framework/system/CodeIgniter.php(951): App\Controllers\AdminController->index()
#4 /Applications/XAMPP/xamppfiles/htdocs/sikumi/vendor/codeigniter4/framework/system/CodeIgniter.php(497): CodeIgniter\CodeIgniter->runController(Object(App\Controllers\AdminController))
#5 /Applications/XAMPP/xamppfiles/htdocs/sikumi/vendor/codeigniter4/framework/system/CodeIgniter.php(340): CodeIgniter\CodeIgniter->handleRequest(NULL, Object(Config\Cache), false)
#6 /Applications/XAMPP/xamppfiles/htdocs/sikumi/vendor/codeigniter4/framework/system/Boot.php(417): CodeIgniter\CodeIgniter->run()
#7 /Applications/XAMPP/xamppfiles/htdocs/sikumi/vendor/codeigniter4/framework/system/Boot.php(68): CodeIgniter\Boot::runCodeIgniter(Object(CodeIgniter\CodeIgniter))
#8 /Applications/XAMPP/xamppfiles/htdocs/sikumi/public/index.php(59): CodeIgniter\Boot::bootWeb(Object(Config\Paths))
#9 {main}
[Method: GET, Route: admin/users]
in VENDORPATH/symfony/polyfill-intl-icu/NumberFormatter.php on line 603.
 1 [internal function]: CodeIgniter\Debug\Exceptions->shutdownHandler()
DEBUG - 2026-05-16 08:25:47 --> Session: Class initialized using 'CodeIgniter\Session\Handlers\FileHandler' driver.
CRITICAL - 2026-05-16 08:25:47 --> CodeIgniter\View\Exceptions\ViewException: Invalid file: "{0}"
[Method: GET, Route: admin/users]
in SYSTEMPATH/Exceptions/FrameworkException.php on line 39.
 1 SYSTEMPATH/View/View.php(228): CodeIgniter\Exceptions\FrameworkException::forInvalidFile('admin/user_management.php')
 2 SYSTEMPATH/Common.php(1250): CodeIgniter\View\View->render('admin/user_management', [], true)
 3 APPPATH/Controllers/AdminController.php(27): view('admin/user_management', [...])
 4 SYSTEMPATH/CodeIgniter.php(951): App\Controllers\AdminController->index()
 5 SYSTEMPATH/CodeIgniter.php(497): CodeIgniter\CodeIgniter->runController(Object(App\Controllers\AdminController))
 6 SYSTEMPATH/CodeIgniter.php(340): CodeIgniter\CodeIgniter->handleRequest(null, Object(Config\Cache), false)
 7 SYSTEMPATH/Boot.php(417): CodeIgniter\CodeIgniter->run()
 8 SYSTEMPATH/Boot.php(68): CodeIgniter\Boot::runCodeIgniter(Object(CodeIgniter\CodeIgniter))
 9 FCPATH/index.php(59): CodeIgniter\Boot::bootWeb(Object(Config\Paths))
CRITICAL - 2026-05-16 08:25:47 --> ErrorException: Uncaught Symfony\Polyfill\Intl\Icu\Exception\MethodNotImplementedException: The Symfony\Polyfill\Intl\Icu\NumberFormatter::setPattern() is not implemented. Please install the "intl" extension for full localization capabilities. in /Applications/XAMPP/xamppfiles/htdocs/sikumi/vendor/symfony/polyfill-intl-icu/NumberFormatter.php:603
Stack trace:
#0 /Applications/XAMPP/xamppfiles/htdocs/sikumi/vendor/codeigniter4/framework/system/Helpers/number_helper.php(158): Symfony\Polyfill\Intl\Icu\NumberFormatter->setPattern('#,##0.##')
#1 /Applications/XAMPP/xamppfiles/htdocs/sikumi/vendor/codeigniter4/framework/system/Helpers/number_helper.php(60): format_number(10.0, 2, 'en', Array)
#2 /Applications/XAMPP/xamppfiles/htdocs/sikumi/vendor/codeigniter4/framework/system/Debug/BaseExceptionHandler.php(158): number_to_size(10.0, 2)
#3 /Applications/XAMPP/xamppfiles/htdocs/sikumi/app/Views/errors/html/error_exception.php(408): CodeIgniter\Debug\BaseExceptionHandler::describeMemory(10485760)
#4 /Applications/XAMPP/xamppfiles/htdocs/sikumi/vendor/codeigniter4/framework/system/Debug/BaseExceptionHandler.php(270): include('/Applications/X...')
#5 /Applications/XAMPP/xamppfiles/htdocs/sikumi/vendor/codeigniter4/framework/system/Debug/BaseExceptionHandler.php(273): CodeIgniter\Debug\BaseExceptionHandler->CodeIgniter\Debug\{closure}()
#6 /Applications/XAMPP/xamppfiles/htdocs/sikumi/vendor/codeigniter4/framework/system/Debug/ExceptionHandler.php(126): CodeIgniter\Debug\BaseExceptionHandler->render(Object(CodeIgniter\View\Exceptions\ViewException), 500, '/Applications/X...')
#7 /Applications/XAMPP/xamppfiles/htdocs/sikumi/vendor/codeigniter4/framework/system/Debug/Exceptions.php(151): CodeIgniter\Debug\ExceptionHandler->handle(Object(CodeIgniter\View\Exceptions\ViewException), Object(CodeIgniter\HTTP\IncomingRequest), Object(CodeIgniter\HTTP\Response), 500, 1)
#8 [internal function]: CodeIgniter\Debug\Exceptions->exceptionHandler(Object(CodeIgniter\View\Exceptions\ViewException))
#9 {main}
  thrown
【Previous Exception】
CodeIgniter\View\Exceptions\ViewException
Invalid file: "{0}"
#0 /Applications/XAMPP/xamppfiles/htdocs/sikumi/vendor/codeigniter4/framework/system/View/View.php(228): CodeIgniter\Exceptions\FrameworkException::forInvalidFile('admin/user_mana...')
#1 /Applications/XAMPP/xamppfiles/htdocs/sikumi/vendor/codeigniter4/framework/system/Common.php(1250): CodeIgniter\View\View->render('admin/user_mana...', Array, true)
#2 /Applications/XAMPP/xamppfiles/htdocs/sikumi/app/Controllers/AdminController.php(27): view('admin/user_mana...', Array)
#3 /Applications/XAMPP/xamppfiles/htdocs/sikumi/vendor/codeigniter4/framework/system/CodeIgniter.php(951): App\Controllers\AdminController->index()
#4 /Applications/XAMPP/xamppfiles/htdocs/sikumi/vendor/codeigniter4/framework/system/CodeIgniter.php(497): CodeIgniter\CodeIgniter->runController(Object(App\Controllers\AdminController))
#5 /Applications/XAMPP/xamppfiles/htdocs/sikumi/vendor/codeigniter4/framework/system/CodeIgniter.php(340): CodeIgniter\CodeIgniter->handleRequest(NULL, Object(Config\Cache), false)
#6 /Applications/XAMPP/xamppfiles/htdocs/sikumi/vendor/codeigniter4/framework/system/Boot.php(417): CodeIgniter\CodeIgniter->run()
#7 /Applications/XAMPP/xamppfiles/htdocs/sikumi/vendor/codeigniter4/framework/system/Boot.php(68): CodeIgniter\Boot::runCodeIgniter(Object(CodeIgniter\CodeIgniter))
#8 /Applications/XAMPP/xamppfiles/htdocs/sikumi/public/index.php(59): CodeIgniter\Boot::bootWeb(Object(Config\Paths))
#9 {main}
[Method: GET, Route: admin/users]
in VENDORPATH/symfony/polyfill-intl-icu/NumberFormatter.php on line 603.
 1 [internal function]: CodeIgniter\Debug\Exceptions->shutdownHandler()
DEBUG - 2026-05-16 08:25:48 --> Session: Class initialized using 'CodeIgniter\Session\Handlers\FileHandler' driver.
CRITICAL - 2026-05-16 08:25:48 --> CodeIgniter\View\Exceptions\ViewException: Invalid file: "{0}"
[Method: GET, Route: admin/users]
in SYSTEMPATH/Exceptions/FrameworkException.php on line 39.
 1 SYSTEMPATH/View/View.php(228): CodeIgniter\Exceptions\FrameworkException::forInvalidFile('admin/user_management.php')
 2 SYSTEMPATH/Common.php(1250): CodeIgniter\View\View->render('admin/user_management', [], true)
 3 APPPATH/Controllers/AdminController.php(27): view('admin/user_management', [...])
 4 SYSTEMPATH/CodeIgniter.php(951): App\Controllers\AdminController->index()
 5 SYSTEMPATH/CodeIgniter.php(497): CodeIgniter\CodeIgniter->runController(Object(App\Controllers\AdminController))
 6 SYSTEMPATH/CodeIgniter.php(340): CodeIgniter\CodeIgniter->handleRequest(null, Object(Config\Cache), false)
 7 SYSTEMPATH/Boot.php(417): CodeIgniter\CodeIgniter->run()
 8 SYSTEMPATH/Boot.php(68): CodeIgniter\Boot::runCodeIgniter(Object(CodeIgniter\CodeIgniter))
 9 FCPATH/index.php(59): CodeIgniter\Boot::bootWeb(Object(Config\Paths))
CRITICAL - 2026-05-16 08:25:48 --> ErrorException: Uncaught Symfony\Polyfill\Intl\Icu\Exception\MethodNotImplementedException: The Symfony\Polyfill\Intl\Icu\NumberFormatter::setPattern() is not implemented. Please install the "intl" extension for full localization capabilities. in /Applications/XAMPP/xamppfiles/htdocs/sikumi/vendor/symfony/polyfill-intl-icu/NumberFormatter.php:603
Stack trace:
#0 /Applications/XAMPP/xamppfiles/htdocs/sikumi/vendor/codeigniter4/framework/system/Helpers/number_helper.php(158): Symfony\Polyfill\Intl\Icu\NumberFormatter->setPattern('#,##0.##')
#1 /Applications/XAMPP/xamppfiles/htdocs/sikumi/vendor/codeigniter4/framework/system/Helpers/number_helper.php(60): format_number(10.0, 2, 'en', Array)
#2 /Applications/XAMPP/xamppfiles/htdocs/sikumi/vendor/codeigniter4/framework/system/Debug/BaseExceptionHandler.php(158): number_to_size(10.0, 2)
#3 /Applications/XAMPP/xamppfiles/htdocs/sikumi/app/Views/errors/html/error_exception.php(408): CodeIgniter\Debug\BaseExceptionHandler::describeMemory(10485760)
#4 /Applications/XAMPP/xamppfiles/htdocs/sikumi/vendor/codeigniter4/framework/system/Debug/BaseExceptionHandler.php(270): include('/Applications/X...')
#5 /Applications/XAMPP/xamppfiles/htdocs/sikumi/vendor/codeigniter4/framework/system/Debug/BaseExceptionHandler.php(273): CodeIgniter\Debug\BaseExceptionHandler->CodeIgniter\Debug\{closure}()
#6 /Applications/XAMPP/xamppfiles/htdocs/sikumi/vendor/codeigniter4/framework/system/Debug/ExceptionHandler.php(126): CodeIgniter\Debug\BaseExceptionHandler->render(Object(CodeIgniter\View\Exceptions\ViewException), 500, '/Applications/X...')
#7 /Applications/XAMPP/xamppfiles/htdocs/sikumi/vendor/codeigniter4/framework/system/Debug/Exceptions.php(151): CodeIgniter\Debug\ExceptionHandler->handle(Object(CodeIgniter\View\Exceptions\ViewException), Object(CodeIgniter\HTTP\IncomingRequest), Object(CodeIgniter\HTTP\Response), 500, 1)
#8 [internal function]: CodeIgniter\Debug\Exceptions->exceptionHandler(Object(CodeIgniter\View\Exceptions\ViewException))
#9 {main}
  thrown
【Previous Exception】
CodeIgniter\View\Exceptions\ViewException
Invalid file: "{0}"
#0 /Applications/XAMPP/xamppfiles/htdocs/sikumi/vendor/codeigniter4/framework/system/View/View.php(228): CodeIgniter\Exceptions\FrameworkException::forInvalidFile('admin/user_mana...')
#1 /Applications/XAMPP/xamppfiles/htdocs/sikumi/vendor/codeigniter4/framework/system/Common.php(1250): CodeIgniter\View\View->render('admin/user_mana...', Array, true)
#2 /Applications/XAMPP/xamppfiles/htdocs/sikumi/app/Controllers/AdminController.php(27): view('admin/user_mana...', Array)
#3 /Applications/XAMPP/xamppfiles/htdocs/sikumi/vendor/codeigniter4/framework/system/CodeIgniter.php(951): App\Controllers\AdminController->index()
#4 /Applications/XAMPP/xamppfiles/htdocs/sikumi/vendor/codeigniter4/framework/system/CodeIgniter.php(497): CodeIgniter\CodeIgniter->runController(Object(App\Controllers\AdminController))
#5 /Applications/XAMPP/xamppfiles/htdocs/sikumi/vendor/codeigniter4/framework/system/CodeIgniter.php(340): CodeIgniter\CodeIgniter->handleRequest(NULL, Object(Config\Cache), false)
#6 /Applications/XAMPP/xamppfiles/htdocs/sikumi/vendor/codeigniter4/framework/system/Boot.php(417): CodeIgniter\CodeIgniter->run()
#7 /Applications/XAMPP/xamppfiles/htdocs/sikumi/vendor/codeigniter4/framework/system/Boot.php(68): CodeIgniter\Boot::runCodeIgniter(Object(CodeIgniter\CodeIgniter))
#8 /Applications/XAMPP/xamppfiles/htdocs/sikumi/public/index.php(59): CodeIgniter\Boot::bootWeb(Object(Config\Paths))
#9 {main}
[Method: GET, Route: admin/users]
in VENDORPATH/symfony/polyfill-intl-icu/NumberFormatter.php on line 603.
 1 [internal function]: CodeIgniter\Debug\Exceptions->shutdownHandler()
DEBUG - 2026-05-16 08:26:14 --> Session: Class initialized using 'CodeIgniter\Session\Handlers\FileHandler' driver.
DEBUG - 2026-05-16 08:26:15 --> Session: Class initialized using 'CodeIgniter\Session\Handlers\FileHandler' driver.
DEBUG - 2026-05-16 08:27:30 --> Session: Class initialized using 'CodeIgniter\Session\Handlers\FileHandler' driver.
CRITICAL - 2026-05-16 08:27:30 --> CodeIgniter\View\Exceptions\ViewException: Invalid file: "{0}"
[Method: GET, Route: admin/users]
in SYSTEMPATH/Exceptions/FrameworkException.php on line 39.
 1 SYSTEMPATH/View/View.php(228): CodeIgniter\Exceptions\FrameworkException::forInvalidFile('admin/user_management.php')
 2 SYSTEMPATH/Common.php(1250): CodeIgniter\View\View->render('admin/user_management', [], true)
 3 APPPATH/Controllers/AdminController.php(27): view('admin/user_management', [...])
 4 SYSTEMPATH/CodeIgniter.php(951): App\Controllers\AdminController->index()
 5 SYSTEMPATH/CodeIgniter.php(497): CodeIgniter\CodeIgniter->runController(Object(App\Controllers\AdminController))
 6 SYSTEMPATH/CodeIgniter.php(340): CodeIgniter\CodeIgniter->handleRequest(null, Object(Config\Cache), false)
 7 SYSTEMPATH/Boot.php(417): CodeIgniter\CodeIgniter->run()
 8 SYSTEMPATH/Boot.php(68): CodeIgniter\Boot::runCodeIgniter(Object(CodeIgniter\CodeIgniter))
 9 FCPATH/index.php(59): CodeIgniter\Boot::bootWeb(Object(Config\Paths))
CRITICAL - 2026-05-16 08:27:30 --> ErrorException: Uncaught Symfony\Polyfill\Intl\Icu\Exception\MethodNotImplementedException: The Symfony\Polyfill\Intl\Icu\NumberFormatter::setPattern() is not implemented. Please install the "intl" extension for full localization capabilities. in /Applications/XAMPP/xamppfiles/htdocs/sikumi/vendor/symfony/polyfill-intl-icu/NumberFormatter.php:603
Stack trace:
#0 /Applications/XAMPP/xamppfiles/htdocs/sikumi/vendor/codeigniter4/framework/system/Helpers/number_helper.php(158): Symfony\Polyfill\Intl\Icu\NumberFormatter->setPattern('#,##0.##')
#1 /Applications/XAMPP/xamppfiles/htdocs/sikumi/vendor/codeigniter4/framework/system/Helpers/number_helper.php(60): format_number(10.0, 2, 'en', Array)
#2 /Applications/XAMPP/xamppfiles/htdocs/sikumi/vendor/codeigniter4/framework/system/Debug/BaseExceptionHandler.php(158): number_to_size(10.0, 2)
#3 /Applications/XAMPP/xamppfiles/htdocs/sikumi/app/Views/errors/html/error_exception.php(408): CodeIgniter\Debug\BaseExceptionHandler::describeMemory(10485760)
#4 /Applications/XAMPP/xamppfiles/htdocs/sikumi/vendor/codeigniter4/framework/system/Debug/BaseExceptionHandler.php(270): include('/Applications/X...')
#5 /Applications/XAMPP/xamppfiles/htdocs/sikumi/vendor/codeigniter4/framework/system/Debug/BaseExceptionHandler.php(273): CodeIgniter\Debug\BaseExceptionHandler->CodeIgniter\Debug\{closure}()
#6 /Applications/XAMPP/xamppfiles/htdocs/sikumi/vendor/codeigniter4/framework/system/Debug/ExceptionHandler.php(126): CodeIgniter\Debug\BaseExceptionHandler->render(Object(CodeIgniter\View\Exceptions\ViewException), 500, '/Applications/X...')
#7 /Applications/XAMPP/xamppfiles/htdocs/sikumi/vendor/codeigniter4/framework/system/Debug/Exceptions.php(151): CodeIgniter\Debug\ExceptionHandler->handle(Object(CodeIgniter\View\Exceptions\ViewException), Object(CodeIgniter\HTTP\IncomingRequest), Object(CodeIgniter\HTTP\Response), 500, 1)
#8 [internal function]: CodeIgniter\Debug\Exceptions->exceptionHandler(Object(CodeIgniter\View\Exceptions\ViewException))
#9 {main}
  thrown
【Previous Exception】
CodeIgniter\View\Exceptions\ViewException
Invalid file: "{0}"
#0 /Applications/XAMPP/xamppfiles/htdocs/sikumi/vendor/codeigniter4/framework/system/View/View.php(228): CodeIgniter\Exceptions\FrameworkException::forInvalidFile('admin/user_mana...')
#1 /Applications/XAMPP/xamppfiles/htdocs/sikumi/vendor/codeigniter4/framework/system/Common.php(1250): CodeIgniter\View\View->render('admin/user_mana...', Array, true)
#2 /Applications/XAMPP/xamppfiles/htdocs/sikumi/app/Controllers/AdminController.php(27): view('admin/user_mana...', Array)
#3 /Applications/XAMPP/xamppfiles/htdocs/sikumi/vendor/codeigniter4/framework/system/CodeIgniter.php(951): App\Controllers\AdminController->index()
#4 /Applications/XAMPP/xamppfiles/htdocs/sikumi/vendor/codeigniter4/framework/system/CodeIgniter.php(497): CodeIgniter\CodeIgniter->runController(Object(App\Controllers\AdminController))
#5 /Applications/XAMPP/xamppfiles/htdocs/sikumi/vendor/codeigniter4/framework/system/CodeIgniter.php(340): CodeIgniter\CodeIgniter->handleRequest(NULL, Object(Config\Cache), false)
#6 /Applications/XAMPP/xamppfiles/htdocs/sikumi/vendor/codeigniter4/framework/system/Boot.php(417): CodeIgniter\CodeIgniter->run()
#7 /Applications/XAMPP/xamppfiles/htdocs/sikumi/vendor/codeigniter4/framework/system/Boot.php(68): CodeIgniter\Boot::runCodeIgniter(Object(CodeIgniter\CodeIgniter))
#8 /Applications/XAMPP/xamppfiles/htdocs/sikumi/public/index.php(59): CodeIgniter\Boot::bootWeb(Object(Config\Paths))
#9 {main}
[Method: GET, Route: admin/users]
in VENDORPATH/symfony/polyfill-intl-icu/NumberFormatter.php on line 603.
 1 [internal function]: CodeIgniter\Debug\Exceptions->shutdownHandler()
DEBUG - 2026-05-16 08:28:50 --> Session: Class initialized using 'CodeIgniter\Session\Handlers\FileHandler' driver.
CRITICAL - 2026-05-16 08:28:50 --> CodeIgniter\View\Exceptions\ViewException: Invalid file: "{0}"
[Method: GET, Route: admin/users]
in SYSTEMPATH/Exceptions/FrameworkException.php on line 39.
 1 SYSTEMPATH/View/View.php(228): CodeIgniter\Exceptions\FrameworkException::forInvalidFile('admin/user_management.php')
 2 SYSTEMPATH/Common.php(1250): CodeIgniter\View\View->render('admin/user_management', [], true)
 3 APPPATH/Controllers/AdminController.php(27): view('admin/user_management', [...])
 4 SYSTEMPATH/CodeIgniter.php(951): App\Controllers\AdminController->index()
 5 SYSTEMPATH/CodeIgniter.php(497): CodeIgniter\CodeIgniter->runController(Object(App\Controllers\AdminController))
 6 SYSTEMPATH/CodeIgniter.php(340): CodeIgniter\CodeIgniter->handleRequest(null, Object(Config\Cache), false)
 7 SYSTEMPATH/Boot.php(417): CodeIgniter\CodeIgniter->run()
 8 SYSTEMPATH/Boot.php(68): CodeIgniter\Boot::runCodeIgniter(Object(CodeIgniter\CodeIgniter))
 9 FCPATH/index.php(59): CodeIgniter\Boot::bootWeb(Object(Config\Paths))
CRITICAL - 2026-05-16 08:28:50 --> ErrorException: Uncaught Symfony\Polyfill\Intl\Icu\Exception\MethodNotImplementedException: The Symfony\Polyfill\Intl\Icu\NumberFormatter::setPattern() is not implemented. Please install the "intl" extension for full localization capabilities. in /Applications/XAMPP/xamppfiles/htdocs/sikumi/vendor/symfony/polyfill-intl-icu/NumberFormatter.php:603
Stack trace:
#0 /Applications/XAMPP/xamppfiles/htdocs/sikumi/vendor/codeigniter4/framework/system/Helpers/number_helper.php(158): Symfony\Polyfill\Intl\Icu\NumberFormatter->setPattern('#,##0.##')
#1 /Applications/XAMPP/xamppfiles/htdocs/sikumi/vendor/codeigniter4/framework/system/Helpers/number_helper.php(60): format_number(10.0, 2, 'en', Array)
#2 /Applications/XAMPP/xamppfiles/htdocs/sikumi/vendor/codeigniter4/framework/system/Debug/BaseExceptionHandler.php(158): number_to_size(10.0, 2)
#3 /Applications/XAMPP/xamppfiles/htdocs/sikumi/app/Views/errors/html/error_exception.php(408): CodeIgniter\Debug\BaseExceptionHandler::describeMemory(10485760)
#4 /Applications/XAMPP/xamppfiles/htdocs/sikumi/vendor/codeigniter4/framework/system/Debug/BaseExceptionHandler.php(270): include('/Applications/X...')
#5 /Applications/XAMPP/xamppfiles/htdocs/sikumi/vendor/codeigniter4/framework/system/Debug/BaseExceptionHandler.php(273): CodeIgniter\Debug\BaseExceptionHandler->CodeIgniter\Debug\{closure}()
#6 /Applications/XAMPP/xamppfiles/htdocs/sikumi/vendor/codeigniter4/framework/system/Debug/ExceptionHandler.php(126): CodeIgniter\Debug\BaseExceptionHandler->render(Object(CodeIgniter\View\Exceptions\ViewException), 500, '/Applications/X...')
#7 /Applications/XAMPP/xamppfiles/htdocs/sikumi/vendor/codeigniter4/framework/system/Debug/Exceptions.php(151): CodeIgniter\Debug\ExceptionHandler->handle(Object(CodeIgniter\View\Exceptions\ViewException), Object(CodeIgniter\HTTP\IncomingRequest), Object(CodeIgniter\HTTP\Response), 500, 1)
#8 [internal function]: CodeIgniter\Debug\Exceptions->exceptionHandler(Object(CodeIgniter\View\Exceptions\ViewException))
#9 {main}
  thrown
【Previous Exception】
CodeIgniter\View\Exceptions\ViewException
Invalid file: "{0}"
#0 /Applications/XAMPP/xamppfiles/htdocs/sikumi/vendor/codeigniter4/framework/system/View/View.php(228): CodeIgniter\Exceptions\FrameworkException::forInvalidFile('admin/user_mana...')
#1 /Applications/XAMPP/xamppfiles/htdocs/sikumi/vendor/codeigniter4/framework/system/Common.php(1250): CodeIgniter\View\View->render('admin/user_mana...', Array, true)
#2 /Applications/XAMPP/xamppfiles/htdocs/sikumi/app/Controllers/AdminController.php(27): view('admin/user_mana...', Array)
#3 /Applications/XAMPP/xamppfiles/htdocs/sikumi/vendor/codeigniter4/framework/system/CodeIgniter.php(951): App\Controllers\AdminController->index()
#4 /Applications/XAMPP/xamppfiles/htdocs/sikumi/vendor/codeigniter4/framework/system/CodeIgniter.php(497): CodeIgniter\CodeIgniter->runController(Object(App\Controllers\AdminController))
#5 /Applications/XAMPP/xamppfiles/htdocs/sikumi/vendor/codeigniter4/framework/system/CodeIgniter.php(340): CodeIgniter\CodeIgniter->handleRequest(NULL, Object(Config\Cache), false)
#6 /Applications/XAMPP/xamppfiles/htdocs/sikumi/vendor/codeigniter4/framework/system/Boot.php(417): CodeIgniter\CodeIgniter->run()
#7 /Applications/XAMPP/xamppfiles/htdocs/sikumi/vendor/codeigniter4/framework/system/Boot.php(68): CodeIgniter\Boot::runCodeIgniter(Object(CodeIgniter\CodeIgniter))
#8 /Applications/XAMPP/xamppfiles/htdocs/sikumi/public/index.php(59): CodeIgniter\Boot::bootWeb(Object(Config\Paths))
#9 {main}
[Method: GET, Route: admin/users]
in VENDORPATH/symfony/polyfill-intl-icu/NumberFormatter.php on line 603.
 1 [internal function]: CodeIgniter\Debug\Exceptions->shutdownHandler()
DEBUG - 2026-05-16 08:30:39 --> Session: Class initialized using 'CodeIgniter\Session\Handlers\FileHandler' driver.
DEBUG - 2026-05-16 08:30:39 --> Session: Class initialized using 'CodeIgniter\Session\Handlers\FileHandler' driver.
DEBUG - 2026-05-16 08:33:56 --> Session: Class initialized using 'CodeIgniter\Session\Handlers\FileHandler' driver.
DEBUG - 2026-05-16 08:33:56 --> Session: Class initialized using 'CodeIgniter\Session\Handlers\FileHandler' driver.
DEBUG - 2026-05-16 08:34:21 --> Session: Class initialized using 'CodeIgniter\Session\Handlers\FileHandler' driver.
DEBUG - 2026-05-16 08:34:34 --> Session: Class initialized using 'CodeIgniter\Session\Handlers\FileHandler' driver.
DEBUG - 2026-05-16 08:34:36 --> Session: Class initialized using 'CodeIgniter\Session\Handlers\FileHandler' driver.
DEBUG - 2026-05-16 08:34:45 --> Session: Class initialized using 'CodeIgniter\Session\Handlers\FileHandler' driver.
DEBUG - 2026-05-16 08:34:45 --> Session: Class initialized using 'CodeIgniter\Session\Handlers\FileHandler' driver.
DEBUG - 2026-05-16 08:34:52 --> Session: Class initialized using 'CodeIgniter\Session\Handlers\FileHandler' driver.
DEBUG - 2026-05-16 08:34:53 --> Session: Class initialized using 'CodeIgniter\Session\Handlers\FileHandler' driver.
DEBUG - 2026-05-16 08:34:53 --> Session: Class initialized using 'CodeIgniter\Session\Handlers\FileHandler' driver.
DEBUG - 2026-05-16 08:34:57 --> Session: Class initialized using 'CodeIgniter\Session\Handlers\FileHandler' driver.
DEBUG - 2026-05-16 08:34:57 --> Session: Class initialized using 'CodeIgniter\Session\Handlers\FileHandler' driver.
DEBUG - 2026-05-16 08:35:47 --> Session: Class initialized using 'CodeIgniter\Session\Handlers\FileHandler' driver.
DEBUG - 2026-05-16 08:35:47 --> Session: Class initialized using 'CodeIgniter\Session\Handlers\FileHandler' driver.
DEBUG - 2026-05-16 08:36:15 --> Session: Class initialized using 'CodeIgniter\Session\Handlers\FileHandler' driver.
DEBUG - 2026-05-16 08:36:15 --> Session: Class initialized using 'CodeIgniter\Session\Handlers\FileHandler' driver.
DEBUG - 2026-05-16 08:36:25 --> Session: Class initialized using 'CodeIgniter\Session\Handlers\FileHandler' driver.
DEBUG - 2026-05-16 08:36:25 --> Session: Class initialized using 'CodeIgniter\Session\Handlers\FileHandler' driver.
CRITICAL - 2026-05-16 08:36:25 --> CodeIgniter\View\Exceptions\ViewException: Invalid file: "{0}"
[Method: GET, Route: admin/users]
in SYSTEMPATH/Exceptions/FrameworkException.php on line 39.
 1 SYSTEMPATH/View/View.php(228): CodeIgniter\Exceptions\FrameworkException::forInvalidFile('admin/user_management.php')
 2 SYSTEMPATH/Common.php(1250): CodeIgniter\View\View->render('admin/user_management', [], true)
 3 APPPATH/Controllers/AdminController.php(27): view('admin/user_management', [...])
 4 SYSTEMPATH/CodeIgniter.php(951): App\Controllers\AdminController->index()
 5 SYSTEMPATH/CodeIgniter.php(497): CodeIgniter\CodeIgniter->runController(Object(App\Controllers\AdminController))
 6 SYSTEMPATH/CodeIgniter.php(340): CodeIgniter\CodeIgniter->handleRequest(null, Object(Config\Cache), false)
 7 SYSTEMPATH/Boot.php(417): CodeIgniter\CodeIgniter->run()
 8 SYSTEMPATH/Boot.php(68): CodeIgniter\Boot::runCodeIgniter(Object(CodeIgniter\CodeIgniter))
 9 FCPATH/index.php(59): CodeIgniter\Boot::bootWeb(Object(Config\Paths))
CRITICAL - 2026-05-16 08:36:25 --> ErrorException: Uncaught Symfony\Polyfill\Intl\Icu\Exception\MethodNotImplementedException: The Symfony\Polyfill\Intl\Icu\NumberFormatter::setPattern() is not implemented. Please install the "intl" extension for full localization capabilities. in /Applications/XAMPP/xamppfiles/htdocs/sikumi/vendor/symfony/polyfill-intl-icu/NumberFormatter.php:603
Stack trace:
#0 /Applications/XAMPP/xamppfiles/htdocs/sikumi/vendor/codeigniter4/framework/system/Helpers/number_helper.php(158): Symfony\Polyfill\Intl\Icu\NumberFormatter->setPattern('#,##0.##')
#1 /Applications/XAMPP/xamppfiles/htdocs/sikumi/vendor/codeigniter4/framework/system/Helpers/number_helper.php(60): format_number(10.0, 2, 'en', Array)
#2 /Applications/XAMPP/xamppfiles/htdocs/sikumi/vendor/codeigniter4/framework/system/Debug/BaseExceptionHandler.php(158): number_to_size(10.0, 2)
#3 /Applications/XAMPP/xamppfiles/htdocs/sikumi/app/Views/errors/html/error_exception.php(408): CodeIgniter\Debug\BaseExceptionHandler::describeMemory(10485760)
#4 /Applications/XAMPP/xamppfiles/htdocs/sikumi/vendor/codeigniter4/framework/system/Debug/BaseExceptionHandler.php(270): include('/Applications/X...')
#5 /Applications/XAMPP/xamppfiles/htdocs/sikumi/vendor/codeigniter4/framework/system/Debug/BaseExceptionHandler.php(273): CodeIgniter\Debug\BaseExceptionHandler->CodeIgniter\Debug\{closure}()
#6 /Applications/XAMPP/xamppfiles/htdocs/sikumi/vendor/codeigniter4/framework/system/Debug/ExceptionHandler.php(126): CodeIgniter\Debug\BaseExceptionHandler->render(Object(CodeIgniter\View\Exceptions\ViewException), 500, '/Applications/X...')
#7 /Applications/XAMPP/xamppfiles/htdocs/sikumi/vendor/codeigniter4/framework/system/Debug/Exceptions.php(151): CodeIgniter\Debug\ExceptionHandler->handle(Object(CodeIgniter\View\Exceptions\ViewException), Object(CodeIgniter\HTTP\IncomingRequest), Object(CodeIgniter\HTTP\Response), 500, 1)
#8 [internal function]: CodeIgniter\Debug\Exceptions->exceptionHandler(Object(CodeIgniter\View\Exceptions\ViewException))
#9 {main}
  thrown
【Previous Exception】
CodeIgniter\View\Exceptions\ViewException
Invalid file: "{0}"
#0 /Applications/XAMPP/xamppfiles/htdocs/sikumi/vendor/codeigniter4/framework/system/View/View.php(228): CodeIgniter\Exceptions\FrameworkException::forInvalidFile('admin/user_mana...')
#1 /Applications/XAMPP/xamppfiles/htdocs/sikumi/vendor/codeigniter4/framework/system/Common.php(1250): CodeIgniter\View\View->render('admin/user_mana...', Array, true)
#2 /Applications/XAMPP/xamppfiles/htdocs/sikumi/app/Controllers/AdminController.php(27): view('admin/user_mana...', Array)
#3 /Applications/XAMPP/xamppfiles/htdocs/sikumi/vendor/codeigniter4/framework/system/CodeIgniter.php(951): App\Controllers\AdminController->index()
#4 /Applications/XAMPP/xamppfiles/htdocs/sikumi/vendor/codeigniter4/framework/system/CodeIgniter.php(497): CodeIgniter\CodeIgniter->runController(Object(App\Controllers\AdminController))
#5 /Applications/XAMPP/xamppfiles/htdocs/sikumi/vendor/codeigniter4/framework/system/CodeIgniter.php(340): CodeIgniter\CodeIgniter->handleRequest(NULL, Object(Config\Cache), false)
#6 /Applications/XAMPP/xamppfiles/htdocs/sikumi/vendor/codeigniter4/framework/system/Boot.php(417): CodeIgniter\CodeIgniter->run()
#7 /Applications/XAMPP/xamppfiles/htdocs/sikumi/vendor/codeigniter4/framework/system/Boot.php(68): CodeIgniter\Boot::runCodeIgniter(Object(CodeIgniter\CodeIgniter))
#8 /Applications/XAMPP/xamppfiles/htdocs/sikumi/public/index.php(59): CodeIgniter\Boot::bootWeb(Object(Config\Paths))
#9 {main}
[Method: GET, Route: admin/users]
in VENDORPATH/symfony/polyfill-intl-icu/NumberFormatter.php on line 603.
 1 [internal function]: CodeIgniter\Debug\Exceptions->shutdownHandler()
DEBUG - 2026-05-16 08:36:37 --> Session: Class initialized using 'CodeIgniter\Session\Handlers\FileHandler' driver.
CRITICAL - 2026-05-16 08:36:37 --> CodeIgniter\View\Exceptions\ViewException: Invalid file: "{0}"
[Method: GET, Route: admin/users]
in SYSTEMPATH/Exceptions/FrameworkException.php on line 39.
 1 SYSTEMPATH/View/View.php(228): CodeIgniter\Exceptions\FrameworkException::forInvalidFile('admin/user_management.php')
 2 SYSTEMPATH/Common.php(1250): CodeIgniter\View\View->render('admin/user_management', [], true)
 3 APPPATH/Controllers/AdminController.php(27): view('admin/user_management', [...])
 4 SYSTEMPATH/CodeIgniter.php(951): App\Controllers\AdminController->index()
 5 SYSTEMPATH/CodeIgniter.php(497): CodeIgniter\CodeIgniter->runController(Object(App\Controllers\AdminController))
 6 SYSTEMPATH/CodeIgniter.php(340): CodeIgniter\CodeIgniter->handleRequest(null, Object(Config\Cache), false)
 7 SYSTEMPATH/Boot.php(417): CodeIgniter\CodeIgniter->run()
 8 SYSTEMPATH/Boot.php(68): CodeIgniter\Boot::runCodeIgniter(Object(CodeIgniter\CodeIgniter))
 9 FCPATH/index.php(59): CodeIgniter\Boot::bootWeb(Object(Config\Paths))
CRITICAL - 2026-05-16 08:36:37 --> ErrorException: Uncaught Symfony\Polyfill\Intl\Icu\Exception\MethodNotImplementedException: The Symfony\Polyfill\Intl\Icu\NumberFormatter::setPattern() is not implemented. Please install the "intl" extension for full localization capabilities. in /Applications/XAMPP/xamppfiles/htdocs/sikumi/vendor/symfony/polyfill-intl-icu/NumberFormatter.php:603
Stack trace:
#0 /Applications/XAMPP/xamppfiles/htdocs/sikumi/vendor/codeigniter4/framework/system/Helpers/number_helper.php(158): Symfony\Polyfill\Intl\Icu\NumberFormatter->setPattern('#,##0.##')
#1 /Applications/XAMPP/xamppfiles/htdocs/sikumi/vendor/codeigniter4/framework/system/Helpers/number_helper.php(60): format_number(10.0, 2, 'en', Array)
#2 /Applications/XAMPP/xamppfiles/htdocs/sikumi/vendor/codeigniter4/framework/system/Debug/BaseExceptionHandler.php(158): number_to_size(10.0, 2)
#3 /Applications/XAMPP/xamppfiles/htdocs/sikumi/app/Views/errors/html/error_exception.php(408): CodeIgniter\Debug\BaseExceptionHandler::describeMemory(10485760)
#4 /Applications/XAMPP/xamppfiles/htdocs/sikumi/vendor/codeigniter4/framework/system/Debug/BaseExceptionHandler.php(270): include('/Applications/X...')
#5 /Applications/XAMPP/xamppfiles/htdocs/sikumi/vendor/codeigniter4/framework/system/Debug/BaseExceptionHandler.php(273): CodeIgniter\Debug\BaseExceptionHandler->CodeIgniter\Debug\{closure}()
#6 /Applications/XAMPP/xamppfiles/htdocs/sikumi/vendor/codeigniter4/framework/system/Debug/ExceptionHandler.php(126): CodeIgniter\Debug\BaseExceptionHandler->render(Object(CodeIgniter\View\Exceptions\ViewException), 500, '/Applications/X...')
#7 /Applications/XAMPP/xamppfiles/htdocs/sikumi/vendor/codeigniter4/framework/system/Debug/Exceptions.php(151): CodeIgniter\Debug\ExceptionHandler->handle(Object(CodeIgniter\View\Exceptions\ViewException), Object(CodeIgniter\HTTP\IncomingRequest), Object(CodeIgniter\HTTP\Response), 500, 1)
#8 [internal function]: CodeIgniter\Debug\Exceptions->exceptionHandler(Object(CodeIgniter\View\Exceptions\ViewException))
#9 {main}
  thrown
【Previous Exception】
CodeIgniter\View\Exceptions\ViewException
Invalid file: "{0}"
#0 /Applications/XAMPP/xamppfiles/htdocs/sikumi/vendor/codeigniter4/framework/system/View/View.php(228): CodeIgniter\Exceptions\FrameworkException::forInvalidFile('admin/user_mana...')
#1 /Applications/XAMPP/xamppfiles/htdocs/sikumi/vendor/codeigniter4/framework/system/Common.php(1250): CodeIgniter\View\View->render('admin/user_mana...', Array, true)
#2 /Applications/XAMPP/xamppfiles/htdocs/sikumi/app/Controllers/AdminController.php(27): view('admin/user_mana...', Array)
#3 /Applications/XAMPP/xamppfiles/htdocs/sikumi/vendor/codeigniter4/framework/system/CodeIgniter.php(951): App\Controllers\AdminController->index()
#4 /Applications/XAMPP/xamppfiles/htdocs/sikumi/vendor/codeigniter4/framework/system/CodeIgniter.php(497): CodeIgniter\CodeIgniter->runController(Object(App\Controllers\AdminController))
#5 /Applications/XAMPP/xamppfiles/htdocs/sikumi/vendor/codeigniter4/framework/system/CodeIgniter.php(340): CodeIgniter\CodeIgniter->handleRequest(NULL, Object(Config\Cache), false)
#6 /Applications/XAMPP/xamppfiles/htdocs/sikumi/vendor/codeigniter4/framework/system/Boot.php(417): CodeIgniter\CodeIgniter->run()
#7 /Applications/XAMPP/xamppfiles/htdocs/sikumi/vendor/codeigniter4/framework/system/Boot.php(68): CodeIgniter\Boot::runCodeIgniter(Object(CodeIgniter\CodeIgniter))
#8 /Applications/XAMPP/xamppfiles/htdocs/sikumi/public/index.php(59): CodeIgniter\Boot::bootWeb(Object(Config\Paths))
#9 {main}
[Method: GET, Route: admin/users]
in VENDORPATH/symfony/polyfill-intl-icu/NumberFormatter.php on line 603.
 1 [internal function]: CodeIgniter\Debug\Exceptions->shutdownHandler()
DEBUG - 2026-05-16 08:40:35 --> Session: Class initialized using 'CodeIgniter\Session\Handlers\FileHandler' driver.
CRITICAL - 2026-05-16 08:40:35 --> CodeIgniter\View\Exceptions\ViewException: Invalid file: "{0}"
[Method: GET, Route: admin/users]
in SYSTEMPATH/Exceptions/FrameworkException.php on line 39.
 1 SYSTEMPATH/View/View.php(228): CodeIgniter\Exceptions\FrameworkException::forInvalidFile('admin/user_management.php')
 2 SYSTEMPATH/Common.php(1250): CodeIgniter\View\View->render('admin/user_management', [], true)
 3 APPPATH/Controllers/AdminController.php(27): view('admin/user_management', [...])
 4 SYSTEMPATH/CodeIgniter.php(951): App\Controllers\AdminController->index()
 5 SYSTEMPATH/CodeIgniter.php(497): CodeIgniter\CodeIgniter->runController(Object(App\Controllers\AdminController))
 6 SYSTEMPATH/CodeIgniter.php(340): CodeIgniter\CodeIgniter->handleRequest(null, Object(Config\Cache), false)
 7 SYSTEMPATH/Boot.php(417): CodeIgniter\CodeIgniter->run()
 8 SYSTEMPATH/Boot.php(68): CodeIgniter\Boot::runCodeIgniter(Object(CodeIgniter\CodeIgniter))
 9 FCPATH/index.php(59): CodeIgniter\Boot::bootWeb(Object(Config\Paths))
CRITICAL - 2026-05-16 08:40:35 --> ErrorException: Uncaught Symfony\Polyfill\Intl\Icu\Exception\MethodNotImplementedException: The Symfony\Polyfill\Intl\Icu\NumberFormatter::setPattern() is not implemented. Please install the "intl" extension for full localization capabilities. in /Applications/XAMPP/xamppfiles/htdocs/sikumi/vendor/symfony/polyfill-intl-icu/NumberFormatter.php:603
Stack trace:
#0 /Applications/XAMPP/xamppfiles/htdocs/sikumi/vendor/codeigniter4/framework/system/Helpers/number_helper.php(158): Symfony\Polyfill\Intl\Icu\NumberFormatter->setPattern('#,##0.##')
#1 /Applications/XAMPP/xamppfiles/htdocs/sikumi/vendor/codeigniter4/framework/system/Helpers/number_helper.php(60): format_number(10.0, 2, 'en', Array)
#2 /Applications/XAMPP/xamppfiles/htdocs/sikumi/vendor/codeigniter4/framework/system/Debug/BaseExceptionHandler.php(158): number_to_size(10.0, 2)
#3 /Applications/XAMPP/xamppfiles/htdocs/sikumi/app/Views/errors/html/error_exception.php(408): CodeIgniter\Debug\BaseExceptionHandler::describeMemory(10485760)
#4 /Applications/XAMPP/xamppfiles/htdocs/sikumi/vendor/codeigniter4/framework/system/Debug/BaseExceptionHandler.php(270): include('/Applications/X...')
#5 /Applications/XAMPP/xamppfiles/htdocs/sikumi/vendor/codeigniter4/framework/system/Debug/BaseExceptionHandler.php(273): CodeIgniter\Debug\BaseExceptionHandler->CodeIgniter\Debug\{closure}()
#6 /Applications/XAMPP/xamppfiles/htdocs/sikumi/vendor/codeigniter4/framework/system/Debug/ExceptionHandler.php(126): CodeIgniter\Debug\BaseExceptionHandler->render(Object(CodeIgniter\View\Exceptions\ViewException), 500, '/Applications/X...')
#7 /Applications/XAMPP/xamppfiles/htdocs/sikumi/vendor/codeigniter4/framework/system/Debug/Exceptions.php(151): CodeIgniter\Debug\ExceptionHandler->handle(Object(CodeIgniter\View\Exceptions\ViewException), Object(CodeIgniter\HTTP\IncomingRequest), Object(CodeIgniter\HTTP\Response), 500, 1)
#8 [internal function]: CodeIgniter\Debug\Exceptions->exceptionHandler(Object(CodeIgniter\View\Exceptions\ViewException))
#9 {main}
  thrown
【Previous Exception】
CodeIgniter\View\Exceptions\ViewException
Invalid file: "{0}"
#0 /Applications/XAMPP/xamppfiles/htdocs/sikumi/vendor/codeigniter4/framework/system/View/View.php(228): CodeIgniter\Exceptions\FrameworkException::forInvalidFile('admin/user_mana...')
#1 /Applications/XAMPP/xamppfiles/htdocs/sikumi/vendor/codeigniter4/framework/system/Common.php(1250): CodeIgniter\View\View->render('admin/user_mana...', Array, true)
#2 /Applications/XAMPP/xamppfiles/htdocs/sikumi/app/Controllers/AdminController.php(27): view('admin/user_mana...', Array)
#3 /Applications/XAMPP/xamppfiles/htdocs/sikumi/vendor/codeigniter4/framework/system/CodeIgniter.php(951): App\Controllers\AdminController->index()
#4 /Applications/XAMPP/xamppfiles/htdocs/sikumi/vendor/codeigniter4/framework/system/CodeIgniter.php(497): CodeIgniter\CodeIgniter->runController(Object(App\Controllers\AdminController))
#5 /Applications/XAMPP/xamppfiles/htdocs/sikumi/vendor/codeigniter4/framework/system/CodeIgniter.php(340): CodeIgniter\CodeIgniter->handleRequest(NULL, Object(Config\Cache), false)
#6 /Applications/XAMPP/xamppfiles/htdocs/sikumi/vendor/codeigniter4/framework/system/Boot.php(417): CodeIgniter\CodeIgniter->run()
#7 /Applications/XAMPP/xamppfiles/htdocs/sikumi/vendor/codeigniter4/framework/system/Boot.php(68): CodeIgniter\Boot::runCodeIgniter(Object(CodeIgniter\CodeIgniter))
#8 /Applications/XAMPP/xamppfiles/htdocs/sikumi/public/index.php(59): CodeIgniter\Boot::bootWeb(Object(Config\Paths))
#9 {main}
[Method: GET, Route: admin/users]
in VENDORPATH/symfony/polyfill-intl-icu/NumberFormatter.php on line 603.
 1 [internal function]: CodeIgniter\Debug\Exceptions->shutdownHandler()
DEBUG - 2026-05-16 08:40:59 --> Session: Class initialized using 'CodeIgniter\Session\Handlers\FileHandler' driver.
CRITICAL - 2026-05-16 08:40:59 --> CodeIgniter\View\Exceptions\ViewException: Invalid file: "{0}"
[Method: GET, Route: admin/users]
in SYSTEMPATH/Exceptions/FrameworkException.php on line 39.
 1 SYSTEMPATH/View/View.php(228): CodeIgniter\Exceptions\FrameworkException::forInvalidFile('admin/user_management.php')
 2 SYSTEMPATH/Common.php(1250): CodeIgniter\View\View->render('admin/user_management', [], true)
 3 APPPATH/Controllers/AdminController.php(27): view('admin/user_management', [...])
 4 SYSTEMPATH/CodeIgniter.php(951): App\Controllers\AdminController->index()
 5 SYSTEMPATH/CodeIgniter.php(497): CodeIgniter\CodeIgniter->runController(Object(App\Controllers\AdminController))
 6 SYSTEMPATH/CodeIgniter.php(340): CodeIgniter\CodeIgniter->handleRequest(null, Object(Config\Cache), false)
 7 SYSTEMPATH/Boot.php(417): CodeIgniter\CodeIgniter->run()
 8 SYSTEMPATH/Boot.php(68): CodeIgniter\Boot::runCodeIgniter(Object(CodeIgniter\CodeIgniter))
 9 FCPATH/index.php(59): CodeIgniter\Boot::bootWeb(Object(Config\Paths))
CRITICAL - 2026-05-16 08:40:59 --> ErrorException: Uncaught Symfony\Polyfill\Intl\Icu\Exception\MethodNotImplementedException: The Symfony\Polyfill\Intl\Icu\NumberFormatter::setPattern() is not implemented. Please install the "intl" extension for full localization capabilities. in /Applications/XAMPP/xamppfiles/htdocs/sikumi/vendor/symfony/polyfill-intl-icu/NumberFormatter.php:603
Stack trace:
#0 /Applications/XAMPP/xamppfiles/htdocs/sikumi/vendor/codeigniter4/framework/system/Helpers/number_helper.php(158): Symfony\Polyfill\Intl\Icu\NumberFormatter->setPattern('#,##0.##')
#1 /Applications/XAMPP/xamppfiles/htdocs/sikumi/vendor/codeigniter4/framework/system/Helpers/number_helper.php(60): format_number(10.0, 2, 'en', Array)
#2 /Applications/XAMPP/xamppfiles/htdocs/sikumi/vendor/codeigniter4/framework/system/Debug/BaseExceptionHandler.php(158): number_to_size(10.0, 2)
#3 /Applications/XAMPP/xamppfiles/htdocs/sikumi/app/Views/errors/html/error_exception.php(408): CodeIgniter\Debug\BaseExceptionHandler::describeMemory(10485760)
#4 /Applications/XAMPP/xamppfiles/htdocs/sikumi/vendor/codeigniter4/framework/system/Debug/BaseExceptionHandler.php(270): include('/Applications/X...')
#5 /Applications/XAMPP/xamppfiles/htdocs/sikumi/vendor/codeigniter4/framework/system/Debug/BaseExceptionHandler.php(273): CodeIgniter\Debug\BaseExceptionHandler->CodeIgniter\Debug\{closure}()
#6 /Applications/XAMPP/xamppfiles/htdocs/sikumi/vendor/codeigniter4/framework/system/Debug/ExceptionHandler.php(126): CodeIgniter\Debug\BaseExceptionHandler->render(Object(CodeIgniter\View\Exceptions\ViewException), 500, '/Applications/X...')
#7 /Applications/XAMPP/xamppfiles/htdocs/sikumi/vendor/codeigniter4/framework/system/Debug/Exceptions.php(151): CodeIgniter\Debug\ExceptionHandler->handle(Object(CodeIgniter\View\Exceptions\ViewException), Object(CodeIgniter\HTTP\IncomingRequest), Object(CodeIgniter\HTTP\Response), 500, 1)
#8 [internal function]: CodeIgniter\Debug\Exceptions->exceptionHandler(Object(CodeIgniter\View\Exceptions\ViewException))
#9 {main}
  thrown
【Previous Exception】
CodeIgniter\View\Exceptions\ViewException
Invalid file: "{0}"
#0 /Applications/XAMPP/xamppfiles/htdocs/sikumi/vendor/codeigniter4/framework/system/View/View.php(228): CodeIgniter\Exceptions\FrameworkException::forInvalidFile('admin/user_mana...')
#1 /Applications/XAMPP/xamppfiles/htdocs/sikumi/vendor/codeigniter4/framework/system/Common.php(1250): CodeIgniter\View\View->render('admin/user_mana...', Array, true)
#2 /Applications/XAMPP/xamppfiles/htdocs/sikumi/app/Controllers/AdminController.php(27): view('admin/user_mana...', Array)
#3 /Applications/XAMPP/xamppfiles/htdocs/sikumi/vendor/codeigniter4/framework/system/CodeIgniter.php(951): App\Controllers\AdminController->index()
#4 /Applications/XAMPP/xamppfiles/htdocs/sikumi/vendor/codeigniter4/framework/system/CodeIgniter.php(497): CodeIgniter\CodeIgniter->runController(Object(App\Controllers\AdminController))
#5 /Applications/XAMPP/xamppfiles/htdocs/sikumi/vendor/codeigniter4/framework/system/CodeIgniter.php(340): CodeIgniter\CodeIgniter->handleRequest(NULL, Object(Config\Cache), false)
#6 /Applications/XAMPP/xamppfiles/htdocs/sikumi/vendor/codeigniter4/framework/system/Boot.php(417): CodeIgniter\CodeIgniter->run()
#7 /Applications/XAMPP/xamppfiles/htdocs/sikumi/vendor/codeigniter4/framework/system/Boot.php(68): CodeIgniter\Boot::runCodeIgniter(Object(CodeIgniter\CodeIgniter))
#8 /Applications/XAMPP/xamppfiles/htdocs/sikumi/public/index.php(59): CodeIgniter\Boot::bootWeb(Object(Config\Paths))
#9 {main}
[Method: GET, Route: admin/users]
in VENDORPATH/symfony/polyfill-intl-icu/NumberFormatter.php on line 603.
 1 [internal function]: CodeIgniter\Debug\Exceptions->shutdownHandler()
DEBUG - 2026-05-16 08:41:10 --> Session: Class initialized using 'CodeIgniter\Session\Handlers\FileHandler' driver.
DEBUG - 2026-05-16 08:41:11 --> Session: Class initialized using 'CodeIgniter\Session\Handlers\FileHandler' driver.
DEBUG - 2026-05-16 08:41:11 --> Session: Class initialized using 'CodeIgniter\Session\Handlers\FileHandler' driver.
CRITICAL - 2026-05-16 08:41:11 --> CodeIgniter\View\Exceptions\ViewException: Invalid file: "{0}"
[Method: GET, Route: admin/users]
in SYSTEMPATH/Exceptions/FrameworkException.php on line 39.
 1 SYSTEMPATH/View/View.php(228): CodeIgniter\Exceptions\FrameworkException::forInvalidFile('admin/user_management.php')
 2 SYSTEMPATH/Common.php(1250): CodeIgniter\View\View->render('admin/user_management', [], true)
 3 APPPATH/Controllers/AdminController.php(27): view('admin/user_management', [...])
 4 SYSTEMPATH/CodeIgniter.php(951): App\Controllers\AdminController->index()
 5 SYSTEMPATH/CodeIgniter.php(497): CodeIgniter\CodeIgniter->runController(Object(App\Controllers\AdminController))
 6 SYSTEMPATH/CodeIgniter.php(340): CodeIgniter\CodeIgniter->handleRequest(null, Object(Config\Cache), false)
 7 SYSTEMPATH/Boot.php(417): CodeIgniter\CodeIgniter->run()
 8 SYSTEMPATH/Boot.php(68): CodeIgniter\Boot::runCodeIgniter(Object(CodeIgniter\CodeIgniter))
 9 FCPATH/index.php(59): CodeIgniter\Boot::bootWeb(Object(Config\Paths))
CRITICAL - 2026-05-16 08:41:11 --> ErrorException: Uncaught Symfony\Polyfill\Intl\Icu\Exception\MethodNotImplementedException: The Symfony\Polyfill\Intl\Icu\NumberFormatter::setPattern() is not implemented. Please install the "intl" extension for full localization capabilities. in /Applications/XAMPP/xamppfiles/htdocs/sikumi/vendor/symfony/polyfill-intl-icu/NumberFormatter.php:603
Stack trace:
#0 /Applications/XAMPP/xamppfiles/htdocs/sikumi/vendor/codeigniter4/framework/system/Helpers/number_helper.php(158): Symfony\Polyfill\Intl\Icu\NumberFormatter->setPattern('#,##0.##')
#1 /Applications/XAMPP/xamppfiles/htdocs/sikumi/vendor/codeigniter4/framework/system/Helpers/number_helper.php(60): format_number(10.0, 2, 'en', Array)
#2 /Applications/XAMPP/xamppfiles/htdocs/sikumi/vendor/codeigniter4/framework/system/Debug/BaseExceptionHandler.php(158): number_to_size(10.0, 2)
#3 /Applications/XAMPP/xamppfiles/htdocs/sikumi/app/Views/errors/html/error_exception.php(408): CodeIgniter\Debug\BaseExceptionHandler::describeMemory(10485760)
#4 /Applications/XAMPP/xamppfiles/htdocs/sikumi/vendor/codeigniter4/framework/system/Debug/BaseExceptionHandler.php(270): include('/Applications/X...')
#5 /Applications/XAMPP/xamppfiles/htdocs/sikumi/vendor/codeigniter4/framework/system/Debug/BaseExceptionHandler.php(273): CodeIgniter\Debug\BaseExceptionHandler->CodeIgniter\Debug\{closure}()
#6 /Applications/XAMPP/xamppfiles/htdocs/sikumi/vendor/codeigniter4/framework/system/Debug/ExceptionHandler.php(126): CodeIgniter\Debug\BaseExceptionHandler->render(Object(CodeIgniter\View\Exceptions\ViewException), 500, '/Applications/X...')
#7 /Applications/XAMPP/xamppfiles/htdocs/sikumi/vendor/codeigniter4/framework/system/Debug/Exceptions.php(151): CodeIgniter\Debug\ExceptionHandler->handle(Object(CodeIgniter\View\Exceptions\ViewException), Object(CodeIgniter\HTTP\IncomingRequest), Object(CodeIgniter\HTTP\Response), 500, 1)
#8 [internal function]: CodeIgniter\Debug\Exceptions->exceptionHandler(Object(CodeIgniter\View\Exceptions\ViewException))
#9 {main}
  thrown
【Previous Exception】
CodeIgniter\View\Exceptions\ViewException
Invalid file: "{0}"
#0 /Applications/XAMPP/xamppfiles/htdocs/sikumi/vendor/codeigniter4/framework/system/View/View.php(228): CodeIgniter\Exceptions\FrameworkException::forInvalidFile('admin/user_mana...')
#1 /Applications/XAMPP/xamppfiles/htdocs/sikumi/vendor/codeigniter4/framework/system/Common.php(1250): CodeIgniter\View\View->render('admin/user_mana...', Array, true)
#2 /Applications/XAMPP/xamppfiles/htdocs/sikumi/app/Controllers/AdminController.php(27): view('admin/user_mana...', Array)
#3 /Applications/XAMPP/xamppfiles/htdocs/sikumi/vendor/codeigniter4/framework/system/CodeIgniter.php(951): App\Controllers\AdminController->index()
#4 /Applications/XAMPP/xamppfiles/htdocs/sikumi/vendor/codeigniter4/framework/system/CodeIgniter.php(497): CodeIgniter\CodeIgniter->runController(Object(App\Controllers\AdminController))
#5 /Applications/XAMPP/xamppfiles/htdocs/sikumi/vendor/codeigniter4/framework/system/CodeIgniter.php(340): CodeIgniter\CodeIgniter->handleRequest(NULL, Object(Config\Cache), false)
#6 /Applications/XAMPP/xamppfiles/htdocs/sikumi/vendor/codeigniter4/framework/system/Boot.php(417): CodeIgniter\CodeIgniter->run()
#7 /Applications/XAMPP/xamppfiles/htdocs/sikumi/vendor/codeigniter4/framework/system/Boot.php(68): CodeIgniter\Boot::runCodeIgniter(Object(CodeIgniter\CodeIgniter))
#8 /Applications/XAMPP/xamppfiles/htdocs/sikumi/public/index.php(59): CodeIgniter\Boot::bootWeb(Object(Config\Paths))
#9 {main}
[Method: GET, Route: admin/users]
in VENDORPATH/symfony/polyfill-intl-icu/NumberFormatter.php on line 603.
 1 [internal function]: CodeIgniter\Debug\Exceptions->shutdownHandler()
DEBUG - 2026-05-16 08:41:13 --> Session: Class initialized using 'CodeIgniter\Session\Handlers\FileHandler' driver.
DEBUG - 2026-05-16 08:41:13 --> Session: Class initialized using 'CodeIgniter\Session\Handlers\FileHandler' driver.
DEBUG - 2026-05-16 08:41:28 --> Session: Class initialized using 'CodeIgniter\Session\Handlers\FileHandler' driver.
DEBUG - 2026-05-16 08:41:28 --> Session: Class initialized using 'CodeIgniter\Session\Handlers\FileHandler' driver.
DEBUG - 2026-05-16 08:41:41 --> Session: Class initialized using 'CodeIgniter\Session\Handlers\FileHandler' driver.
DEBUG - 2026-05-16 08:41:41 --> Session: Class initialized using 'CodeIgniter\Session\Handlers\FileHandler' driver.
CRITICAL - 2026-05-16 08:41:41 --> CodeIgniter\View\Exceptions\ViewException: Invalid file: "{0}"
[Method: GET, Route: admin/users]
in SYSTEMPATH/Exceptions/FrameworkException.php on line 39.
 1 SYSTEMPATH/View/View.php(228): CodeIgniter\Exceptions\FrameworkException::forInvalidFile('admin/user_management.php')
 2 SYSTEMPATH/Common.php(1250): CodeIgniter\View\View->render('admin/user_management', [], true)
 3 APPPATH/Controllers/AdminController.php(27): view('admin/user_management', [...])
 4 SYSTEMPATH/CodeIgniter.php(951): App\Controllers\AdminController->index()
 5 SYSTEMPATH/CodeIgniter.php(497): CodeIgniter\CodeIgniter->runController(Object(App\Controllers\AdminController))
 6 SYSTEMPATH/CodeIgniter.php(340): CodeIgniter\CodeIgniter->handleRequest(null, Object(Config\Cache), false)
 7 SYSTEMPATH/Boot.php(417): CodeIgniter\CodeIgniter->run()
 8 SYSTEMPATH/Boot.php(68): CodeIgniter\Boot::runCodeIgniter(Object(CodeIgniter\CodeIgniter))
 9 FCPATH/index.php(59): CodeIgniter\Boot::bootWeb(Object(Config\Paths))
CRITICAL - 2026-05-16 08:41:41 --> ErrorException: Uncaught Symfony\Polyfill\Intl\Icu\Exception\MethodNotImplementedException: The Symfony\Polyfill\Intl\Icu\NumberFormatter::setPattern() is not implemented. Please install the "intl" extension for full localization capabilities. in /Applications/XAMPP/xamppfiles/htdocs/sikumi/vendor/symfony/polyfill-intl-icu/NumberFormatter.php:603
Stack trace:
#0 /Applications/XAMPP/xamppfiles/htdocs/sikumi/vendor/codeigniter4/framework/system/Helpers/number_helper.php(158): Symfony\Polyfill\Intl\Icu\NumberFormatter->setPattern('#,##0.##')
#1 /Applications/XAMPP/xamppfiles/htdocs/sikumi/vendor/codeigniter4/framework/system/Helpers/number_helper.php(60): format_number(10.0, 2, 'en', Array)
#2 /Applications/XAMPP/xamppfiles/htdocs/sikumi/vendor/codeigniter4/framework/system/Debug/BaseExceptionHandler.php(158): number_to_size(10.0, 2)
#3 /Applications/XAMPP/xamppfiles/htdocs/sikumi/app/Views/errors/html/error_exception.php(408): CodeIgniter\Debug\BaseExceptionHandler::describeMemory(10485760)
#4 /Applications/XAMPP/xamppfiles/htdocs/sikumi/vendor/codeigniter4/framework/system/Debug/BaseExceptionHandler.php(270): include('/Applications/X...')
#5 /Applications/XAMPP/xamppfiles/htdocs/sikumi/vendor/codeigniter4/framework/system/Debug/BaseExceptionHandler.php(273): CodeIgniter\Debug\BaseExceptionHandler->CodeIgniter\Debug\{closure}()
#6 /Applications/XAMPP/xamppfiles/htdocs/sikumi/vendor/codeigniter4/framework/system/Debug/ExceptionHandler.php(126): CodeIgniter\Debug\BaseExceptionHandler->render(Object(CodeIgniter\View\Exceptions\ViewException), 500, '/Applications/X...')
#7 /Applications/XAMPP/xamppfiles/htdocs/sikumi/vendor/codeigniter4/framework/system/Debug/Exceptions.php(151): CodeIgniter\Debug\ExceptionHandler->handle(Object(CodeIgniter\View\Exceptions\ViewException), Object(CodeIgniter\HTTP\IncomingRequest), Object(CodeIgniter\HTTP\Response), 500, 1)
#8 [internal function]: CodeIgniter\Debug\Exceptions->exceptionHandler(Object(CodeIgniter\View\Exceptions\ViewException))
#9 {main}
  thrown
【Previous Exception】
CodeIgniter\View\Exceptions\ViewException
Invalid file: "{0}"
#0 /Applications/XAMPP/xamppfiles/htdocs/sikumi/vendor/codeigniter4/framework/system/View/View.php(228): CodeIgniter\Exceptions\FrameworkException::forInvalidFile('admin/user_mana...')
#1 /Applications/XAMPP/xamppfiles/htdocs/sikumi/vendor/codeigniter4/framework/system/Common.php(1250): CodeIgniter\View\View->render('admin/user_mana...', Array, true)
#2 /Applications/XAMPP/xamppfiles/htdocs/sikumi/app/Controllers/AdminController.php(27): view('admin/user_mana...', Array)
#3 /Applications/XAMPP/xamppfiles/htdocs/sikumi/vendor/codeigniter4/framework/system/CodeIgniter.php(951): App\Controllers\AdminController->index()
#4 /Applications/XAMPP/xamppfiles/htdocs/sikumi/vendor/codeigniter4/framework/system/CodeIgniter.php(497): CodeIgniter\CodeIgniter->runController(Object(App\Controllers\AdminController))
#5 /Applications/XAMPP/xamppfiles/htdocs/sikumi/vendor/codeigniter4/framework/system/CodeIgniter.php(340): CodeIgniter\CodeIgniter->handleRequest(NULL, Object(Config\Cache), false)
#6 /Applications/XAMPP/xamppfiles/htdocs/sikumi/vendor/codeigniter4/framework/system/Boot.php(417): CodeIgniter\CodeIgniter->run()
#7 /Applications/XAMPP/xamppfiles/htdocs/sikumi/vendor/codeigniter4/framework/system/Boot.php(68): CodeIgniter\Boot::runCodeIgniter(Object(CodeIgniter\CodeIgniter))
#8 /Applications/XAMPP/xamppfiles/htdocs/sikumi/public/index.php(59): CodeIgniter\Boot::bootWeb(Object(Config\Paths))
#9 {main}
[Method: GET, Route: admin/users]
in VENDORPATH/symfony/polyfill-intl-icu/NumberFormatter.php on line 603.
 1 [internal function]: CodeIgniter\Debug\Exceptions->shutdownHandler()
DEBUG - 2026-05-16 08:45:00 --> Session: Class initialized using 'CodeIgniter\Session\Handlers\FileHandler' driver.
DEBUG - 2026-05-16 08:49:31 --> Session: Class initialized using 'CodeIgniter\Session\Handlers\FileHandler' driver.
CRITICAL - 2026-05-16 08:49:31 --> CodeIgniter\View\Exceptions\ViewException: Invalid file: "{0}"
[Method: GET, Route: admin/users]
in SYSTEMPATH/Exceptions/FrameworkException.php on line 39.
 1 SYSTEMPATH/View/View.php(228): CodeIgniter\Exceptions\FrameworkException::forInvalidFile('admin/user_management.php')
 2 SYSTEMPATH/Common.php(1250): CodeIgniter\View\View->render('admin/user_management', [], true)
 3 APPPATH/Controllers/AdminController.php(35): view('admin/user_management', [...])
 4 SYSTEMPATH/CodeIgniter.php(951): App\Controllers\AdminController->index()
 5 SYSTEMPATH/CodeIgniter.php(497): CodeIgniter\CodeIgniter->runController(Object(App\Controllers\AdminController))
 6 SYSTEMPATH/CodeIgniter.php(340): CodeIgniter\CodeIgniter->handleRequest(null, Object(Config\Cache), false)
 7 SYSTEMPATH/Boot.php(417): CodeIgniter\CodeIgniter->run()
 8 SYSTEMPATH/Boot.php(68): CodeIgniter\Boot::runCodeIgniter(Object(CodeIgniter\CodeIgniter))
 9 FCPATH/index.php(59): CodeIgniter\Boot::bootWeb(Object(Config\Paths))
CRITICAL - 2026-05-16 08:49:31 --> ErrorException: Uncaught Symfony\Polyfill\Intl\Icu\Exception\MethodNotImplementedException: The Symfony\Polyfill\Intl\Icu\NumberFormatter::setPattern() is not implemented. Please install the "intl" extension for full localization capabilities. in /Applications/XAMPP/xamppfiles/htdocs/sikumi/vendor/symfony/polyfill-intl-icu/NumberFormatter.php:603
Stack trace:
#0 /Applications/XAMPP/xamppfiles/htdocs/sikumi/vendor/codeigniter4/framework/system/Helpers/number_helper.php(158): Symfony\Polyfill\Intl\Icu\NumberFormatter->setPattern('#,##0.##')
#1 /Applications/XAMPP/xamppfiles/htdocs/sikumi/vendor/codeigniter4/framework/system/Helpers/number_helper.php(60): format_number(10.0, 2, 'en', Array)
#2 /Applications/XAMPP/xamppfiles/htdocs/sikumi/vendor/codeigniter4/framework/system/Debug/BaseExceptionHandler.php(158): number_to_size(10.0, 2)
#3 /Applications/XAMPP/xamppfiles/htdocs/sikumi/app/Views/errors/html/error_exception.php(408): CodeIgniter\Debug\BaseExceptionHandler::describeMemory(10485760)
#4 /Applications/XAMPP/xamppfiles/htdocs/sikumi/vendor/codeigniter4/framework/system/Debug/BaseExceptionHandler.php(270): include('/Applications/X...')
#5 /Applications/XAMPP/xamppfiles/htdocs/sikumi/vendor/codeigniter4/framework/system/Debug/BaseExceptionHandler.php(273): CodeIgniter\Debug\BaseExceptionHandler->CodeIgniter\Debug\{closure}()
#6 /Applications/XAMPP/xamppfiles/htdocs/sikumi/vendor/codeigniter4/framework/system/Debug/ExceptionHandler.php(126): CodeIgniter\Debug\BaseExceptionHandler->render(Object(CodeIgniter\View\Exceptions\ViewException), 500, '/Applications/X...')
#7 /Applications/XAMPP/xamppfiles/htdocs/sikumi/vendor/codeigniter4/framework/system/Debug/Exceptions.php(151): CodeIgniter\Debug\ExceptionHandler->handle(Object(CodeIgniter\View\Exceptions\ViewException), Object(CodeIgniter\HTTP\IncomingRequest), Object(CodeIgniter\HTTP\Response), 500, 1)
#8 [internal function]: CodeIgniter\Debug\Exceptions->exceptionHandler(Object(CodeIgniter\View\Exceptions\ViewException))
#9 {main}
  thrown
【Previous Exception】
CodeIgniter\View\Exceptions\ViewException
Invalid file: "{0}"
#0 /Applications/XAMPP/xamppfiles/htdocs/sikumi/vendor/codeigniter4/framework/system/View/View.php(228): CodeIgniter\Exceptions\FrameworkException::forInvalidFile('admin/user_mana...')
#1 /Applications/XAMPP/xamppfiles/htdocs/sikumi/vendor/codeigniter4/framework/system/Common.php(1250): CodeIgniter\View\View->render('admin/user_mana...', Array, true)
#2 /Applications/XAMPP/xamppfiles/htdocs/sikumi/app/Controllers/AdminController.php(35): view('admin/user_mana...', Array)
#3 /Applications/XAMPP/xamppfiles/htdocs/sikumi/vendor/codeigniter4/framework/system/CodeIgniter.php(951): App\Controllers\AdminController->index()
#4 /Applications/XAMPP/xamppfiles/htdocs/sikumi/vendor/codeigniter4/framework/system/CodeIgniter.php(497): CodeIgniter\CodeIgniter->runController(Object(App\Controllers\AdminController))
#5 /Applications/XAMPP/xamppfiles/htdocs/sikumi/vendor/codeigniter4/framework/system/CodeIgniter.php(340): CodeIgniter\CodeIgniter->handleRequest(NULL, Object(Config\Cache), false)
#6 /Applications/XAMPP/xamppfiles/htdocs/sikumi/vendor/codeigniter4/framework/system/Boot.php(417): CodeIgniter\CodeIgniter->run()
#7 /Applications/XAMPP/xamppfiles/htdocs/sikumi/vendor/codeigniter4/framework/system/Boot.php(68): CodeIgniter\Boot::runCodeIgniter(Object(CodeIgniter\CodeIgniter))
#8 /Applications/XAMPP/xamppfiles/htdocs/sikumi/public/index.php(59): CodeIgniter\Boot::bootWeb(Object(Config\Paths))
#9 {main}
[Method: GET, Route: admin/users]
in VENDORPATH/symfony/polyfill-intl-icu/NumberFormatter.php on line 603.
 1 [internal function]: CodeIgniter\Debug\Exceptions->shutdownHandler()
DEBUG - 2026-05-16 08:55:28 --> Session: Class initialized using 'CodeIgniter\Session\Handlers\FileHandler' driver.
DEBUG - 2026-05-16 08:55:28 --> Session: Class initialized using 'CodeIgniter\Session\Handlers\FileHandler' driver.
DEBUG - 2026-05-16 08:55:39 --> Session: Class initialized using 'CodeIgniter\Session\Handlers\FileHandler' driver.
DEBUG - 2026-05-16 08:55:46 --> Session: Class initialized using 'CodeIgniter\Session\Handlers\FileHandler' driver.
DEBUG - 2026-05-16 08:55:47 --> Session: Class initialized using 'CodeIgniter\Session\Handlers\FileHandler' driver.
DEBUG - 2026-05-16 08:58:54 --> Session: Class initialized using 'CodeIgniter\Session\Handlers\FileHandler' driver.
DEBUG - 2026-05-16 09:00:04 --> Session: Class initialized using 'CodeIgniter\Session\Handlers\FileHandler' driver.
DEBUG - 2026-05-16 09:01:01 --> Session: Class initialized using 'CodeIgniter\Session\Handlers\FileHandler' driver.
DEBUG - 2026-05-16 09:01:26 --> Session: Class initialized using 'CodeIgniter\Session\Handlers\FileHandler' driver.
DEBUG - 2026-05-16 09:07:57 --> Session: Class initialized using 'CodeIgniter\Session\Handlers\FileHandler' driver.
DEBUG - 2026-05-16 09:07:58 --> Session: Class initialized using 'CodeIgniter\Session\Handlers\FileHandler' driver.
DEBUG - 2026-05-16 09:08:19 --> Session: Class initialized using 'CodeIgniter\Session\Handlers\FileHandler' driver.
DEBUG - 2026-05-16 09:08:19 --> Session: Class initialized using 'CodeIgniter\Session\Handlers\FileHandler' driver.
DEBUG - 2026-05-16 09:11:08 --> Session: Class initialized using 'CodeIgniter\Session\Handlers\FileHandler' driver.
DEBUG - 2026-05-16 09:22:23 --> Session: Class initialized using 'CodeIgniter\Session\Handlers\FileHandler' driver.
DEBUG - 2026-05-16 09:23:57 --> Session: Class initialized using 'CodeIgniter\Session\Handlers\FileHandler' driver.
DEBUG - 2026-05-16 09:23:57 --> Session: Class initialized using 'CodeIgniter\Session\Handlers\FileHandler' driver.
DEBUG - 2026-05-16 09:24:08 --> Session: Class initialized using 'CodeIgniter\Session\Handlers\FileHandler' driver.
DEBUG - 2026-05-16 09:32:16 --> Session: Class initialized using 'CodeIgniter\Session\Handlers\FileHandler' driver.
DEBUG - 2026-05-16 09:34:31 --> Session: Class initialized using 'CodeIgniter\Session\Handlers\FileHandler' driver.
DEBUG - 2026-05-16 09:34:40 --> Session: Class initialized using 'CodeIgniter\Session\Handlers\FileHandler' driver.
DEBUG - 2026-05-16 09:34:45 --> Session: Class initialized using 'CodeIgniter\Session\Handlers\FileHandler' driver.
DEBUG - 2026-05-16 09:34:50 --> Session: Class initialized using 'CodeIgniter\Session\Handlers\FileHandler' driver.
DEBUG - 2026-05-16 09:36:53 --> Session: Class initialized using 'CodeIgniter\Session\Handlers\FileHandler' driver.
DEBUG - 2026-05-16 09:37:22 --> Session: Class initialized using 'CodeIgniter\Session\Handlers\FileHandler' driver.
DEBUG - 2026-05-16 09:41:31 --> Session: Class initialized using 'CodeIgniter\Session\Handlers\FileHandler' driver.
DEBUG - 2026-05-16 09:41:32 --> Session: Class initialized using 'CodeIgniter\Session\Handlers\FileHandler' driver.
DEBUG - 2026-05-16 09:46:36 --> Session: Class initialized using 'CodeIgniter\Session\Handlers\FileHandler' driver.
DEBUG - 2026-05-16 09:46:37 --> Session: Class initialized using 'CodeIgniter\Session\Handlers\FileHandler' driver.
DEBUG - 2026-05-16 09:49:38 --> Session: Class initialized using 'CodeIgniter\Session\Handlers\FileHandler' driver.
DEBUG - 2026-05-16 09:52:04 --> Session: Class initialized using 'CodeIgniter\Session\Handlers\FileHandler' driver.
DEBUG - 2026-05-16 09:52:17 --> Session: Class initialized using 'CodeIgniter\Session\Handlers\FileHandler' driver.
DEBUG - 2026-05-16 09:53:27 --> Session: Class initialized using 'CodeIgniter\Session\Handlers\FileHandler' driver.
DEBUG - 2026-05-16 09:54:40 --> Session: Class initialized using 'CodeIgniter\Session\Handlers\FileHandler' driver.
DEBUG - 2026-05-16 09:54:41 --> Session: Class initialized using 'CodeIgniter\Session\Handlers\FileHandler' driver.
DEBUG - 2026-05-16 09:59:30 --> Session: Class initialized using 'CodeIgniter\Session\Handlers\FileHandler' driver.
DEBUG - 2026-05-16 10:01:17 --> Session: Class initialized using 'CodeIgniter\Session\Handlers\FileHandler' driver.
DEBUG - 2026-05-16 10:02:15 --> Session: Class initialized using 'CodeIgniter\Session\Handlers\FileHandler' driver.
DEBUG - 2026-05-16 10:03:38 --> Session: Class initialized using 'CodeIgniter\Session\Handlers\FileHandler' driver.
DEBUG - 2026-05-16 10:04:24 --> Session: Class initialized using 'CodeIgniter\Session\Handlers\FileHandler' driver.
DEBUG - 2026-05-16 10:04:41 --> Session: Class initialized using 'CodeIgniter\Session\Handlers\FileHandler' driver.
DEBUG - 2026-05-16 10:04:41 --> Session: Class initialized using 'CodeIgniter\Session\Handlers\FileHandler' driver.
