DEBUG - 2026-05-19 07:56:27 --> Session: Class initialized using 'CodeIgniter\Session\Handlers\FileHandler' driver.
DEBUG - 2026-05-19 07:59:37 --> Session: Class initialized using 'CodeIgniter\Session\Handlers\FileHandler' driver.
CRITICAL - 2026-05-19 07:59:37 --> ErrorException: fopen(/Applications/XAMPP/xamppfiles/htdocs/sikumi/writable/session/ci_sessionf56a24e46e34d1ebe910062a5ceeeba9): Failed to open stream: Permission denied
[Method: GET, Route: login]
in SYSTEMPATH/Session/Handlers/FileHandler.php on line 125.
 1 [internal function]: CodeIgniter\Debug\Exceptions->errorHandler(2, 'fopen(/Applications/XAMPP/xamppfiles/htdocs/sikumi/writable/session/ci_sessionf56a24e46e34d1ebe910062a5ceeeba9): Failed to open stream: Permission denied', '/Applications/XAMPP/xamppfiles/htdocs/sikumi/vendor/codeigniter4/framework/system/Session/Handlers/FileHandler.php', 125)
 2 SYSTEMPATH/Session/Handlers/FileHandler.php(125): fopen('/Applications/XAMPP/xamppfiles/htdocs/sikumi/writable/session/ci_sessionf56a24e46e34d1ebe910062a5ceeeba9', 'c+b')
 3 [internal function]: CodeIgniter\Session\Handlers\FileHandler->read('f56a24e46e34d1ebe910062a5ceeeba9')
 4 SYSTEMPATH/Session/Session.php(625): session_start()
 5 SYSTEMPATH/Session/Session.php(120): CodeIgniter\Session\Session->startSession()
 6 SYSTEMPATH/Config/Services.php(715): CodeIgniter\Session\Session->start()
 7 SYSTEMPATH/Config/BaseService.php(325): CodeIgniter\Config\Services::session(Object(Config\Session), false)
 8 SYSTEMPATH/Config/BaseService.php(264): CodeIgniter\Config\BaseService::__callStatic('session', [...])
 9 SYSTEMPATH/Config/Services.php(668): CodeIgniter\Config\BaseService::getSharedInstance('session', null)
10 SYSTEMPATH/Config/BaseService.php(334): CodeIgniter\Config\Services::session()
11 SYSTEMPATH/Config/BaseService.php(203): CodeIgniter\Config\BaseService::__callStatic('session', [])
12 SYSTEMPATH/Common.php(1078): CodeIgniter\Config\BaseService::get('session')
13 SYSTEMPATH/Common.php(1051): service('session')
14 VENDORPATH/codeigniter4/shield/src/Authentication/Authenticators/Session.php(682): session('user')
15 VENDORPATH/codeigniter4/shield/src/Authentication/Authenticators/Session.php(700): CodeIgniter\Shield\Authentication\Authenticators\Session->getSessionUserInfo()
16 VENDORPATH/codeigniter4/shield/src/Authentication/Authenticators/Session.php(387): CodeIgniter\Shield\Authentication\Authenticators\Session->getSessionUserKey('id')
17 VENDORPATH/codeigniter4/shield/src/Authentication/Authenticators/Session.php(371): CodeIgniter\Shield\Authentication\Authenticators\Session->checkUserState()
18 VENDORPATH/codeigniter4/shield/src/Auth.php(189): CodeIgniter\Shield\Authentication\Authenticators\Session->loggedIn()
19 VENDORPATH/codeigniter4/shield/src/Controllers/LoginController.php(33): CodeIgniter\Shield\Auth->__call('loggedIn', [])
20 SYSTEMPATH/CodeIgniter.php(951): CodeIgniter\Shield\Controllers\LoginController->loginView()
21 SYSTEMPATH/CodeIgniter.php(497): CodeIgniter\CodeIgniter->runController(Object(CodeIgniter\Shield\Controllers\LoginController))
22 SYSTEMPATH/CodeIgniter.php(340): CodeIgniter\CodeIgniter->handleRequest(null, Object(Config\Cache), false)
23 SYSTEMPATH/Boot.php(417): CodeIgniter\CodeIgniter->run()
24 SYSTEMPATH/Boot.php(68): CodeIgniter\Boot::runCodeIgniter(Object(CodeIgniter\CodeIgniter))
25 FCPATH/index.php(59): CodeIgniter\Boot::bootWeb(Object(Config\Paths))
CRITICAL - 2026-05-19 07:59:37 --> ErrorException: Uncaught Symfony\Polyfill\Intl\Icu\Exception\MethodNotImplementedException: The Symfony\Polyfill\Intl\Icu\NumberFormatter::setPattern() is not implemented. Please install the "intl" extension for full localization capabilities. in /Applications/XAMPP/xamppfiles/htdocs/sikumi/vendor/symfony/polyfill-intl-icu/NumberFormatter.php:603
Stack trace:
#0 /Applications/XAMPP/xamppfiles/htdocs/sikumi/vendor/codeigniter4/framework/system/Helpers/number_helper.php(158): Symfony\Polyfill\Intl\Icu\NumberFormatter->setPattern('#,##0.##')
#1 /Applications/XAMPP/xamppfiles/htdocs/sikumi/vendor/codeigniter4/framework/system/Helpers/number_helper.php(60): format_number(30.5, 2, 'en', Array)
#2 /Applications/XAMPP/xamppfiles/htdocs/sikumi/vendor/codeigniter4/framework/system/Debug/BaseExceptionHandler.php(158): number_to_size(30.5, 2)
#3 /Applications/XAMPP/xamppfiles/htdocs/sikumi/app/Views/errors/html/error_exception.php(408): CodeIgniter\Debug\BaseExceptionHandler::describeMemory(31981568)
#4 /Applications/XAMPP/xamppfiles/htdocs/sikumi/vendor/codeigniter4/framework/system/Debug/BaseExceptionHandler.php(270): include('/Applications/X...')
#5 /Applications/XAMPP/xamppfiles/htdocs/sikumi/vendor/codeigniter4/framework/system/Debug/BaseExceptionHandler.php(273): CodeIgniter\Debug\BaseExceptionHandler->CodeIgniter\Debug\{closure}()
#6 /Applications/XAMPP/xamppfiles/htdocs/sikumi/vendor/codeigniter4/framework/system/Debug/ExceptionHandler.php(126): CodeIgniter\Debug\BaseExceptionHandler->render(Object(ErrorException), 500, '/Applications/X...')
#7 /Applications/XAMPP/xamppfiles/htdocs/sikumi/vendor/codeigniter4/framework/system/Debug/Exceptions.php(151): CodeIgniter\Debug\ExceptionHandler->handle(Object(ErrorException), Object(CodeIgniter\HTTP\IncomingRequest), Object(CodeIgniter\HTTP\Response), 500, 1)
#8 [internal function]: CodeIgniter\Debug\Exceptions->exceptionHandler(Object(ErrorException))
#9 {main}
  thrown
【Previous Exception】
ErrorException
fopen(/Applications/XAMPP/xamppfiles/htdocs/sikumi/writable/session/ci_sessionf56a24e46e34d1ebe910062a5ceeeba9): Failed to open stream: Permission denied
#0 [internal function]: CodeIgniter\Debug\Exceptions->errorHandler(2, 'fopen(/Applicat...', '/Applications/X...', 125)
#1 /Applications/XAMPP/xamppfiles/htdocs/sikumi/vendor/codeigniter4/framework/system/Session/Handlers/FileHandler.php(125): fopen('/Applications/X...', 'c+b')
#2 [internal function]: CodeIgniter\Session\Handlers\FileHandler->read('f56a24e46e34d1e...')
#3 /Applications/XAMPP/xamppfiles/htdocs/sikumi/vendor/codeigniter4/framework/system/Session/Session.php(625): session_start()
#4 /Applications/XAMPP/xamppfiles/htdocs/sikumi/vendor/codeigniter4/framework/system/Session/Session.php(120): CodeIgniter\Session\Session->startSession()
#5 /Applications/XAMPP/xamppfiles/htdocs/sikumi/vendor/codeigniter4/framework/system/Config/Services.php(715): CodeIgniter\Session\Session->start()
#6 /Applications/XAMPP/xamppfiles/htdocs/sikumi/vendor/codeigniter4/framework/system/Config/BaseService.php(325): CodeIgniter\Config\Services::session(Object(Config\Session), false)
#7 /Applications/XAMPP/xamppfiles/htdocs/sikumi/vendor/codeigniter4/framework/system/Config/BaseService.php(264): CodeIgniter\Config\BaseService::__callStatic('session', Array)
#8 /Applications/XAMPP/xamppfiles/htdocs/sikumi/vendor/codeigniter4/framework/system/Config/Services.php(668): CodeIgniter\Config\BaseService::getSharedInstance('session', NULL)
#9 /Applications/XAMPP/xamppfiles/htdocs/sikumi/vendor/codeigniter4/framework/system/Config/BaseService.php(334): CodeIgniter\Config\Services::session()
#10 /Applications/XAMPP/xamppfiles/htdocs/sikumi/vendor/codeigniter4/framework/system/Config/BaseService.php(203): CodeIgniter\Config\BaseService::__callStatic('session', Array)
#11 /Applications/XAMPP/xamppfiles/htdocs/sikumi/vendor/codeigniter4/framework/system/Common.php(1078): CodeIgniter\Config\BaseService::get('session')
#12 /Applications/XAMPP/xamppfiles/htdocs/sikumi/vendor/codeigniter4/framework/system/Common.php(1051): service('session')
#13 /Applications/XAMPP/xamppfiles/htdocs/sikumi/vendor/codeigniter4/shield/src/Authentication/Authenticators/Session.php(682): session('user')
#14 /Applications/XAMPP/xamppfiles/htdocs/sikumi/vendor/codeigniter4/shield/src/Authentication/Authenticators/Session.php(700): CodeIgniter\Shield\Authentication\Authenticators\Session->getSessionUserInfo()
#15 /Applications/XAMPP/xamppfiles/htdocs/sikumi/vendor/codeigniter4/shield/src/Authentication/Authenticators/Session.php(387): CodeIgniter\Shield\Authentication\Authenticators\Session->getSessionUserKey('id')
#16 /Applications/XAMPP/xamppfiles/htdocs/sikumi/vendor/codeigniter4/shield/src/Authentication/Authenticators/Session.php(371): CodeIgniter\Shield\Authentication\Authenticators\Session->checkUserState()
#17 /Applications/XAMPP/xamppfiles/htdocs/sikumi/vendor/codeigniter4/shield/src/Auth.php(189): CodeIgniter\Shield\Authentication\Authenticators\Session->loggedIn()
#18 /Applications/XAMPP/xamppfiles/htdocs/sikumi/vendor/codeigniter4/shield/src/Controllers/LoginController.php(33): CodeIgniter\Shield\Auth->__call('loggedIn', Array)
#19 /Applications/XAMPP/xamppfiles/htdocs/sikumi/vendor/codeigniter4/framework/system/CodeIgniter.php(951): CodeIgniter\Shield\Controllers\LoginController->loginView()
#20 /Applications/XAMPP/xamppfiles/htdocs/sikumi/vendor/codeigniter4/framework/system/CodeIgniter.php(497): CodeIgniter\CodeIgniter->runController(Object(CodeIgniter\Shield\Controllers\LoginController))
#21 /Applications/XAMPP/xamppfiles/htdocs/sikumi/vendor/codeigniter4/framework/system/CodeIgniter.php(340): CodeIgniter\CodeIgniter->handleRequest(NULL, Object(Config\Cache), false)
#22 /Applications/XAMPP/xamppfiles/htdocs/sikumi/vendor/codeigniter4/framework/system/Boot.php(417): CodeIgniter\CodeIgniter->run()
#23 /Applications/XAMPP/xamppfiles/htdocs/sikumi/vendor/codeigniter4/framework/system/Boot.php(68): CodeIgniter\Boot::runCodeIgniter(Object(CodeIgniter\CodeIgniter))
#24 /Applications/XAMPP/xamppfiles/htdocs/sikumi/public/index.php(59): CodeIgniter\Boot::bootWeb(Object(Config\Paths))
#25 {main}
[Method: GET, Route: login]
in VENDORPATH/symfony/polyfill-intl-icu/NumberFormatter.php on line 603.
 1 [internal function]: CodeIgniter\Debug\Exceptions->shutdownHandler()
DEBUG - 2026-05-19 08:00:01 --> Session: Class initialized using 'CodeIgniter\Session\Handlers\FileHandler' driver.
CRITICAL - 2026-05-19 08:00:01 --> ErrorException: fopen(/Applications/XAMPP/xamppfiles/htdocs/sikumi/writable/session/ci_sessionfb9a451e568651427afacaf8a1520dd7): Failed to open stream: Permission denied
[Method: GET, Route: login]
in SYSTEMPATH/Session/Handlers/FileHandler.php on line 125.
 1 [internal function]: CodeIgniter\Debug\Exceptions->errorHandler(2, 'fopen(/Applications/XAMPP/xamppfiles/htdocs/sikumi/writable/session/ci_sessionfb9a451e568651427afacaf8a1520dd7): Failed to open stream: Permission denied', '/Applications/XAMPP/xamppfiles/htdocs/sikumi/vendor/codeigniter4/framework/system/Session/Handlers/FileHandler.php', 125)
 2 SYSTEMPATH/Session/Handlers/FileHandler.php(125): fopen('/Applications/XAMPP/xamppfiles/htdocs/sikumi/writable/session/ci_sessionfb9a451e568651427afacaf8a1520dd7', 'c+b')
 3 [internal function]: CodeIgniter\Session\Handlers\FileHandler->read('fb9a451e568651427afacaf8a1520dd7')
 4 SYSTEMPATH/Session/Session.php(625): session_start()
 5 SYSTEMPATH/Session/Session.php(120): CodeIgniter\Session\Session->startSession()
 6 SYSTEMPATH/Config/Services.php(715): CodeIgniter\Session\Session->start()
 7 SYSTEMPATH/Config/BaseService.php(325): CodeIgniter\Config\Services::session(Object(Config\Session), false)
 8 SYSTEMPATH/Config/BaseService.php(264): CodeIgniter\Config\BaseService::__callStatic('session', [...])
 9 SYSTEMPATH/Config/Services.php(668): CodeIgniter\Config\BaseService::getSharedInstance('session', null)
10 SYSTEMPATH/Config/BaseService.php(334): CodeIgniter\Config\Services::session()
11 SYSTEMPATH/Config/BaseService.php(203): CodeIgniter\Config\BaseService::__callStatic('session', [])
12 SYSTEMPATH/Common.php(1078): CodeIgniter\Config\BaseService::get('session')
13 SYSTEMPATH/Common.php(1051): service('session')
14 VENDORPATH/codeigniter4/shield/src/Authentication/Authenticators/Session.php(682): session('user')
15 VENDORPATH/codeigniter4/shield/src/Authentication/Authenticators/Session.php(700): CodeIgniter\Shield\Authentication\Authenticators\Session->getSessionUserInfo()
16 VENDORPATH/codeigniter4/shield/src/Authentication/Authenticators/Session.php(387): CodeIgniter\Shield\Authentication\Authenticators\Session->getSessionUserKey('id')
17 VENDORPATH/codeigniter4/shield/src/Authentication/Authenticators/Session.php(371): CodeIgniter\Shield\Authentication\Authenticators\Session->checkUserState()
18 VENDORPATH/codeigniter4/shield/src/Auth.php(189): CodeIgniter\Shield\Authentication\Authenticators\Session->loggedIn()
19 VENDORPATH/codeigniter4/shield/src/Controllers/LoginController.php(33): CodeIgniter\Shield\Auth->__call('loggedIn', [])
20 SYSTEMPATH/CodeIgniter.php(951): CodeIgniter\Shield\Controllers\LoginController->loginView()
21 SYSTEMPATH/CodeIgniter.php(497): CodeIgniter\CodeIgniter->runController(Object(CodeIgniter\Shield\Controllers\LoginController))
22 SYSTEMPATH/CodeIgniter.php(340): CodeIgniter\CodeIgniter->handleRequest(null, Object(Config\Cache), false)
23 SYSTEMPATH/Boot.php(417): CodeIgniter\CodeIgniter->run()
24 SYSTEMPATH/Boot.php(68): CodeIgniter\Boot::runCodeIgniter(Object(CodeIgniter\CodeIgniter))
25 FCPATH/index.php(59): CodeIgniter\Boot::bootWeb(Object(Config\Paths))
CRITICAL - 2026-05-19 08:00:01 --> ErrorException: Uncaught Symfony\Polyfill\Intl\Icu\Exception\MethodNotImplementedException: The Symfony\Polyfill\Intl\Icu\NumberFormatter::setPattern() is not implemented. Please install the "intl" extension for full localization capabilities. in /Applications/XAMPP/xamppfiles/htdocs/sikumi/vendor/symfony/polyfill-intl-icu/NumberFormatter.php:603
Stack trace:
#0 /Applications/XAMPP/xamppfiles/htdocs/sikumi/vendor/codeigniter4/framework/system/Helpers/number_helper.php(158): Symfony\Polyfill\Intl\Icu\NumberFormatter->setPattern('#,##0.##')
#1 /Applications/XAMPP/xamppfiles/htdocs/sikumi/vendor/codeigniter4/framework/system/Helpers/number_helper.php(60): format_number(30.5, 2, 'en', Array)
#2 /Applications/XAMPP/xamppfiles/htdocs/sikumi/vendor/codeigniter4/framework/system/Debug/BaseExceptionHandler.php(158): number_to_size(30.5, 2)
#3 /Applications/XAMPP/xamppfiles/htdocs/sikumi/app/Views/errors/html/error_exception.php(408): CodeIgniter\Debug\BaseExceptionHandler::describeMemory(31981568)
#4 /Applications/XAMPP/xamppfiles/htdocs/sikumi/vendor/codeigniter4/framework/system/Debug/BaseExceptionHandler.php(270): include('/Applications/X...')
#5 /Applications/XAMPP/xamppfiles/htdocs/sikumi/vendor/codeigniter4/framework/system/Debug/BaseExceptionHandler.php(273): CodeIgniter\Debug\BaseExceptionHandler->CodeIgniter\Debug\{closure}()
#6 /Applications/XAMPP/xamppfiles/htdocs/sikumi/vendor/codeigniter4/framework/system/Debug/ExceptionHandler.php(126): CodeIgniter\Debug\BaseExceptionHandler->render(Object(ErrorException), 500, '/Applications/X...')
#7 /Applications/XAMPP/xamppfiles/htdocs/sikumi/vendor/codeigniter4/framework/system/Debug/Exceptions.php(151): CodeIgniter\Debug\ExceptionHandler->handle(Object(ErrorException), Object(CodeIgniter\HTTP\IncomingRequest), Object(CodeIgniter\HTTP\Response), 500, 1)
#8 [internal function]: CodeIgniter\Debug\Exceptions->exceptionHandler(Object(ErrorException))
#9 {main}
  thrown
【Previous Exception】
ErrorException
fopen(/Applications/XAMPP/xamppfiles/htdocs/sikumi/writable/session/ci_sessionfb9a451e568651427afacaf8a1520dd7): Failed to open stream: Permission denied
#0 [internal function]: CodeIgniter\Debug\Exceptions->errorHandler(2, 'fopen(/Applicat...', '/Applications/X...', 125)
#1 /Applications/XAMPP/xamppfiles/htdocs/sikumi/vendor/codeigniter4/framework/system/Session/Handlers/FileHandler.php(125): fopen('/Applications/X...', 'c+b')
#2 [internal function]: CodeIgniter\Session\Handlers\FileHandler->read('fb9a451e5686514...')
#3 /Applications/XAMPP/xamppfiles/htdocs/sikumi/vendor/codeigniter4/framework/system/Session/Session.php(625): session_start()
#4 /Applications/XAMPP/xamppfiles/htdocs/sikumi/vendor/codeigniter4/framework/system/Session/Session.php(120): CodeIgniter\Session\Session->startSession()
#5 /Applications/XAMPP/xamppfiles/htdocs/sikumi/vendor/codeigniter4/framework/system/Config/Services.php(715): CodeIgniter\Session\Session->start()
#6 /Applications/XAMPP/xamppfiles/htdocs/sikumi/vendor/codeigniter4/framework/system/Config/BaseService.php(325): CodeIgniter\Config\Services::session(Object(Config\Session), false)
#7 /Applications/XAMPP/xamppfiles/htdocs/sikumi/vendor/codeigniter4/framework/system/Config/BaseService.php(264): CodeIgniter\Config\BaseService::__callStatic('session', Array)
#8 /Applications/XAMPP/xamppfiles/htdocs/sikumi/vendor/codeigniter4/framework/system/Config/Services.php(668): CodeIgniter\Config\BaseService::getSharedInstance('session', NULL)
#9 /Applications/XAMPP/xamppfiles/htdocs/sikumi/vendor/codeigniter4/framework/system/Config/BaseService.php(334): CodeIgniter\Config\Services::session()
#10 /Applications/XAMPP/xamppfiles/htdocs/sikumi/vendor/codeigniter4/framework/system/Config/BaseService.php(203): CodeIgniter\Config\BaseService::__callStatic('session', Array)
#11 /Applications/XAMPP/xamppfiles/htdocs/sikumi/vendor/codeigniter4/framework/system/Common.php(1078): CodeIgniter\Config\BaseService::get('session')
#12 /Applications/XAMPP/xamppfiles/htdocs/sikumi/vendor/codeigniter4/framework/system/Common.php(1051): service('session')
#13 /Applications/XAMPP/xamppfiles/htdocs/sikumi/vendor/codeigniter4/shield/src/Authentication/Authenticators/Session.php(682): session('user')
#14 /Applications/XAMPP/xamppfiles/htdocs/sikumi/vendor/codeigniter4/shield/src/Authentication/Authenticators/Session.php(700): CodeIgniter\Shield\Authentication\Authenticators\Session->getSessionUserInfo()
#15 /Applications/XAMPP/xamppfiles/htdocs/sikumi/vendor/codeigniter4/shield/src/Authentication/Authenticators/Session.php(387): CodeIgniter\Shield\Authentication\Authenticators\Session->getSessionUserKey('id')
#16 /Applications/XAMPP/xamppfiles/htdocs/sikumi/vendor/codeigniter4/shield/src/Authentication/Authenticators/Session.php(371): CodeIgniter\Shield\Authentication\Authenticators\Session->checkUserState()
#17 /Applications/XAMPP/xamppfiles/htdocs/sikumi/vendor/codeigniter4/shield/src/Auth.php(189): CodeIgniter\Shield\Authentication\Authenticators\Session->loggedIn()
#18 /Applications/XAMPP/xamppfiles/htdocs/sikumi/vendor/codeigniter4/shield/src/Controllers/LoginController.php(33): CodeIgniter\Shield\Auth->__call('loggedIn', Array)
#19 /Applications/XAMPP/xamppfiles/htdocs/sikumi/vendor/codeigniter4/framework/system/CodeIgniter.php(951): CodeIgniter\Shield\Controllers\LoginController->loginView()
#20 /Applications/XAMPP/xamppfiles/htdocs/sikumi/vendor/codeigniter4/framework/system/CodeIgniter.php(497): CodeIgniter\CodeIgniter->runController(Object(CodeIgniter\Shield\Controllers\LoginController))
#21 /Applications/XAMPP/xamppfiles/htdocs/sikumi/vendor/codeigniter4/framework/system/CodeIgniter.php(340): CodeIgniter\CodeIgniter->handleRequest(NULL, Object(Config\Cache), false)
#22 /Applications/XAMPP/xamppfiles/htdocs/sikumi/vendor/codeigniter4/framework/system/Boot.php(417): CodeIgniter\CodeIgniter->run()
#23 /Applications/XAMPP/xamppfiles/htdocs/sikumi/vendor/codeigniter4/framework/system/Boot.php(68): CodeIgniter\Boot::runCodeIgniter(Object(CodeIgniter\CodeIgniter))
#24 /Applications/XAMPP/xamppfiles/htdocs/sikumi/public/index.php(59): CodeIgniter\Boot::bootWeb(Object(Config\Paths))
#25 {main}
[Method: GET, Route: login]
in VENDORPATH/symfony/polyfill-intl-icu/NumberFormatter.php on line 603.
 1 [internal function]: CodeIgniter\Debug\Exceptions->shutdownHandler()
CRITICAL - 2026-05-19 08:00:41 --> ErrorException: fopen(/Applications/XAMPP/xamppfiles/htdocs/sikumi/writable/session/ci_sessionfb9a451e568651427afacaf8a1520dd7): Failed to open stream: Permission denied
[Method: GET, Route: login]
in SYSTEMPATH/Session/Handlers/FileHandler.php on line 125.
 1 [internal function]: CodeIgniter\Debug\Exceptions->errorHandler(2, 'fopen(/Applications/XAMPP/xamppfiles/htdocs/sikumi/writable/session/ci_sessionfb9a451e568651427afacaf8a1520dd7): Failed to open stream: Permission denied', '/Applications/XAMPP/xamppfiles/htdocs/sikumi/vendor/codeigniter4/framework/system/Session/Handlers/FileHandler.php', 125)
 2 SYSTEMPATH/Session/Handlers/FileHandler.php(125): fopen('/Applications/XAMPP/xamppfiles/htdocs/sikumi/writable/session/ci_sessionfb9a451e568651427afacaf8a1520dd7', 'c+b')
 3 [internal function]: CodeIgniter\Session\Handlers\FileHandler->read('fb9a451e568651427afacaf8a1520dd7')
 4 SYSTEMPATH/Session/Session.php(625): session_start()
 5 SYSTEMPATH/Session/Session.php(120): CodeIgniter\Session\Session->startSession()
 6 SYSTEMPATH/Config/Services.php(715): CodeIgniter\Session\Session->start()
 7 SYSTEMPATH/Config/BaseService.php(325): CodeIgniter\Config\Services::session(Object(Config\Session), false)
 8 SYSTEMPATH/Config/BaseService.php(264): CodeIgniter\Config\BaseService::__callStatic('session', [...])
 9 SYSTEMPATH/Config/Services.php(668): CodeIgniter\Config\BaseService::getSharedInstance('session', null)
10 SYSTEMPATH/Config/BaseService.php(334): CodeIgniter\Config\Services::session()
11 SYSTEMPATH/Config/BaseService.php(203): CodeIgniter\Config\BaseService::__callStatic('session', [])
12 SYSTEMPATH/Common.php(1078): CodeIgniter\Config\BaseService::get('session')
13 SYSTEMPATH/Common.php(1051): service('session')
14 VENDORPATH/codeigniter4/shield/src/Authentication/Authenticators/Session.php(682): session('user')
15 VENDORPATH/codeigniter4/shield/src/Authentication/Authenticators/Session.php(700): CodeIgniter\Shield\Authentication\Authenticators\Session->getSessionUserInfo()
16 VENDORPATH/codeigniter4/shield/src/Authentication/Authenticators/Session.php(387): CodeIgniter\Shield\Authentication\Authenticators\Session->getSessionUserKey('id')
17 VENDORPATH/codeigniter4/shield/src/Authentication/Authenticators/Session.php(371): CodeIgniter\Shield\Authentication\Authenticators\Session->checkUserState()
18 VENDORPATH/codeigniter4/shield/src/Auth.php(189): CodeIgniter\Shield\Authentication\Authenticators\Session->loggedIn()
19 VENDORPATH/codeigniter4/shield/src/Controllers/LoginController.php(33): CodeIgniter\Shield\Auth->__call('loggedIn', [])
20 SYSTEMPATH/CodeIgniter.php(951): CodeIgniter\Shield\Controllers\LoginController->loginView()
21 SYSTEMPATH/CodeIgniter.php(497): CodeIgniter\CodeIgniter->runController(Object(CodeIgniter\Shield\Controllers\LoginController))
22 SYSTEMPATH/CodeIgniter.php(340): CodeIgniter\CodeIgniter->handleRequest(null, Object(Config\Cache), false)
23 SYSTEMPATH/Boot.php(417): CodeIgniter\CodeIgniter->run()
24 SYSTEMPATH/Boot.php(68): CodeIgniter\Boot::runCodeIgniter(Object(CodeIgniter\CodeIgniter))
25 FCPATH/index.php(59): CodeIgniter\Boot::bootWeb(Object(Config\Paths))
CRITICAL - 2026-05-19 08:00:41 --> ErrorException: Uncaught Symfony\Polyfill\Intl\Icu\Exception\MethodNotImplementedException: The Symfony\Polyfill\Intl\Icu\NumberFormatter::setPattern() is not implemented. Please install the "intl" extension for full localization capabilities. in /Applications/XAMPP/xamppfiles/htdocs/sikumi/vendor/symfony/polyfill-intl-icu/NumberFormatter.php:603
Stack trace:
#0 /Applications/XAMPP/xamppfiles/htdocs/sikumi/vendor/codeigniter4/framework/system/Helpers/number_helper.php(158): Symfony\Polyfill\Intl\Icu\NumberFormatter->setPattern('#,##0.##')
#1 /Applications/XAMPP/xamppfiles/htdocs/sikumi/vendor/codeigniter4/framework/system/Helpers/number_helper.php(60): format_number(30.5, 2, 'en', Array)
#2 /Applications/XAMPP/xamppfiles/htdocs/sikumi/vendor/codeigniter4/framework/system/Debug/BaseExceptionHandler.php(158): number_to_size(30.5, 2)
#3 /Applications/XAMPP/xamppfiles/htdocs/sikumi/app/Views/errors/html/error_exception.php(408): CodeIgniter\Debug\BaseExceptionHandler::describeMemory(31981568)
#4 /Applications/XAMPP/xamppfiles/htdocs/sikumi/vendor/codeigniter4/framework/system/Debug/BaseExceptionHandler.php(270): include('/Applications/X...')
#5 /Applications/XAMPP/xamppfiles/htdocs/sikumi/vendor/codeigniter4/framework/system/Debug/BaseExceptionHandler.php(273): CodeIgniter\Debug\BaseExceptionHandler->CodeIgniter\Debug\{closure}()
#6 /Applications/XAMPP/xamppfiles/htdocs/sikumi/vendor/codeigniter4/framework/system/Debug/ExceptionHandler.php(126): CodeIgniter\Debug\BaseExceptionHandler->render(Object(ErrorException), 500, '/Applications/X...')
#7 /Applications/XAMPP/xamppfiles/htdocs/sikumi/vendor/codeigniter4/framework/system/Debug/Exceptions.php(151): CodeIgniter\Debug\ExceptionHandler->handle(Object(ErrorException), Object(CodeIgniter\HTTP\IncomingRequest), Object(CodeIgniter\HTTP\Response), 500, 1)
#8 [internal function]: CodeIgniter\Debug\Exceptions->exceptionHandler(Object(ErrorException))
#9 {main}
  thrown
【Previous Exception】
ErrorException
fopen(/Applications/XAMPP/xamppfiles/htdocs/sikumi/writable/session/ci_sessionfb9a451e568651427afacaf8a1520dd7): Failed to open stream: Permission denied
#0 [internal function]: CodeIgniter\Debug\Exceptions->errorHandler(2, 'fopen(/Applicat...', '/Applications/X...', 125)
#1 /Applications/XAMPP/xamppfiles/htdocs/sikumi/vendor/codeigniter4/framework/system/Session/Handlers/FileHandler.php(125): fopen('/Applications/X...', 'c+b')
#2 [internal function]: CodeIgniter\Session\Handlers\FileHandler->read('fb9a451e5686514...')
#3 /Applications/XAMPP/xamppfiles/htdocs/sikumi/vendor/codeigniter4/framework/system/Session/Session.php(625): session_start()
#4 /Applications/XAMPP/xamppfiles/htdocs/sikumi/vendor/codeigniter4/framework/system/Session/Session.php(120): CodeIgniter\Session\Session->startSession()
#5 /Applications/XAMPP/xamppfiles/htdocs/sikumi/vendor/codeigniter4/framework/system/Config/Services.php(715): CodeIgniter\Session\Session->start()
#6 /Applications/XAMPP/xamppfiles/htdocs/sikumi/vendor/codeigniter4/framework/system/Config/BaseService.php(325): CodeIgniter\Config\Services::session(Object(Config\Session), false)
#7 /Applications/XAMPP/xamppfiles/htdocs/sikumi/vendor/codeigniter4/framework/system/Config/BaseService.php(264): CodeIgniter\Config\BaseService::__callStatic('session', Array)
#8 /Applications/XAMPP/xamppfiles/htdocs/sikumi/vendor/codeigniter4/framework/system/Config/Services.php(668): CodeIgniter\Config\BaseService::getSharedInstance('session', NULL)
#9 /Applications/XAMPP/xamppfiles/htdocs/sikumi/vendor/codeigniter4/framework/system/Config/BaseService.php(334): CodeIgniter\Config\Services::session()
#10 /Applications/XAMPP/xamppfiles/htdocs/sikumi/vendor/codeigniter4/framework/system/Config/BaseService.php(203): CodeIgniter\Config\BaseService::__callStatic('session', Array)
#11 /Applications/XAMPP/xamppfiles/htdocs/sikumi/vendor/codeigniter4/framework/system/Common.php(1078): CodeIgniter\Config\BaseService::get('session')
#12 /Applications/XAMPP/xamppfiles/htdocs/sikumi/vendor/codeigniter4/framework/system/Common.php(1051): service('session')
#13 /Applications/XAMPP/xamppfiles/htdocs/sikumi/vendor/codeigniter4/shield/src/Authentication/Authenticators/Session.php(682): session('user')
#14 /Applications/XAMPP/xamppfiles/htdocs/sikumi/vendor/codeigniter4/shield/src/Authentication/Authenticators/Session.php(700): CodeIgniter\Shield\Authentication\Authenticators\Session->getSessionUserInfo()
#15 /Applications/XAMPP/xamppfiles/htdocs/sikumi/vendor/codeigniter4/shield/src/Authentication/Authenticators/Session.php(387): CodeIgniter\Shield\Authentication\Authenticators\Session->getSessionUserKey('id')
#16 /Applications/XAMPP/xamppfiles/htdocs/sikumi/vendor/codeigniter4/shield/src/Authentication/Authenticators/Session.php(371): CodeIgniter\Shield\Authentication\Authenticators\Session->checkUserState()
#17 /Applications/XAMPP/xamppfiles/htdocs/sikumi/vendor/codeigniter4/shield/src/Auth.php(189): CodeIgniter\Shield\Authentication\Authenticators\Session->loggedIn()
#18 /Applications/XAMPP/xamppfiles/htdocs/sikumi/vendor/codeigniter4/shield/src/Controllers/LoginController.php(33): CodeIgniter\Shield\Auth->__call('loggedIn', Array)
#19 /Applications/XAMPP/xamppfiles/htdocs/sikumi/vendor/codeigniter4/framework/system/CodeIgniter.php(951): CodeIgniter\Shield\Controllers\LoginController->loginView()
#20 /Applications/XAMPP/xamppfiles/htdocs/sikumi/vendor/codeigniter4/framework/system/CodeIgniter.php(497): CodeIgniter\CodeIgniter->runController(Object(CodeIgniter\Shield\Controllers\LoginController))
#21 /Applications/XAMPP/xamppfiles/htdocs/sikumi/vendor/codeigniter4/framework/system/CodeIgniter.php(340): CodeIgniter\CodeIgniter->handleRequest(NULL, Object(Config\Cache), false)
#22 /Applications/XAMPP/xamppfiles/htdocs/sikumi/vendor/codeigniter4/framework/system/Boot.php(417): CodeIgniter\CodeIgniter->run()
#23 /Applications/XAMPP/xamppfiles/htdocs/sikumi/vendor/codeigniter4/framework/system/Boot.php(68): CodeIgniter\Boot::runCodeIgniter(Object(CodeIgniter\CodeIgniter))
#24 /Applications/XAMPP/xamppfiles/htdocs/sikumi/public/index.php(59): CodeIgniter\Boot::bootWeb(Object(Config\Paths))
#25 {main}
[Method: GET, Route: login]
in VENDORPATH/symfony/polyfill-intl-icu/NumberFormatter.php on line 603.
 1 [internal function]: CodeIgniter\Debug\Exceptions->shutdownHandler()
DEBUG - 2026-05-19 08:01:35 --> Session: Class initialized using 'CodeIgniter\Session\Handlers\FileHandler' driver.
DEBUG - 2026-05-19 08:01:38 --> Session: Class initialized using 'CodeIgniter\Session\Handlers\FileHandler' driver.
DEBUG - 2026-05-19 08:01:43 --> Session: Class initialized using 'CodeIgniter\Session\Handlers\FileHandler' driver.
DEBUG - 2026-05-19 08:01:43 --> Session: Class initialized using 'CodeIgniter\Session\Handlers\FileHandler' driver.
DEBUG - 2026-05-19 08:02:28 --> Session: Class initialized using 'CodeIgniter\Session\Handlers\FileHandler' driver.
DEBUG - 2026-05-19 08:02:28 --> Session: Class initialized using 'CodeIgniter\Session\Handlers\FileHandler' driver.
DEBUG - 2026-05-19 08:04:21 --> Session: Class initialized using 'CodeIgniter\Session\Handlers\FileHandler' driver.
DEBUG - 2026-05-19 08:05:17 --> Session: Class initialized using 'CodeIgniter\Session\Handlers\FileHandler' driver.
DEBUG - 2026-05-19 08:05:50 --> Session: Class initialized using 'CodeIgniter\Session\Handlers\FileHandler' driver.
DEBUG - 2026-05-19 08:07:10 --> Session: Class initialized using 'CodeIgniter\Session\Handlers\FileHandler' driver.
DEBUG - 2026-05-19 08:07:45 --> Session: Class initialized using 'CodeIgniter\Session\Handlers\FileHandler' driver.
DEBUG - 2026-05-19 08:07:45 --> Session: Class initialized using 'CodeIgniter\Session\Handlers\FileHandler' driver.
DEBUG - 2026-05-19 08:07:53 --> Session: Class initialized using 'CodeIgniter\Session\Handlers\FileHandler' driver.
DEBUG - 2026-05-19 08:07:58 --> Session: Class initialized using 'CodeIgniter\Session\Handlers\FileHandler' driver.
DEBUG - 2026-05-19 08:08:02 --> Session: Class initialized using 'CodeIgniter\Session\Handlers\FileHandler' driver.
DEBUG - 2026-05-19 08:08:04 --> Session: Class initialized using 'CodeIgniter\Session\Handlers\FileHandler' driver.
DEBUG - 2026-05-19 08:08:14 --> Session: Class initialized using 'CodeIgniter\Session\Handlers\FileHandler' driver.
DEBUG - 2026-05-19 08:08:14 --> Session: Class initialized using 'CodeIgniter\Session\Handlers\FileHandler' driver.
DEBUG - 2026-05-19 08:08:15 --> Session: Class initialized using 'CodeIgniter\Session\Handlers\FileHandler' driver.
DEBUG - 2026-05-19 08:08:21 --> Session: Class initialized using 'CodeIgniter\Session\Handlers\FileHandler' driver.
DEBUG - 2026-05-19 08:08:26 --> Session: Class initialized using 'CodeIgniter\Session\Handlers\FileHandler' driver.
DEBUG - 2026-05-19 08:08:26 --> Session: Class initialized using 'CodeIgniter\Session\Handlers\FileHandler' driver.
DEBUG - 2026-05-19 08:08:28 --> Session: Class initialized using 'CodeIgniter\Session\Handlers\FileHandler' driver.
DEBUG - 2026-05-19 08:08:34 --> Session: Class initialized using 'CodeIgniter\Session\Handlers\FileHandler' driver.
DEBUG - 2026-05-19 08:08:45 --> Session: Class initialized using 'CodeIgniter\Session\Handlers\FileHandler' driver.
DEBUG - 2026-05-19 08:08:45 --> Session: Class initialized using 'CodeIgniter\Session\Handlers\FileHandler' driver.
DEBUG - 2026-05-19 08:08:47 --> Session: Class initialized using 'CodeIgniter\Session\Handlers\FileHandler' driver.
DEBUG - 2026-05-19 08:09:33 --> Session: Class initialized using 'CodeIgniter\Session\Handlers\FileHandler' driver.
DEBUG - 2026-05-19 08:10:30 --> Session: Class initialized using 'CodeIgniter\Session\Handlers\FileHandler' driver.
DEBUG - 2026-05-19 08:10:32 --> Session: Class initialized using 'CodeIgniter\Session\Handlers\FileHandler' driver.
DEBUG - 2026-05-19 08:10:33 --> Session: Class initialized using 'CodeIgniter\Session\Handlers\FileHandler' driver.
DEBUG - 2026-05-19 08:10:34 --> Session: Class initialized using 'CodeIgniter\Session\Handlers\FileHandler' driver.
DEBUG - 2026-05-19 08:10:34 --> Session: Class initialized using 'CodeIgniter\Session\Handlers\FileHandler' driver.
DEBUG - 2026-05-19 08:10:35 --> Session: Class initialized using 'CodeIgniter\Session\Handlers\FileHandler' driver.
DEBUG - 2026-05-19 08:13:14 --> Session: Class initialized using 'CodeIgniter\Session\Handlers\FileHandler' driver.
DEBUG - 2026-05-19 08:15:11 --> Session: Class initialized using 'CodeIgniter\Session\Handlers\FileHandler' driver.
DEBUG - 2026-05-19 08:16:21 --> Session: Class initialized using 'CodeIgniter\Session\Handlers\FileHandler' driver.
DEBUG - 2026-05-19 08:16:50 --> Session: Class initialized using 'CodeIgniter\Session\Handlers\FileHandler' driver.
CRITICAL - 2026-05-19 08:16:50 --> CodeIgniter\Shield\Exceptions\LogicException: The user has User Info in Session, so already logged in or in pending login state. If a logged in user logs in again with other account, the session data of the previous user will be used as the new user. Fix your code to prevent users from logging in without logging out or delete the session data. user_id: 3
[Method: POST, Route: login]
in VENDORPATH/codeigniter4/shield/src/Authentication/Authenticators/Session.php on line 648.
 1 VENDORPATH/codeigniter4/shield/src/Authentication/Authenticators/Session.php(174): CodeIgniter\Shield\Authentication\Authenticators\Session->startLogin(Object(CodeIgniter\Shield\Entities\User))
 2 VENDORPATH/codeigniter4/shield/src/Controllers/LoginController.php(71): CodeIgniter\Shield\Authentication\Authenticators\Session->attempt([...])
 3 SYSTEMPATH/CodeIgniter.php(951): CodeIgniter\Shield\Controllers\LoginController->loginAction()
 4 SYSTEMPATH/CodeIgniter.php(497): CodeIgniter\CodeIgniter->runController(Object(CodeIgniter\Shield\Controllers\LoginController))
 5 SYSTEMPATH/CodeIgniter.php(340): CodeIgniter\CodeIgniter->handleRequest(null, Object(Config\Cache), false)
 6 SYSTEMPATH/Boot.php(417): CodeIgniter\CodeIgniter->run()
 7 SYSTEMPATH/Boot.php(68): CodeIgniter\Boot::runCodeIgniter(Object(CodeIgniter\CodeIgniter))
 8 FCPATH/index.php(59): CodeIgniter\Boot::bootWeb(Object(Config\Paths))
CRITICAL - 2026-05-19 08:16:50 --> ErrorException: Uncaught Symfony\Polyfill\Intl\Icu\Exception\MethodNotImplementedException: The Symfony\Polyfill\Intl\Icu\NumberFormatter::setPattern() is not implemented. Please install the "intl" extension for full localization capabilities. in /Applications/XAMPP/xamppfiles/htdocs/sikumi/vendor/symfony/polyfill-intl-icu/NumberFormatter.php:603
Stack trace:
#0 /Applications/XAMPP/xamppfiles/htdocs/sikumi/vendor/codeigniter4/framework/system/Helpers/number_helper.php(158): Symfony\Polyfill\Intl\Icu\NumberFormatter->setPattern('#,##0.##')
#1 /Applications/XAMPP/xamppfiles/htdocs/sikumi/vendor/codeigniter4/framework/system/Helpers/number_helper.php(60): format_number(30.5, 2, 'en', Array)
#2 /Applications/XAMPP/xamppfiles/htdocs/sikumi/vendor/codeigniter4/framework/system/Debug/BaseExceptionHandler.php(158): number_to_size(30.5, 2)
#3 /Applications/XAMPP/xamppfiles/htdocs/sikumi/app/Views/errors/html/error_exception.php(408): CodeIgniter\Debug\BaseExceptionHandler::describeMemory(31981568)
#4 /Applications/XAMPP/xamppfiles/htdocs/sikumi/vendor/codeigniter4/framework/system/Debug/BaseExceptionHandler.php(270): include('/Applications/X...')
#5 /Applications/XAMPP/xamppfiles/htdocs/sikumi/vendor/codeigniter4/framework/system/Debug/BaseExceptionHandler.php(273): CodeIgniter\Debug\BaseExceptionHandler->CodeIgniter\Debug\{closure}()
#6 /Applications/XAMPP/xamppfiles/htdocs/sikumi/vendor/codeigniter4/framework/system/Debug/ExceptionHandler.php(126): CodeIgniter\Debug\BaseExceptionHandler->render(Object(CodeIgniter\Shield\Exceptions\LogicException), 500, '/Applications/X...')
#7 /Applications/XAMPP/xamppfiles/htdocs/sikumi/vendor/codeigniter4/framework/system/Debug/Exceptions.php(151): CodeIgniter\Debug\ExceptionHandler->handle(Object(CodeIgniter\Shield\Exceptions\LogicException), Object(CodeIgniter\HTTP\IncomingRequest), Object(CodeIgniter\HTTP\Response), 500, 1)
#8 [internal function]: CodeIgniter\Debug\Exceptions->exceptionHandler(Object(CodeIgniter\Shield\Exceptions\LogicException))
#9 {main}
  thrown
【Previous Exception】
CodeIgniter\Shield\Exceptions\LogicException
The user has User Info in Session, so already logged in or in pending login state. If a logged in user logs in again with other account, the session data of the previous user will be used as the new user. Fix your code to prevent users from logging in without logging out or delete the session data. user_id: 3
#0 /Applications/XAMPP/xamppfiles/htdocs/sikumi/vendor/codeigniter4/shield/src/Authentication/Authenticators/Session.php(174): CodeIgniter\Shield\Authentication\Authenticators\Session->startLogin(Object(CodeIgniter\Shield\Entities\User))
#1 /Applications/XAMPP/xamppfiles/htdocs/sikumi/vendor/codeigniter4/shield/src/Controllers/LoginController.php(71): CodeIgniter\Shield\Authentication\Authenticators\Session->attempt(Array)
#2 /Applications/XAMPP/xamppfiles/htdocs/sikumi/vendor/codeigniter4/framework/system/CodeIgniter.php(951): CodeIgniter\Shield\Controllers\LoginController->loginAction()
#3 /Applications/XAMPP/xamppfiles/htdocs/sikumi/vendor/codeigniter4/framework/system/CodeIgniter.php(497): CodeIgniter\CodeIgniter->runController(Object(CodeIgniter\Shield\Controllers\LoginController))
#4 /Applications/XAMPP/xamppfiles/htdocs/sikumi/vendor/codeigniter4/framework/system/CodeIgniter.php(340): CodeIgniter\CodeIgniter->handleRequest(NULL, Object(Config\Cache), false)
#5 /Applications/XAMPP/xamppfiles/htdocs/sikumi/vendor/codeigniter4/framework/system/Boot.php(417): CodeIgniter\CodeIgniter->run()
#6 /Applications/XAMPP/xamppfiles/htdocs/sikumi/vendor/codeigniter4/framework/system/Boot.php(68): CodeIgniter\Boot::runCodeIgniter(Object(CodeIgniter\CodeIgniter))
#7 /Applications/XAMPP/xamppfiles/htdocs/sikumi/public/index.php(59): CodeIgniter\Boot::bootWeb(Object(Config\Paths))
#8 {main}
[Method: POST, Route: login]
in VENDORPATH/symfony/polyfill-intl-icu/NumberFormatter.php on line 603.
 1 [internal function]: CodeIgniter\Debug\Exceptions->shutdownHandler()
CRITICAL - 2026-05-19 08:30:43 --> CodeIgniter\Filters\Exceptions\FilterException: "{0}" filter must have a matching alias defined.
[Method: GET, Route: login]
in SYSTEMPATH/Filters/Filters.php on line 590.
 1 SYSTEMPATH/Filters/Filters.php(590): CodeIgniter\Filters\Exceptions\FilterException::forNoAlias('guest')
 2 SYSTEMPATH/Filters/Filters.php(641): CodeIgniter\Filters\Filters->enableFilter('guest', 'before')
 3 SYSTEMPATH/CodeIgniter.php(453): CodeIgniter\Filters\Filters->enableFilters([...], 'before')
 4 SYSTEMPATH/CodeIgniter.php(340): CodeIgniter\CodeIgniter->handleRequest(null, Object(Config\Cache), false)
 5 SYSTEMPATH/Boot.php(417): CodeIgniter\CodeIgniter->run()
 6 SYSTEMPATH/Boot.php(68): CodeIgniter\Boot::runCodeIgniter(Object(CodeIgniter\CodeIgniter))
 7 FCPATH/index.php(59): CodeIgniter\Boot::bootWeb(Object(Config\Paths))
CRITICAL - 2026-05-19 08:30:43 --> ErrorException: Uncaught Symfony\Polyfill\Intl\Icu\Exception\MethodNotImplementedException: The Symfony\Polyfill\Intl\Icu\NumberFormatter::setPattern() is not implemented. Please install the "intl" extension for full localization capabilities. in /Applications/XAMPP/xamppfiles/htdocs/sikumi/vendor/symfony/polyfill-intl-icu/NumberFormatter.php:603
Stack trace:
#0 /Applications/XAMPP/xamppfiles/htdocs/sikumi/vendor/codeigniter4/framework/system/Helpers/number_helper.php(158): Symfony\Polyfill\Intl\Icu\NumberFormatter->setPattern('#,##0.##')
#1 /Applications/XAMPP/xamppfiles/htdocs/sikumi/vendor/codeigniter4/framework/system/Helpers/number_helper.php(60): format_number(28.5, 2, 'en', Array)
#2 /Applications/XAMPP/xamppfiles/htdocs/sikumi/vendor/codeigniter4/framework/system/Debug/BaseExceptionHandler.php(158): number_to_size(28.5, 2)
#3 /Applications/XAMPP/xamppfiles/htdocs/sikumi/app/Views/errors/html/error_exception.php(408): CodeIgniter\Debug\BaseExceptionHandler::describeMemory(29884416)
#4 /Applications/XAMPP/xamppfiles/htdocs/sikumi/vendor/codeigniter4/framework/system/Debug/BaseExceptionHandler.php(270): include('/Applications/X...')
#5 /Applications/XAMPP/xamppfiles/htdocs/sikumi/vendor/codeigniter4/framework/system/Debug/BaseExceptionHandler.php(273): CodeIgniter\Debug\BaseExceptionHandler->CodeIgniter\Debug\{closure}()
#6 /Applications/XAMPP/xamppfiles/htdocs/sikumi/vendor/codeigniter4/framework/system/Debug/ExceptionHandler.php(126): CodeIgniter\Debug\BaseExceptionHandler->render(Object(CodeIgniter\Filters\Exceptions\FilterException), 500, '/Applications/X...')
#7 /Applications/XAMPP/xamppfiles/htdocs/sikumi/vendor/codeigniter4/framework/system/Debug/Exceptions.php(151): CodeIgniter\Debug\ExceptionHandler->handle(Object(CodeIgniter\Filters\Exceptions\FilterException), Object(CodeIgniter\HTTP\IncomingRequest), Object(CodeIgniter\HTTP\Response), 500, 3)
#8 [internal function]: CodeIgniter\Debug\Exceptions->exceptionHandler(Object(CodeIgniter\Filters\Exceptions\FilterException))
#9 {main}
  thrown
【Previous Exception】
CodeIgniter\Filters\Exceptions\FilterException
"{0}" filter must have a matching alias defined.
#0 /Applications/XAMPP/xamppfiles/htdocs/sikumi/vendor/codeigniter4/framework/system/Filters/Filters.php(590): CodeIgniter\Filters\Exceptions\FilterException::forNoAlias('guest')
#1 /Applications/XAMPP/xamppfiles/htdocs/sikumi/vendor/codeigniter4/framework/system/Filters/Filters.php(641): CodeIgniter\Filters\Filters->enableFilter('guest', 'before')
#2 /Applications/XAMPP/xamppfiles/htdocs/sikumi/vendor/codeigniter4/framework/system/CodeIgniter.php(453): CodeIgniter\Filters\Filters->enableFilters(Array, 'before')
#3 /Applications/XAMPP/xamppfiles/htdocs/sikumi/vendor/codeigniter4/framework/system/CodeIgniter.php(340): CodeIgniter\CodeIgniter->handleRequest(NULL, Object(Config\Cache), false)
#4 /Applications/XAMPP/xamppfiles/htdocs/sikumi/vendor/codeigniter4/framework/system/Boot.php(417): CodeIgniter\CodeIgniter->run()
#5 /Applications/XAMPP/xamppfiles/htdocs/sikumi/vendor/codeigniter4/framework/system/Boot.php(68): CodeIgniter\Boot::runCodeIgniter(Object(CodeIgniter\CodeIgniter))
#6 /Applications/XAMPP/xamppfiles/htdocs/sikumi/public/index.php(59): CodeIgniter\Boot::bootWeb(Object(Config\Paths))
#7 {main}
[Method: GET, Route: login]
in VENDORPATH/symfony/polyfill-intl-icu/NumberFormatter.php on line 603.
 1 [internal function]: CodeIgniter\Debug\Exceptions->shutdownHandler()
DEBUG - 2026-05-19 08:30:44 --> Session: Class initialized using 'CodeIgniter\Session\Handlers\FileHandler' driver.
CRITICAL - 2026-05-19 08:30:59 --> CodeIgniter\Filters\Exceptions\FilterException: "{0}" filter must have a matching alias defined.
[Method: GET, Route: login]
in SYSTEMPATH/Filters/Filters.php on line 590.
 1 SYSTEMPATH/Filters/Filters.php(590): CodeIgniter\Filters\Exceptions\FilterException::forNoAlias('guest')
 2 SYSTEMPATH/Filters/Filters.php(641): CodeIgniter\Filters\Filters->enableFilter('guest', 'before')
 3 SYSTEMPATH/CodeIgniter.php(453): CodeIgniter\Filters\Filters->enableFilters([...], 'before')
 4 SYSTEMPATH/CodeIgniter.php(340): CodeIgniter\CodeIgniter->handleRequest(null, Object(Config\Cache), false)
 5 SYSTEMPATH/Boot.php(417): CodeIgniter\CodeIgniter->run()
 6 SYSTEMPATH/Boot.php(68): CodeIgniter\Boot::runCodeIgniter(Object(CodeIgniter\CodeIgniter))
 7 FCPATH/index.php(59): CodeIgniter\Boot::bootWeb(Object(Config\Paths))
CRITICAL - 2026-05-19 08:30:59 --> ErrorException: Uncaught Symfony\Polyfill\Intl\Icu\Exception\MethodNotImplementedException: The Symfony\Polyfill\Intl\Icu\NumberFormatter::setPattern() is not implemented. Please install the "intl" extension for full localization capabilities. in /Applications/XAMPP/xamppfiles/htdocs/sikumi/vendor/symfony/polyfill-intl-icu/NumberFormatter.php:603
Stack trace:
#0 /Applications/XAMPP/xamppfiles/htdocs/sikumi/vendor/codeigniter4/framework/system/Helpers/number_helper.php(158): Symfony\Polyfill\Intl\Icu\NumberFormatter->setPattern('#,##0.##')
#1 /Applications/XAMPP/xamppfiles/htdocs/sikumi/vendor/codeigniter4/framework/system/Helpers/number_helper.php(60): format_number(28.5, 2, 'en', Array)
#2 /Applications/XAMPP/xamppfiles/htdocs/sikumi/vendor/codeigniter4/framework/system/Debug/BaseExceptionHandler.php(158): number_to_size(28.5, 2)
#3 /Applications/XAMPP/xamppfiles/htdocs/sikumi/app/Views/errors/html/error_exception.php(408): CodeIgniter\Debug\BaseExceptionHandler::describeMemory(29884416)
#4 /Applications/XAMPP/xamppfiles/htdocs/sikumi/vendor/codeigniter4/framework/system/Debug/BaseExceptionHandler.php(270): include('/Applications/X...')
#5 /Applications/XAMPP/xamppfiles/htdocs/sikumi/vendor/codeigniter4/framework/system/Debug/BaseExceptionHandler.php(273): CodeIgniter\Debug\BaseExceptionHandler->CodeIgniter\Debug\{closure}()
#6 /Applications/XAMPP/xamppfiles/htdocs/sikumi/vendor/codeigniter4/framework/system/Debug/ExceptionHandler.php(126): CodeIgniter\Debug\BaseExceptionHandler->render(Object(CodeIgniter\Filters\Exceptions\FilterException), 500, '/Applications/X...')
#7 /Applications/XAMPP/xamppfiles/htdocs/sikumi/vendor/codeigniter4/framework/system/Debug/Exceptions.php(151): CodeIgniter\Debug\ExceptionHandler->handle(Object(CodeIgniter\Filters\Exceptions\FilterException), Object(CodeIgniter\HTTP\IncomingRequest), Object(CodeIgniter\HTTP\Response), 500, 3)
#8 [internal function]: CodeIgniter\Debug\Exceptions->exceptionHandler(Object(CodeIgniter\Filters\Exceptions\FilterException))
#9 {main}
  thrown
【Previous Exception】
CodeIgniter\Filters\Exceptions\FilterException
"{0}" filter must have a matching alias defined.
#0 /Applications/XAMPP/xamppfiles/htdocs/sikumi/vendor/codeigniter4/framework/system/Filters/Filters.php(590): CodeIgniter\Filters\Exceptions\FilterException::forNoAlias('guest')
#1 /Applications/XAMPP/xamppfiles/htdocs/sikumi/vendor/codeigniter4/framework/system/Filters/Filters.php(641): CodeIgniter\Filters\Filters->enableFilter('guest', 'before')
#2 /Applications/XAMPP/xamppfiles/htdocs/sikumi/vendor/codeigniter4/framework/system/CodeIgniter.php(453): CodeIgniter\Filters\Filters->enableFilters(Array, 'before')
#3 /Applications/XAMPP/xamppfiles/htdocs/sikumi/vendor/codeigniter4/framework/system/CodeIgniter.php(340): CodeIgniter\CodeIgniter->handleRequest(NULL, Object(Config\Cache), false)
#4 /Applications/XAMPP/xamppfiles/htdocs/sikumi/vendor/codeigniter4/framework/system/Boot.php(417): CodeIgniter\CodeIgniter->run()
#5 /Applications/XAMPP/xamppfiles/htdocs/sikumi/vendor/codeigniter4/framework/system/Boot.php(68): CodeIgniter\Boot::runCodeIgniter(Object(CodeIgniter\CodeIgniter))
#6 /Applications/XAMPP/xamppfiles/htdocs/sikumi/public/index.php(59): CodeIgniter\Boot::bootWeb(Object(Config\Paths))
#7 {main}
[Method: GET, Route: login]
in VENDORPATH/symfony/polyfill-intl-icu/NumberFormatter.php on line 603.
 1 [internal function]: CodeIgniter\Debug\Exceptions->shutdownHandler()
DEBUG - 2026-05-19 08:35:51 --> Session: Class initialized using 'CodeIgniter\Session\Handlers\FileHandler' driver.
CRITICAL - 2026-05-19 08:35:55 --> CodeIgniter\Filters\Exceptions\FilterException: "{0}" filter must have a matching alias defined.
[Method: GET, Route: login]
in SYSTEMPATH/Filters/Filters.php on line 590.
 1 SYSTEMPATH/Filters/Filters.php(590): CodeIgniter\Filters\Exceptions\FilterException::forNoAlias('guest')
 2 SYSTEMPATH/Filters/Filters.php(641): CodeIgniter\Filters\Filters->enableFilter('guest', 'before')
 3 SYSTEMPATH/CodeIgniter.php(453): CodeIgniter\Filters\Filters->enableFilters([...], 'before')
 4 SYSTEMPATH/CodeIgniter.php(340): CodeIgniter\CodeIgniter->handleRequest(null, Object(Config\Cache), false)
 5 SYSTEMPATH/Boot.php(417): CodeIgniter\CodeIgniter->run()
 6 SYSTEMPATH/Boot.php(68): CodeIgniter\Boot::runCodeIgniter(Object(CodeIgniter\CodeIgniter))
 7 FCPATH/index.php(59): CodeIgniter\Boot::bootWeb(Object(Config\Paths))
CRITICAL - 2026-05-19 08:35:55 --> ErrorException: Uncaught Symfony\Polyfill\Intl\Icu\Exception\MethodNotImplementedException: The Symfony\Polyfill\Intl\Icu\NumberFormatter::setPattern() is not implemented. Please install the "intl" extension for full localization capabilities. in /Applications/XAMPP/xamppfiles/htdocs/sikumi/vendor/symfony/polyfill-intl-icu/NumberFormatter.php:603
Stack trace:
#0 /Applications/XAMPP/xamppfiles/htdocs/sikumi/vendor/codeigniter4/framework/system/Helpers/number_helper.php(158): Symfony\Polyfill\Intl\Icu\NumberFormatter->setPattern('#,##0.##')
#1 /Applications/XAMPP/xamppfiles/htdocs/sikumi/vendor/codeigniter4/framework/system/Helpers/number_helper.php(60): format_number(28.5, 2, 'en', Array)
#2 /Applications/XAMPP/xamppfiles/htdocs/sikumi/vendor/codeigniter4/framework/system/Debug/BaseExceptionHandler.php(158): number_to_size(28.5, 2)
#3 /Applications/XAMPP/xamppfiles/htdocs/sikumi/app/Views/errors/html/error_exception.php(408): CodeIgniter\Debug\BaseExceptionHandler::describeMemory(29884416)
#4 /Applications/XAMPP/xamppfiles/htdocs/sikumi/vendor/codeigniter4/framework/system/Debug/BaseExceptionHandler.php(270): include('/Applications/X...')
#5 /Applications/XAMPP/xamppfiles/htdocs/sikumi/vendor/codeigniter4/framework/system/Debug/BaseExceptionHandler.php(273): CodeIgniter\Debug\BaseExceptionHandler->CodeIgniter\Debug\{closure}()
#6 /Applications/XAMPP/xamppfiles/htdocs/sikumi/vendor/codeigniter4/framework/system/Debug/ExceptionHandler.php(126): CodeIgniter\Debug\BaseExceptionHandler->render(Object(CodeIgniter\Filters\Exceptions\FilterException), 500, '/Applications/X...')
#7 /Applications/XAMPP/xamppfiles/htdocs/sikumi/vendor/codeigniter4/framework/system/Debug/Exceptions.php(151): CodeIgniter\Debug\ExceptionHandler->handle(Object(CodeIgniter\Filters\Exceptions\FilterException), Object(CodeIgniter\HTTP\IncomingRequest), Object(CodeIgniter\HTTP\Response), 500, 3)
#8 [internal function]: CodeIgniter\Debug\Exceptions->exceptionHandler(Object(CodeIgniter\Filters\Exceptions\FilterException))
#9 {main}
  thrown
【Previous Exception】
CodeIgniter\Filters\Exceptions\FilterException
"{0}" filter must have a matching alias defined.
#0 /Applications/XAMPP/xamppfiles/htdocs/sikumi/vendor/codeigniter4/framework/system/Filters/Filters.php(590): CodeIgniter\Filters\Exceptions\FilterException::forNoAlias('guest')
#1 /Applications/XAMPP/xamppfiles/htdocs/sikumi/vendor/codeigniter4/framework/system/Filters/Filters.php(641): CodeIgniter\Filters\Filters->enableFilter('guest', 'before')
#2 /Applications/XAMPP/xamppfiles/htdocs/sikumi/vendor/codeigniter4/framework/system/CodeIgniter.php(453): CodeIgniter\Filters\Filters->enableFilters(Array, 'before')
#3 /Applications/XAMPP/xamppfiles/htdocs/sikumi/vendor/codeigniter4/framework/system/CodeIgniter.php(340): CodeIgniter\CodeIgniter->handleRequest(NULL, Object(Config\Cache), false)
#4 /Applications/XAMPP/xamppfiles/htdocs/sikumi/vendor/codeigniter4/framework/system/Boot.php(417): CodeIgniter\CodeIgniter->run()
#5 /Applications/XAMPP/xamppfiles/htdocs/sikumi/vendor/codeigniter4/framework/system/Boot.php(68): CodeIgniter\Boot::runCodeIgniter(Object(CodeIgniter\CodeIgniter))
#6 /Applications/XAMPP/xamppfiles/htdocs/sikumi/public/index.php(59): CodeIgniter\Boot::bootWeb(Object(Config\Paths))
#7 {main}
[Method: GET, Route: login]
in VENDORPATH/symfony/polyfill-intl-icu/NumberFormatter.php on line 603.
 1 [internal function]: CodeIgniter\Debug\Exceptions->shutdownHandler()
CRITICAL - 2026-05-19 08:35:59 --> CodeIgniter\Filters\Exceptions\FilterException: "{0}" filter must have a matching alias defined.
[Method: GET, Route: login]
in SYSTEMPATH/Filters/Filters.php on line 590.
 1 SYSTEMPATH/Filters/Filters.php(590): CodeIgniter\Filters\Exceptions\FilterException::forNoAlias('guest')
 2 SYSTEMPATH/Filters/Filters.php(641): CodeIgniter\Filters\Filters->enableFilter('guest', 'before')
 3 SYSTEMPATH/CodeIgniter.php(453): CodeIgniter\Filters\Filters->enableFilters([...], 'before')
 4 SYSTEMPATH/CodeIgniter.php(340): CodeIgniter\CodeIgniter->handleRequest(null, Object(Config\Cache), false)
 5 SYSTEMPATH/Boot.php(417): CodeIgniter\CodeIgniter->run()
 6 SYSTEMPATH/Boot.php(68): CodeIgniter\Boot::runCodeIgniter(Object(CodeIgniter\CodeIgniter))
 7 FCPATH/index.php(59): CodeIgniter\Boot::bootWeb(Object(Config\Paths))
CRITICAL - 2026-05-19 08:35:59 --> ErrorException: Uncaught Symfony\Polyfill\Intl\Icu\Exception\MethodNotImplementedException: The Symfony\Polyfill\Intl\Icu\NumberFormatter::setPattern() is not implemented. Please install the "intl" extension for full localization capabilities. in /Applications/XAMPP/xamppfiles/htdocs/sikumi/vendor/symfony/polyfill-intl-icu/NumberFormatter.php:603
Stack trace:
#0 /Applications/XAMPP/xamppfiles/htdocs/sikumi/vendor/codeigniter4/framework/system/Helpers/number_helper.php(158): Symfony\Polyfill\Intl\Icu\NumberFormatter->setPattern('#,##0.##')
#1 /Applications/XAMPP/xamppfiles/htdocs/sikumi/vendor/codeigniter4/framework/system/Helpers/number_helper.php(60): format_number(28.5, 2, 'en', Array)
#2 /Applications/XAMPP/xamppfiles/htdocs/sikumi/vendor/codeigniter4/framework/system/Debug/BaseExceptionHandler.php(158): number_to_size(28.5, 2)
#3 /Applications/XAMPP/xamppfiles/htdocs/sikumi/app/Views/errors/html/error_exception.php(408): CodeIgniter\Debug\BaseExceptionHandler::describeMemory(29884416)
#4 /Applications/XAMPP/xamppfiles/htdocs/sikumi/vendor/codeigniter4/framework/system/Debug/BaseExceptionHandler.php(270): include('/Applications/X...')
#5 /Applications/XAMPP/xamppfiles/htdocs/sikumi/vendor/codeigniter4/framework/system/Debug/BaseExceptionHandler.php(273): CodeIgniter\Debug\BaseExceptionHandler->CodeIgniter\Debug\{closure}()
#6 /Applications/XAMPP/xamppfiles/htdocs/sikumi/vendor/codeigniter4/framework/system/Debug/ExceptionHandler.php(126): CodeIgniter\Debug\BaseExceptionHandler->render(Object(CodeIgniter\Filters\Exceptions\FilterException), 500, '/Applications/X...')
#7 /Applications/XAMPP/xamppfiles/htdocs/sikumi/vendor/codeigniter4/framework/system/Debug/Exceptions.php(151): CodeIgniter\Debug\ExceptionHandler->handle(Object(CodeIgniter\Filters\Exceptions\FilterException), Object(CodeIgniter\HTTP\IncomingRequest), Object(CodeIgniter\HTTP\Response), 500, 3)
#8 [internal function]: CodeIgniter\Debug\Exceptions->exceptionHandler(Object(CodeIgniter\Filters\Exceptions\FilterException))
#9 {main}
  thrown
【Previous Exception】
CodeIgniter\Filters\Exceptions\FilterException
"{0}" filter must have a matching alias defined.
#0 /Applications/XAMPP/xamppfiles/htdocs/sikumi/vendor/codeigniter4/framework/system/Filters/Filters.php(590): CodeIgniter\Filters\Exceptions\FilterException::forNoAlias('guest')
#1 /Applications/XAMPP/xamppfiles/htdocs/sikumi/vendor/codeigniter4/framework/system/Filters/Filters.php(641): CodeIgniter\Filters\Filters->enableFilter('guest', 'before')
#2 /Applications/XAMPP/xamppfiles/htdocs/sikumi/vendor/codeigniter4/framework/system/CodeIgniter.php(453): CodeIgniter\Filters\Filters->enableFilters(Array, 'before')
#3 /Applications/XAMPP/xamppfiles/htdocs/sikumi/vendor/codeigniter4/framework/system/CodeIgniter.php(340): CodeIgniter\CodeIgniter->handleRequest(NULL, Object(Config\Cache), false)
#4 /Applications/XAMPP/xamppfiles/htdocs/sikumi/vendor/codeigniter4/framework/system/Boot.php(417): CodeIgniter\CodeIgniter->run()
#5 /Applications/XAMPP/xamppfiles/htdocs/sikumi/vendor/codeigniter4/framework/system/Boot.php(68): CodeIgniter\Boot::runCodeIgniter(Object(CodeIgniter\CodeIgniter))
#6 /Applications/XAMPP/xamppfiles/htdocs/sikumi/public/index.php(59): CodeIgniter\Boot::bootWeb(Object(Config\Paths))
#7 {main}
[Method: GET, Route: login]
in VENDORPATH/symfony/polyfill-intl-icu/NumberFormatter.php on line 603.
 1 [internal function]: CodeIgniter\Debug\Exceptions->shutdownHandler()
DEBUG - 2026-05-19 08:40:14 --> Session: Class initialized using 'CodeIgniter\Session\Handlers\FileHandler' driver.
DEBUG - 2026-05-19 08:40:47 --> Session: Class initialized using 'CodeIgniter\Session\Handlers\FileHandler' driver.
DEBUG - 2026-05-19 08:40:49 --> Session: Class initialized using 'CodeIgniter\Session\Handlers\FileHandler' driver.
DEBUG - 2026-05-19 08:40:49 --> Session: Class initialized using 'CodeIgniter\Session\Handlers\FileHandler' driver.
DEBUG - 2026-05-19 08:40:54 --> Session: Class initialized using 'CodeIgniter\Session\Handlers\FileHandler' driver.
DEBUG - 2026-05-19 08:43:22 --> Session: Class initialized using 'CodeIgniter\Session\Handlers\FileHandler' driver.
DEBUG - 2026-05-19 08:43:22 --> Session: Class initialized using 'CodeIgniter\Session\Handlers\FileHandler' driver.
DEBUG - 2026-05-19 08:43:26 --> Session: Class initialized using 'CodeIgniter\Session\Handlers\FileHandler' driver.
DEBUG - 2026-05-19 08:43:40 --> Session: Class initialized using 'CodeIgniter\Session\Handlers\FileHandler' driver.
DEBUG - 2026-05-19 08:43:40 --> Session: Class initialized using 'CodeIgniter\Session\Handlers\FileHandler' driver.
DEBUG - 2026-05-19 08:43:44 --> Session: Class initialized using 'CodeIgniter\Session\Handlers\FileHandler' driver.
DEBUG - 2026-05-19 08:43:51 --> Session: Class initialized using 'CodeIgniter\Session\Handlers\FileHandler' driver.
DEBUG - 2026-05-19 08:43:53 --> Session: Class initialized using 'CodeIgniter\Session\Handlers\FileHandler' driver.
DEBUG - 2026-05-19 08:43:53 --> Session: Class initialized using 'CodeIgniter\Session\Handlers\FileHandler' driver.
DEBUG - 2026-05-19 08:44:01 --> Session: Class initialized using 'CodeIgniter\Session\Handlers\FileHandler' driver.
DEBUG - 2026-05-19 08:44:01 --> Session: Class initialized using 'CodeIgniter\Session\Handlers\FileHandler' driver.
DEBUG - 2026-05-19 08:44:05 --> Session: Class initialized using 'CodeIgniter\Session\Handlers\FileHandler' driver.
DEBUG - 2026-05-19 08:44:05 --> Session: Class initialized using 'CodeIgniter\Session\Handlers\FileHandler' driver.
DEBUG - 2026-05-19 11:15:02 --> Session: Class initialized using 'CodeIgniter\Session\Handlers\FileHandler' driver.
DEBUG - 2026-05-19 11:15:27 --> Session: Class initialized using 'CodeIgniter\Session\Handlers\FileHandler' driver.
DEBUG - 2026-05-19 11:15:28 --> Session: Class initialized using 'CodeIgniter\Session\Handlers\FileHandler' driver.
DEBUG - 2026-05-19 11:15:39 --> Session: Class initialized using 'CodeIgniter\Session\Handlers\FileHandler' driver.
DEBUG - 2026-05-19 11:15:39 --> Session: Class initialized using 'CodeIgniter\Session\Handlers\FileHandler' driver.
DEBUG - 2026-05-19 11:15:47 --> Session: Class initialized using 'CodeIgniter\Session\Handlers\FileHandler' driver.
DEBUG - 2026-05-19 11:15:47 --> Session: Class initialized using 'CodeIgniter\Session\Handlers\FileHandler' driver.
DEBUG - 2026-05-19 11:16:02 --> Session: Class initialized using 'CodeIgniter\Session\Handlers\FileHandler' driver.
DEBUG - 2026-05-19 11:16:07 --> Session: Class initialized using 'CodeIgniter\Session\Handlers\FileHandler' driver.
DEBUG - 2026-05-19 12:40:28 --> Session: Class initialized using 'CodeIgniter\Session\Handlers\FileHandler' driver.
DEBUG - 2026-05-19 12:40:30 --> Session: Class initialized using 'CodeIgniter\Session\Handlers\FileHandler' driver.
DEBUG - 2026-05-19 12:40:31 --> Session: Class initialized using 'CodeIgniter\Session\Handlers\FileHandler' driver.
DEBUG - 2026-05-19 12:40:31 --> Session: Class initialized using 'CodeIgniter\Session\Handlers\FileHandler' driver.
DEBUG - 2026-05-19 12:40:32 --> Session: Class initialized using 'CodeIgniter\Session\Handlers\FileHandler' driver.
DEBUG - 2026-05-19 12:41:00 --> Session: Class initialized using 'CodeIgniter\Session\Handlers\FileHandler' driver.
ERROR - 2026-05-19 12:41:00 --> Table 'db_sikumi.academic_calendars' doesn't exist
in SYSTEMPATH/Database/MySQLi/Connection.php on line 300.
 1 SYSTEMPATH/Database/MySQLi/Connection.php(300): mysqli->query('SELECT `ac`.*, `mc`.`category_name`, `mc`.`color_hex`
FROM `academic_calendars` `ac`
JOIN `master_categories` `mc` ON `mc`.`id` = `ac`.`category_id`
WHERE `ac`.`academic_year_id` = \'2\'
AND `ac`.`class_id` = 1
ORDER BY `ac`.`start_date` ASC', 0)
 2 SYSTEMPATH/Database/BaseConnection.php(910): CodeIgniter\Database\MySQLi\Connection->execute('SELECT `ac`.*, `mc`.`category_name`, `mc`.`color_hex`
FROM `academic_calendars` `ac`
JOIN `master_categories` `mc` ON `mc`.`id` = `ac`.`category_id`
WHERE `ac`.`academic_year_id` = \'2\'
AND `ac`.`class_id` = 1
ORDER BY `ac`.`start_date` ASC')
 3 SYSTEMPATH/Database/BaseConnection.php(827): CodeIgniter\Database\BaseConnection->simpleQuery('SELECT `ac`.*, `mc`.`category_name`, `mc`.`color_hex`
FROM `academic_calendars` `ac`
JOIN `master_categories` `mc` ON `mc`.`id` = `ac`.`category_id`
WHERE `ac`.`academic_year_id` = \'2\'
AND `ac`.`class_id` = 1
ORDER BY `ac`.`start_date` ASC')
 4 SYSTEMPATH/Database/BaseBuilder.php(1649): CodeIgniter\Database\BaseConnection->query('SELECT `ac`.*, `mc`.`category_name`, `mc`.`color_hex`
FROM `academic_calendars` `ac`
JOIN `master_categories` `mc` ON `mc`.`id` = `ac`.`category_id`
WHERE `ac`.`academic_year_id` = :ac.academic_year_id:
AND `ac`.`class_id` = :ac.class_id:
ORDER BY `ac`.`start_date` ASC', [...], false)
 5 APPPATH/Controllers/KaldikController.php(33): CodeIgniter\Database\BaseBuilder->get()
 6 SYSTEMPATH/CodeIgniter.php(951): App\Controllers\KaldikController->index()
 7 SYSTEMPATH/CodeIgniter.php(497): CodeIgniter\CodeIgniter->runController(Object(App\Controllers\KaldikController))
 8 SYSTEMPATH/CodeIgniter.php(340): CodeIgniter\CodeIgniter->handleRequest(null, Object(Config\Cache), false)
 9 SYSTEMPATH/Boot.php(417): CodeIgniter\CodeIgniter->run()
10 SYSTEMPATH/Boot.php(68): CodeIgniter\Boot::runCodeIgniter(Object(CodeIgniter\CodeIgniter))
11 FCPATH/index.php(59): CodeIgniter\Boot::bootWeb(Object(Config\Paths))
CRITICAL - 2026-05-19 12:41:00 --> CodeIgniter\Database\Exceptions\DatabaseException: Table 'db_sikumi.academic_calendars' doesn't exist
[Method: GET, Route: admin/kaldik]
in SYSTEMPATH/Database/BaseConnection.php on line 865.
 1 SYSTEMPATH/Database/BaseBuilder.php(1649): CodeIgniter\Database\BaseConnection->query('SELECT `ac`.*, `mc`.`category_name`, `mc`.`color_hex`
FROM `academic_calendars` `ac`
JOIN `master_categories` `mc` ON `mc`.`id` = `ac`.`category_id`
WHERE `ac`.`academic_year_id` = :ac.academic_year_id:
AND `ac`.`class_id` = :ac.class_id:
ORDER BY `ac`.`start_date` ASC', [...], false)
 2 APPPATH/Controllers/KaldikController.php(33): CodeIgniter\Database\BaseBuilder->get()
 3 SYSTEMPATH/CodeIgniter.php(951): App\Controllers\KaldikController->index()
 4 SYSTEMPATH/CodeIgniter.php(497): CodeIgniter\CodeIgniter->runController(Object(App\Controllers\KaldikController))
 5 SYSTEMPATH/CodeIgniter.php(340): CodeIgniter\CodeIgniter->handleRequest(null, Object(Config\Cache), false)
 6 SYSTEMPATH/Boot.php(417): CodeIgniter\CodeIgniter->run()
 7 SYSTEMPATH/Boot.php(68): CodeIgniter\Boot::runCodeIgniter(Object(CodeIgniter\CodeIgniter))
 8 FCPATH/index.php(59): CodeIgniter\Boot::bootWeb(Object(Config\Paths))
CRITICAL - 2026-05-19 12:41:00 --> [Caused by] CodeIgniter\Database\Exceptions\DatabaseException: Table 'db_sikumi.academic_calendars' doesn't exist
in SYSTEMPATH/Database/MySQLi/Connection.php on line 310.
 1 SYSTEMPATH/Database/BaseConnection.php(910): CodeIgniter\Database\MySQLi\Connection->execute('SELECT `ac`.*, `mc`.`category_name`, `mc`.`color_hex`
FROM `academic_calendars` `ac`
JOIN `master_categories` `mc` ON `mc`.`id` = `ac`.`category_id`
WHERE `ac`.`academic_year_id` = \'2\'
AND `ac`.`class_id` = 1
ORDER BY `ac`.`start_date` ASC')
 2 SYSTEMPATH/Database/BaseConnection.php(827): CodeIgniter\Database\BaseConnection->simpleQuery('SELECT `ac`.*, `mc`.`category_name`, `mc`.`color_hex`
FROM `academic_calendars` `ac`
JOIN `master_categories` `mc` ON `mc`.`id` = `ac`.`category_id`
WHERE `ac`.`academic_year_id` = \'2\'
AND `ac`.`class_id` = 1
ORDER BY `ac`.`start_date` ASC')
 3 SYSTEMPATH/Database/BaseBuilder.php(1649): CodeIgniter\Database\BaseConnection->query('SELECT `ac`.*, `mc`.`category_name`, `mc`.`color_hex`
FROM `academic_calendars` `ac`
JOIN `master_categories` `mc` ON `mc`.`id` = `ac`.`category_id`
WHERE `ac`.`academic_year_id` = :ac.academic_year_id:
AND `ac`.`class_id` = :ac.class_id:
ORDER BY `ac`.`start_date` ASC', [...], false)
 4 APPPATH/Controllers/KaldikController.php(33): CodeIgniter\Database\BaseBuilder->get()
 5 SYSTEMPATH/CodeIgniter.php(951): App\Controllers\KaldikController->index()
 6 SYSTEMPATH/CodeIgniter.php(497): CodeIgniter\CodeIgniter->runController(Object(App\Controllers\KaldikController))
 7 SYSTEMPATH/CodeIgniter.php(340): CodeIgniter\CodeIgniter->handleRequest(null, Object(Config\Cache), false)
 8 SYSTEMPATH/Boot.php(417): CodeIgniter\CodeIgniter->run()
 9 SYSTEMPATH/Boot.php(68): CodeIgniter\Boot::runCodeIgniter(Object(CodeIgniter\CodeIgniter))
10 FCPATH/index.php(59): CodeIgniter\Boot::bootWeb(Object(Config\Paths))
CRITICAL - 2026-05-19 12:41:00 --> [Caused by] mysqli_sql_exception: Table 'db_sikumi.academic_calendars' doesn't exist
in SYSTEMPATH/Database/MySQLi/Connection.php on line 300.
 1 SYSTEMPATH/Database/MySQLi/Connection.php(300): mysqli->query('SELECT `ac`.*, `mc`.`category_name`, `mc`.`color_hex`
FROM `academic_calendars` `ac`
JOIN `master_categories` `mc` ON `mc`.`id` = `ac`.`category_id`
WHERE `ac`.`academic_year_id` = \'2\'
AND `ac`.`class_id` = 1
ORDER BY `ac`.`start_date` ASC', 0)
 2 SYSTEMPATH/Database/BaseConnection.php(910): CodeIgniter\Database\MySQLi\Connection->execute('SELECT `ac`.*, `mc`.`category_name`, `mc`.`color_hex`
FROM `academic_calendars` `ac`
JOIN `master_categories` `mc` ON `mc`.`id` = `ac`.`category_id`
WHERE `ac`.`academic_year_id` = \'2\'
AND `ac`.`class_id` = 1
ORDER BY `ac`.`start_date` ASC')
 3 SYSTEMPATH/Database/BaseConnection.php(827): CodeIgniter\Database\BaseConnection->simpleQuery('SELECT `ac`.*, `mc`.`category_name`, `mc`.`color_hex`
FROM `academic_calendars` `ac`
JOIN `master_categories` `mc` ON `mc`.`id` = `ac`.`category_id`
WHERE `ac`.`academic_year_id` = \'2\'
AND `ac`.`class_id` = 1
ORDER BY `ac`.`start_date` ASC')
 4 SYSTEMPATH/Database/BaseBuilder.php(1649): CodeIgniter\Database\BaseConnection->query('SELECT `ac`.*, `mc`.`category_name`, `mc`.`color_hex`
FROM `academic_calendars` `ac`
JOIN `master_categories` `mc` ON `mc`.`id` = `ac`.`category_id`
WHERE `ac`.`academic_year_id` = :ac.academic_year_id:
AND `ac`.`class_id` = :ac.class_id:
ORDER BY `ac`.`start_date` ASC', [...], false)
 5 APPPATH/Controllers/KaldikController.php(33): CodeIgniter\Database\BaseBuilder->get()
 6 SYSTEMPATH/CodeIgniter.php(951): App\Controllers\KaldikController->index()
 7 SYSTEMPATH/CodeIgniter.php(497): CodeIgniter\CodeIgniter->runController(Object(App\Controllers\KaldikController))
 8 SYSTEMPATH/CodeIgniter.php(340): CodeIgniter\CodeIgniter->handleRequest(null, Object(Config\Cache), false)
 9 SYSTEMPATH/Boot.php(417): CodeIgniter\CodeIgniter->run()
10 SYSTEMPATH/Boot.php(68): CodeIgniter\Boot::runCodeIgniter(Object(CodeIgniter\CodeIgniter))
11 FCPATH/index.php(59): CodeIgniter\Boot::bootWeb(Object(Config\Paths))
CRITICAL - 2026-05-19 12:41:00 --> ErrorException: Uncaught Symfony\Polyfill\Intl\Icu\Exception\MethodNotImplementedException: The Symfony\Polyfill\Intl\Icu\NumberFormatter::setPattern() is not implemented. Please install the "intl" extension for full localization capabilities. in /Applications/XAMPP/xamppfiles/htdocs/sikumi/vendor/symfony/polyfill-intl-icu/NumberFormatter.php:603
Stack trace:
#0 /Applications/XAMPP/xamppfiles/htdocs/sikumi/vendor/codeigniter4/framework/system/Helpers/number_helper.php(158): Symfony\Polyfill\Intl\Icu\NumberFormatter->setPattern('#,##0.##')
#1 /Applications/XAMPP/xamppfiles/htdocs/sikumi/vendor/codeigniter4/framework/system/Helpers/number_helper.php(60): format_number(30.5, 2, 'en', Array)
#2 /Applications/XAMPP/xamppfiles/htdocs/sikumi/vendor/codeigniter4/framework/system/Debug/BaseExceptionHandler.php(158): number_to_size(30.5, 2)
#3 /Applications/XAMPP/xamppfiles/htdocs/sikumi/app/Views/errors/html/error_exception.php(408): CodeIgniter\Debug\BaseExceptionHandler::describeMemory(31981568)
#4 /Applications/XAMPP/xamppfiles/htdocs/sikumi/vendor/codeigniter4/framework/system/Debug/BaseExceptionHandler.php(270): include('/Applications/X...')
#5 /Applications/XAMPP/xamppfiles/htdocs/sikumi/vendor/codeigniter4/framework/system/Debug/BaseExceptionHandler.php(273): CodeIgniter\Debug\BaseExceptionHandler->CodeIgniter\Debug\{closure}()
#6 /Applications/XAMPP/xamppfiles/htdocs/sikumi/vendor/codeigniter4/framework/system/Debug/ExceptionHandler.php(126): CodeIgniter\Debug\BaseExceptionHandler->render(Object(CodeIgniter\Database\Exceptions\DatabaseException), 500, '/Applications/X...')
#7 /Applications/XAMPP/xamppfiles/htdocs/sikumi/vendor/codeigniter4/framework/system/Debug/Exceptions.php(151): CodeIgniter\Debug\ExceptionHandler->handle(Object(CodeIgniter\Database\Exceptions\DatabaseException), Object(CodeIgniter\HTTP\IncomingRequest), Object(CodeIgniter\HTTP\Response), 500, 8)
#8 [internal function]: CodeIgniter\Debug\Exceptions->exceptionHandler(Object(CodeIgniter\Database\Exceptions\DatabaseException))
#9 {main}
  thrown
【Previous Exception】
CodeIgniter\Database\Exceptions\DatabaseException
Table 'db_sikumi.academic_calendars' doesn't exist
#0 /Applications/XAMPP/xamppfiles/htdocs/sikumi/vendor/codeigniter4/framework/system/Database/BaseBuilder.php(1649): CodeIgniter\Database\BaseConnection->query('SELECT `ac`.*, ...', Array, false)
#1 /Applications/XAMPP/xamppfiles/htdocs/sikumi/app/Controllers/KaldikController.php(33): CodeIgniter\Database\BaseBuilder->get()
#2 /Applications/XAMPP/xamppfiles/htdocs/sikumi/vendor/codeigniter4/framework/system/CodeIgniter.php(951): App\Controllers\KaldikController->index()
#3 /Applications/XAMPP/xamppfiles/htdocs/sikumi/vendor/codeigniter4/framework/system/CodeIgniter.php(497): CodeIgniter\CodeIgniter->runController(Object(App\Controllers\KaldikController))
#4 /Applications/XAMPP/xamppfiles/htdocs/sikumi/vendor/codeigniter4/framework/system/CodeIgniter.php(340): CodeIgniter\CodeIgniter->handleRequest(NULL, Object(Config\Cache), false)
#5 /Applications/XAMPP/xamppfiles/htdocs/sikumi/vendor/codeigniter4/framework/system/Boot.php(417): CodeIgniter\CodeIgniter->run()
#6 /Applications/XAMPP/xamppfiles/htdocs/sikumi/vendor/codeigniter4/framework/system/Boot.php(68): CodeIgniter\Boot::runCodeIgniter(Object(CodeIgniter\CodeIgniter))
#7 /Applications/XAMPP/xamppfiles/htdocs/sikumi/public/index.php(59): CodeIgniter\Boot::bootWeb(Object(Config\Paths))
#8 {main}
[Method: GET, Route: admin/kaldik]
in VENDORPATH/symfony/polyfill-intl-icu/NumberFormatter.php on line 603.
 1 [internal function]: CodeIgniter\Debug\Exceptions->shutdownHandler()
ERROR - 2026-05-19 12:43:43 --> Duplicate entry '1' for key 'PRIMARY'
in SYSTEMPATH/Database/MySQLi/Connection.php on line 300.
 1 SYSTEMPATH/Database/MySQLi/Connection.php(300): mysqli->query('INSERT INTO `custom_roles` (`created_at`, `id`, `role_name`, `role_title`, `updated_at`)
VALUES (\'2026-05-19 12:43:43\',1,\'waka_kurikulum\',\'Waka Kurikulum\',\'2026-05-19 12:43:43\'), (\'2026-05-19 12:43:43\',2,\'guru_pengajar\',\'Guru Pengajar\',\'2026-05-19 12:43:43\'), (\'2026-05-19 12:43:43\',3,\'wali_kelas\',\'Wali Kelas\',\'2026-05-19 12:43:43\'), (\'2026-05-19 12:43:43\',4,\'admin\',\'Super Admin\',\'2026-05-19 12:43:43\')', 0)
 2 SYSTEMPATH/Database/BaseConnection.php(910): CodeIgniter\Database\MySQLi\Connection->execute('INSERT INTO `custom_roles` (`created_at`, `id`, `role_name`, `role_title`, `updated_at`)
VALUES (\'2026-05-19 12:43:43\',1,\'waka_kurikulum\',\'Waka Kurikulum\',\'2026-05-19 12:43:43\'), (\'2026-05-19 12:43:43\',2,\'guru_pengajar\',\'Guru Pengajar\',\'2026-05-19 12:43:43\'), (\'2026-05-19 12:43:43\',3,\'wali_kelas\',\'Wali Kelas\',\'2026-05-19 12:43:43\'), (\'2026-05-19 12:43:43\',4,\'admin\',\'Super Admin\',\'2026-05-19 12:43:43\')')
 3 SYSTEMPATH/Database/BaseConnection.php(827): CodeIgniter\Database\BaseConnection->simpleQuery('INSERT INTO `custom_roles` (`created_at`, `id`, `role_name`, `role_title`, `updated_at`)
VALUES (\'2026-05-19 12:43:43\',1,\'waka_kurikulum\',\'Waka Kurikulum\',\'2026-05-19 12:43:43\'), (\'2026-05-19 12:43:43\',2,\'guru_pengajar\',\'Guru Pengajar\',\'2026-05-19 12:43:43\'), (\'2026-05-19 12:43:43\',3,\'wali_kelas\',\'Wali Kelas\',\'2026-05-19 12:43:43\'), (\'2026-05-19 12:43:43\',4,\'admin\',\'Super Admin\',\'2026-05-19 12:43:43\')')
 4 SYSTEMPATH/Database/BaseBuilder.php(1841): CodeIgniter\Database\BaseConnection->query('INSERT INTO `custom_roles` (`created_at`, `id`, `role_name`, `role_title`, `updated_at`)
VALUES (\'2026-05-19 12:43:43\',1,\'waka_kurikulum\',\'Waka Kurikulum\',\'2026-05-19 12:43:43\'), (\'2026-05-19 12:43:43\',2,\'guru_pengajar\',\'Guru Pengajar\',\'2026-05-19 12:43:43\'), (\'2026-05-19 12:43:43\',3,\'wali_kelas\',\'Wali Kelas\',\'2026-05-19 12:43:43\'), (\'2026-05-19 12:43:43\',4,\'admin\',\'Super Admin\',\'2026-05-19 12:43:43\')', null, false)
 5 SYSTEMPATH/Database/BaseBuilder.php(2230): CodeIgniter\Database\BaseBuilder->batchExecute('_insertBatch', 100)
 6 APPPATH/Database/Seeds/RbacSeeder.php(45): CodeIgniter\Database\BaseBuilder->insertBatch([...])
 7 SYSTEMPATH/Database/Seeder.php(155): App\Database\Seeds\RbacSeeder->run()
 8 SYSTEMPATH/Commands/Database/Seed.php(79): CodeIgniter\Database\Seeder->call('App\\Database\\Seeds\\RbacSeeder')
 9 SYSTEMPATH/CLI/Commands.php(74): CodeIgniter\Commands\Database\Seed->run([])
10 SYSTEMPATH/CLI/Console.php(47): CodeIgniter\CLI\Commands->run('db:seed', [...])
11 SYSTEMPATH/Boot.php(442): CodeIgniter\CLI\Console->run()
12 SYSTEMPATH/Boot.php(166): CodeIgniter\Boot::runCommand(Object(CodeIgniter\CLI\Console))
13 ROOTPATH/spark(87): CodeIgniter\Boot::bootSpark(Object(Config\Paths))
ERROR - 2026-05-19 12:43:43 --> Cannot truncate a table referenced in a foreign key constraint (`db_sikumi`.`academic_calendars`, CONSTRAINT `academic_calendars_academic_year_id_foreign` FOREIGN KEY (`academic_year_id`) REFERENCES `db_sikumi`.`academic_years` (`id`))
in SYSTEMPATH/Database/MySQLi/Connection.php on line 300.
 1 SYSTEMPATH/Database/MySQLi/Connection.php(300): mysqli->query('TRUNCATE `academic_years`', 0)
 2 SYSTEMPATH/Database/BaseConnection.php(910): CodeIgniter\Database\MySQLi\Connection->execute('TRUNCATE `academic_years`')
 3 SYSTEMPATH/Database/BaseConnection.php(827): CodeIgniter\Database\BaseConnection->simpleQuery('TRUNCATE `academic_years`')
 4 SYSTEMPATH/Database/BaseBuilder.php(2773): CodeIgniter\Database\BaseConnection->query('TRUNCATE `academic_years`', null, false)
 5 APPPATH/Database/Seeds/AcademicYearSeeder.php(14): CodeIgniter\Database\BaseBuilder->truncate()
 6 SYSTEMPATH/Database/Seeder.php(155): App\Database\Seeds\AcademicYearSeeder->run()
 7 SYSTEMPATH/Commands/Database/Seed.php(79): CodeIgniter\Database\Seeder->call('App\\Database\\Seeds\\AcademicYearSeeder')
 8 SYSTEMPATH/CLI/Commands.php(74): CodeIgniter\Commands\Database\Seed->run([])
 9 SYSTEMPATH/CLI/Console.php(47): CodeIgniter\CLI\Commands->run('db:seed', [...])
10 SYSTEMPATH/Boot.php(442): CodeIgniter\CLI\Console->run()
11 SYSTEMPATH/Boot.php(166): CodeIgniter\Boot::runCommand(Object(CodeIgniter\CLI\Console))
12 ROOTPATH/spark(87): CodeIgniter\Boot::bootSpark(Object(Config\Paths))
ERROR - 2026-05-19 12:43:43 --> Cannot truncate a table referenced in a foreign key constraint (`db_sikumi`.`academic_calendars`, CONSTRAINT `academic_calendars_class_id_foreign` FOREIGN KEY (`class_id`) REFERENCES `db_sikumi`.`master_classes` (`id`))
in SYSTEMPATH/Database/MySQLi/Connection.php on line 300.
 1 SYSTEMPATH/Database/MySQLi/Connection.php(300): mysqli->query('TRUNCATE `master_classes`', 0)
 2 SYSTEMPATH/Database/BaseConnection.php(910): CodeIgniter\Database\MySQLi\Connection->execute('TRUNCATE `master_classes`')
 3 SYSTEMPATH/Database/BaseConnection.php(827): CodeIgniter\Database\BaseConnection->simpleQuery('TRUNCATE `master_classes`')
 4 SYSTEMPATH/Database/BaseBuilder.php(2773): CodeIgniter\Database\BaseConnection->query('TRUNCATE `master_classes`', null, false)
 5 APPPATH/Database/Seeds/KaldikMasterSeeder.php(14): CodeIgniter\Database\BaseBuilder->truncate()
 6 SYSTEMPATH/Database/Seeder.php(155): App\Database\Seeds\KaldikMasterSeeder->run()
 7 SYSTEMPATH/Commands/Database/Seed.php(79): CodeIgniter\Database\Seeder->call('App\\Database\\Seeds\\KaldikMasterSeeder')
 8 SYSTEMPATH/CLI/Commands.php(74): CodeIgniter\Commands\Database\Seed->run([])
 9 SYSTEMPATH/CLI/Console.php(47): CodeIgniter\CLI\Commands->run('db:seed', [...])
10 SYSTEMPATH/Boot.php(442): CodeIgniter\CLI\Console->run()
11 SYSTEMPATH/Boot.php(166): CodeIgniter\Boot::runCommand(Object(CodeIgniter\CLI\Console))
12 ROOTPATH/spark(87): CodeIgniter\Boot::bootSpark(Object(Config\Paths))
DEBUG - 2026-05-19 12:43:54 --> Session: Class initialized using 'CodeIgniter\Session\Handlers\FileHandler' driver.
DEBUG - 2026-05-19 12:44:17 --> Session: Class initialized using 'CodeIgniter\Session\Handlers\FileHandler' driver.
DEBUG - 2026-05-19 12:46:15 --> Session: Class initialized using 'CodeIgniter\Session\Handlers\FileHandler' driver.
DEBUG - 2026-05-19 12:46:17 --> Session: Class initialized using 'CodeIgniter\Session\Handlers\FileHandler' driver.
DEBUG - 2026-05-19 12:46:21 --> Session: Class initialized using 'CodeIgniter\Session\Handlers\FileHandler' driver.
DEBUG - 2026-05-19 12:48:30 --> Session: Class initialized using 'CodeIgniter\Session\Handlers\FileHandler' driver.
DEBUG - 2026-05-19 12:50:27 --> Session: Class initialized using 'CodeIgniter\Session\Handlers\FileHandler' driver.
DEBUG - 2026-05-19 12:50:33 --> Session: Class initialized using 'CodeIgniter\Session\Handlers\FileHandler' driver.
DEBUG - 2026-05-19 12:50:36 --> Session: Class initialized using 'CodeIgniter\Session\Handlers\FileHandler' driver.
DEBUG - 2026-05-19 12:51:03 --> Session: Class initialized using 'CodeIgniter\Session\Handlers\FileHandler' driver.
DEBUG - 2026-05-19 12:51:05 --> Session: Class initialized using 'CodeIgniter\Session\Handlers\FileHandler' driver.
DEBUG - 2026-05-19 12:51:41 --> Session: Class initialized using 'CodeIgniter\Session\Handlers\FileHandler' driver.
DEBUG - 2026-05-19 12:51:42 --> Session: Class initialized using 'CodeIgniter\Session\Handlers\FileHandler' driver.
DEBUG - 2026-05-19 12:52:06 --> Session: Class initialized using 'CodeIgniter\Session\Handlers\FileHandler' driver.
DEBUG - 2026-05-19 12:52:12 --> Session: Class initialized using 'CodeIgniter\Session\Handlers\FileHandler' driver.
DEBUG - 2026-05-19 12:54:35 --> Session: Class initialized using 'CodeIgniter\Session\Handlers\FileHandler' driver.
DEBUG - 2026-05-19 12:54:39 --> Session: Class initialized using 'CodeIgniter\Session\Handlers\FileHandler' driver.
DEBUG - 2026-05-19 13:01:33 --> Session: Class initialized using 'CodeIgniter\Session\Handlers\FileHandler' driver.
DEBUG - 2026-05-19 13:02:46 --> Session: Class initialized using 'CodeIgniter\Session\Handlers\FileHandler' driver.
DEBUG - 2026-05-19 13:02:47 --> Session: Class initialized using 'CodeIgniter\Session\Handlers\FileHandler' driver.
DEBUG - 2026-05-19 13:02:52 --> Session: Class initialized using 'CodeIgniter\Session\Handlers\FileHandler' driver.
DEBUG - 2026-05-19 13:02:56 --> Session: Class initialized using 'CodeIgniter\Session\Handlers\FileHandler' driver.
DEBUG - 2026-05-19 13:02:59 --> Session: Class initialized using 'CodeIgniter\Session\Handlers\FileHandler' driver.
DEBUG - 2026-05-19 13:04:21 --> Session: Class initialized using 'CodeIgniter\Session\Handlers\FileHandler' driver.
DEBUG - 2026-05-19 13:08:56 --> Session: Class initialized using 'CodeIgniter\Session\Handlers\FileHandler' driver.
DEBUG - 2026-05-19 13:08:58 --> Session: Class initialized using 'CodeIgniter\Session\Handlers\FileHandler' driver.
DEBUG - 2026-05-19 13:13:42 --> Session: Class initialized using 'CodeIgniter\Session\Handlers\FileHandler' driver.
DEBUG - 2026-05-19 13:13:44 --> Session: Class initialized using 'CodeIgniter\Session\Handlers\FileHandler' driver.
DEBUG - 2026-05-19 13:13:46 --> Session: Class initialized using 'CodeIgniter\Session\Handlers\FileHandler' driver.
DEBUG - 2026-05-19 13:13:46 --> Session: Class initialized using 'CodeIgniter\Session\Handlers\FileHandler' driver.
DEBUG - 2026-05-19 13:13:49 --> Session: Class initialized using 'CodeIgniter\Session\Handlers\FileHandler' driver.
DEBUG - 2026-05-19 13:13:51 --> Session: Class initialized using 'CodeIgniter\Session\Handlers\FileHandler' driver.
DEBUG - 2026-05-19 13:14:08 --> Session: Class initialized using 'CodeIgniter\Session\Handlers\FileHandler' driver.
DEBUG - 2026-05-19 13:14:15 --> Session: Class initialized using 'CodeIgniter\Session\Handlers\FileHandler' driver.
DEBUG - 2026-05-19 13:14:25 --> Session: Class initialized using 'CodeIgniter\Session\Handlers\FileHandler' driver.
DEBUG - 2026-05-19 13:14:40 --> Session: Class initialized using 'CodeIgniter\Session\Handlers\FileHandler' driver.
DEBUG - 2026-05-19 13:14:41 --> Session: Class initialized using 'CodeIgniter\Session\Handlers\FileHandler' driver.
DEBUG - 2026-05-19 13:14:44 --> Session: Class initialized using 'CodeIgniter\Session\Handlers\FileHandler' driver.
DEBUG - 2026-05-19 13:14:47 --> Session: Class initialized using 'CodeIgniter\Session\Handlers\FileHandler' driver.
DEBUG - 2026-05-19 13:16:56 --> Session: Class initialized using 'CodeIgniter\Session\Handlers\FileHandler' driver.
DEBUG - 2026-05-19 13:17:00 --> Session: Class initialized using 'CodeIgniter\Session\Handlers\FileHandler' driver.
DEBUG - 2026-05-19 13:17:05 --> Session: Class initialized using 'CodeIgniter\Session\Handlers\FileHandler' driver.
DEBUG - 2026-05-19 13:17:05 --> Session: Class initialized using 'CodeIgniter\Session\Handlers\FileHandler' driver.
DEBUG - 2026-05-19 13:17:08 --> Session: Class initialized using 'CodeIgniter\Session\Handlers\FileHandler' driver.
DEBUG - 2026-05-19 13:17:11 --> Session: Class initialized using 'CodeIgniter\Session\Handlers\FileHandler' driver.
DEBUG - 2026-05-19 13:22:54 --> Session: Class initialized using 'CodeIgniter\Session\Handlers\FileHandler' driver.
DEBUG - 2026-05-19 13:25:02 --> Session: Class initialized using 'CodeIgniter\Session\Handlers\FileHandler' driver.
DEBUG - 2026-05-19 13:25:33 --> Session: Class initialized using 'CodeIgniter\Session\Handlers\FileHandler' driver.
DEBUG - 2026-05-19 13:25:38 --> Session: Class initialized using 'CodeIgniter\Session\Handlers\FileHandler' driver.
DEBUG - 2026-05-19 13:25:38 --> Session: Class initialized using 'CodeIgniter\Session\Handlers\FileHandler' driver.
DEBUG - 2026-05-19 13:25:40 --> Session: Class initialized using 'CodeIgniter\Session\Handlers\FileHandler' driver.
DEBUG - 2026-05-19 13:25:47 --> Session: Class initialized using 'CodeIgniter\Session\Handlers\FileHandler' driver.
DEBUG - 2026-05-19 13:25:50 --> Session: Class initialized using 'CodeIgniter\Session\Handlers\FileHandler' driver.
DEBUG - 2026-05-19 13:27:37 --> Session: Class initialized using 'CodeIgniter\Session\Handlers\FileHandler' driver.
DEBUG - 2026-05-19 13:28:52 --> Session: Class initialized using 'CodeIgniter\Session\Handlers\FileHandler' driver.
DEBUG - 2026-05-19 13:28:55 --> Session: Class initialized using 'CodeIgniter\Session\Handlers\FileHandler' driver.
DEBUG - 2026-05-19 13:29:15 --> Session: Class initialized using 'CodeIgniter\Session\Handlers\FileHandler' driver.
DEBUG - 2026-05-19 13:29:15 --> Session: Class initialized using 'CodeIgniter\Session\Handlers\FileHandler' driver.
DEBUG - 2026-05-19 13:29:18 --> Session: Class initialized using 'CodeIgniter\Session\Handlers\FileHandler' driver.
DEBUG - 2026-05-19 13:29:20 --> Session: Class initialized using 'CodeIgniter\Session\Handlers\FileHandler' driver.
DEBUG - 2026-05-19 13:33:46 --> Session: Class initialized using 'CodeIgniter\Session\Handlers\FileHandler' driver.
DEBUG - 2026-05-19 13:34:48 --> Session: Class initialized using 'CodeIgniter\Session\Handlers\FileHandler' driver.
DEBUG - 2026-05-19 13:34:48 --> Session: Class initialized using 'CodeIgniter\Session\Handlers\FileHandler' driver.
DEBUG - 2026-05-19 13:44:57 --> Session: Class initialized using 'CodeIgniter\Session\Handlers\FileHandler' driver.
DEBUG - 2026-05-19 13:44:57 --> Session: Class initialized using 'CodeIgniter\Session\Handlers\FileHandler' driver.
DEBUG - 2026-05-19 13:45:33 --> Session: Class initialized using 'CodeIgniter\Session\Handlers\FileHandler' driver.
DEBUG - 2026-05-19 13:45:33 --> Session: Class initialized using 'CodeIgniter\Session\Handlers\FileHandler' driver.
DEBUG - 2026-05-19 13:52:12 --> Session: Class initialized using 'CodeIgniter\Session\Handlers\FileHandler' driver.
DEBUG - 2026-05-19 13:53:29 --> Session: Class initialized using 'CodeIgniter\Session\Handlers\FileHandler' driver.
DEBUG - 2026-05-19 14:07:15 --> Session: Class initialized using 'CodeIgniter\Session\Handlers\FileHandler' driver.
DEBUG - 2026-05-19 14:08:04 --> Session: Class initialized using 'CodeIgniter\Session\Handlers\FileHandler' driver.
DEBUG - 2026-05-19 14:08:04 --> Session: Class initialized using 'CodeIgniter\Session\Handlers\FileHandler' driver.
DEBUG - 2026-05-19 14:08:15 --> Session: Class initialized using 'CodeIgniter\Session\Handlers\FileHandler' driver.
DEBUG - 2026-05-19 14:21:37 --> Session: Class initialized using 'CodeIgniter\Session\Handlers\FileHandler' driver.
DEBUG - 2026-05-19 14:23:25 --> Session: Class initialized using 'CodeIgniter\Session\Handlers\FileHandler' driver.
DEBUG - 2026-05-19 14:23:29 --> Session: Class initialized using 'CodeIgniter\Session\Handlers\FileHandler' driver.
DEBUG - 2026-05-19 14:23:32 --> Session: Class initialized using 'CodeIgniter\Session\Handlers\FileHandler' driver.
DEBUG - 2026-05-19 14:23:35 --> Session: Class initialized using 'CodeIgniter\Session\Handlers\FileHandler' driver.
DEBUG - 2026-05-19 14:23:35 --> Session: Class initialized using 'CodeIgniter\Session\Handlers\FileHandler' driver.
DEBUG - 2026-05-19 14:23:38 --> Session: Class initialized using 'CodeIgniter\Session\Handlers\FileHandler' driver.
DEBUG - 2026-05-19 14:23:45 --> Session: Class initialized using 'CodeIgniter\Session\Handlers\FileHandler' driver.
DEBUG - 2026-05-19 14:24:51 --> Session: Class initialized using 'CodeIgniter\Session\Handlers\FileHandler' driver.
DEBUG - 2026-05-19 14:24:51 --> Session: Class initialized using 'CodeIgniter\Session\Handlers\FileHandler' driver.
DEBUG - 2026-05-19 14:25:00 --> Session: Class initialized using 'CodeIgniter\Session\Handlers\FileHandler' driver.
DEBUG - 2026-05-19 14:25:01 --> Session: Class initialized using 'CodeIgniter\Session\Handlers\FileHandler' driver.
DEBUG - 2026-05-19 14:26:24 --> Session: Class initialized using 'CodeIgniter\Session\Handlers\FileHandler' driver.
DEBUG - 2026-05-19 14:26:24 --> Session: Class initialized using 'CodeIgniter\Session\Handlers\FileHandler' driver.
DEBUG - 2026-05-19 14:27:56 --> Session: Class initialized using 'CodeIgniter\Session\Handlers\FileHandler' driver.
DEBUG - 2026-05-19 14:27:56 --> Session: Class initialized using 'CodeIgniter\Session\Handlers\FileHandler' driver.
DEBUG - 2026-05-19 14:28:06 --> Session: Class initialized using 'CodeIgniter\Session\Handlers\FileHandler' driver.
DEBUG - 2026-05-19 14:28:41 --> Session: Class initialized using 'CodeIgniter\Session\Handlers\FileHandler' driver.
DEBUG - 2026-05-19 14:28:41 --> Session: Class initialized using 'CodeIgniter\Session\Handlers\FileHandler' driver.
DEBUG - 2026-05-19 14:32:28 --> Session: Class initialized using 'CodeIgniter\Session\Handlers\FileHandler' driver.
DEBUG - 2026-05-19 14:32:28 --> Session: Class initialized using 'CodeIgniter\Session\Handlers\FileHandler' driver.
DEBUG - 2026-05-19 14:39:48 --> Session: Class initialized using 'CodeIgniter\Session\Handlers\FileHandler' driver.
DEBUG - 2026-05-19 14:43:03 --> Session: Class initialized using 'CodeIgniter\Session\Handlers\FileHandler' driver.
DEBUG - 2026-05-19 14:43:03 --> Session: Class initialized using 'CodeIgniter\Session\Handlers\FileHandler' driver.
DEBUG - 2026-05-19 14:43:38 --> Session: Class initialized using 'CodeIgniter\Session\Handlers\FileHandler' driver.
DEBUG - 2026-05-19 14:43:38 --> Session: Class initialized using 'CodeIgniter\Session\Handlers\FileHandler' driver.
DEBUG - 2026-05-19 14:44:10 --> Session: Class initialized using 'CodeIgniter\Session\Handlers\FileHandler' driver.
DEBUG - 2026-05-19 14:44:10 --> Session: Class initialized using 'CodeIgniter\Session\Handlers\FileHandler' driver.
DEBUG - 2026-05-19 14:44:34 --> Session: Class initialized using 'CodeIgniter\Session\Handlers\FileHandler' driver.
DEBUG - 2026-05-19 14:44:36 --> Session: Class initialized using 'CodeIgniter\Session\Handlers\FileHandler' driver.
DEBUG - 2026-05-19 14:44:37 --> Session: Class initialized using 'CodeIgniter\Session\Handlers\FileHandler' driver.
DEBUG - 2026-05-19 14:58:47 --> Session: Class initialized using 'CodeIgniter\Session\Handlers\FileHandler' driver.
CRITICAL - 2026-05-19 14:58:47 --> ErrorException: Undefined array key "category_id"
[Method: GET, Route: admin/kaldik]
in APPPATH/Views/admin/kaldik_manage.php on line 201.
 1 APPPATH/Views/admin/kaldik_manage.php(201): CodeIgniter\Debug\Exceptions->errorHandler(2, 'Undefined array key "category_id"', '/Applications/XAMPP/xamppfiles/htdocs/sikumi/app/Views/admin/kaldik_manage.php', 201)
 2 SYSTEMPATH/View/View.php(240): include('/Applications/XAMPP/xamppfiles/htdocs/sikumi/app/Views/admin/kaldik_manage.php')
 3 SYSTEMPATH/View/View.php(243): CodeIgniter\View\View->CodeIgniter\View\{closure}()
 4 SYSTEMPATH/Common.php(1250): CodeIgniter\View\View->render('admin/kaldik_manage', [], true)
 5 APPPATH/Controllers/KaldikController.php(45): view('admin/kaldik_manage', [...])
 6 SYSTEMPATH/CodeIgniter.php(951): App\Controllers\KaldikController->index()
 7 SYSTEMPATH/CodeIgniter.php(497): CodeIgniter\CodeIgniter->runController(Object(App\Controllers\KaldikController))
 8 SYSTEMPATH/CodeIgniter.php(340): CodeIgniter\CodeIgniter->handleRequest(null, Object(Config\Cache), false)
 9 SYSTEMPATH/Boot.php(417): CodeIgniter\CodeIgniter->run()
10 SYSTEMPATH/Boot.php(68): CodeIgniter\Boot::runCodeIgniter(Object(CodeIgniter\CodeIgniter))
11 FCPATH/index.php(59): CodeIgniter\Boot::bootWeb(Object(Config\Paths))
CRITICAL - 2026-05-19 14:58:47 --> ErrorException: Uncaught Symfony\Polyfill\Intl\Icu\Exception\MethodNotImplementedException: The Symfony\Polyfill\Intl\Icu\NumberFormatter::setPattern() is not implemented. Please install the "intl" extension for full localization capabilities. in /Applications/XAMPP/xamppfiles/htdocs/sikumi/vendor/symfony/polyfill-intl-icu/NumberFormatter.php:603
Stack trace:
#0 /Applications/XAMPP/xamppfiles/htdocs/sikumi/vendor/codeigniter4/framework/system/Helpers/number_helper.php(158): Symfony\Polyfill\Intl\Icu\NumberFormatter->setPattern('#,##0.##')
#1 /Applications/XAMPP/xamppfiles/htdocs/sikumi/vendor/codeigniter4/framework/system/Helpers/number_helper.php(60): format_number(30.5, 2, 'en', Array)
#2 /Applications/XAMPP/xamppfiles/htdocs/sikumi/vendor/codeigniter4/framework/system/Debug/BaseExceptionHandler.php(158): number_to_size(30.5, 2)
#3 /Applications/XAMPP/xamppfiles/htdocs/sikumi/app/Views/errors/html/error_exception.php(408): CodeIgniter\Debug\BaseExceptionHandler::describeMemory(31981568)
#4 /Applications/XAMPP/xamppfiles/htdocs/sikumi/vendor/codeigniter4/framework/system/Debug/BaseExceptionHandler.php(270): include('/Applications/X...')
#5 /Applications/XAMPP/xamppfiles/htdocs/sikumi/vendor/codeigniter4/framework/system/Debug/BaseExceptionHandler.php(273): CodeIgniter\Debug\BaseExceptionHandler->CodeIgniter\Debug\{closure}()
#6 /Applications/XAMPP/xamppfiles/htdocs/sikumi/vendor/codeigniter4/framework/system/Debug/ExceptionHandler.php(126): CodeIgniter\Debug\BaseExceptionHandler->render(Object(ErrorException), 500, '/Applications/X...')
#7 /Applications/XAMPP/xamppfiles/htdocs/sikumi/vendor/codeigniter4/framework/system/Debug/Exceptions.php(151): CodeIgniter\Debug\ExceptionHandler->handle(Object(ErrorException), Object(CodeIgniter\HTTP\IncomingRequest), Object(CodeIgniter\HTTP\Response), 500, 1)
#8 [internal function]: CodeIgniter\Debug\Exceptions->exceptionHandler(Object(ErrorException))
#9 {main}
  thrown
【Previous Exception】
ErrorException
Undefined array key "category_id"
#0 /Applications/XAMPP/xamppfiles/htdocs/sikumi/app/Views/admin/kaldik_manage.php(201): CodeIgniter\Debug\Exceptions->errorHandler(2, 'Undefined array...', '/Applications/X...', 201)
#1 /Applications/XAMPP/xamppfiles/htdocs/sikumi/vendor/codeigniter4/framework/system/View/View.php(240): include('/Applications/X...')
#2 /Applications/XAMPP/xamppfiles/htdocs/sikumi/vendor/codeigniter4/framework/system/View/View.php(243): CodeIgniter\View\View->CodeIgniter\View\{closure}()
#3 /Applications/XAMPP/xamppfiles/htdocs/sikumi/vendor/codeigniter4/framework/system/Common.php(1250): CodeIgniter\View\View->render('admin/kaldik_ma...', Array, true)
#4 /Applications/XAMPP/xamppfiles/htdocs/sikumi/app/Controllers/KaldikController.php(45): view('admin/kaldik_ma...', Array)
#5 /Applications/XAMPP/xamppfiles/htdocs/sikumi/vendor/codeigniter4/framework/system/CodeIgniter.php(951): App\Controllers\KaldikController->index()
#6 /Applications/XAMPP/xamppfiles/htdocs/sikumi/vendor/codeigniter4/framework/system/CodeIgniter.php(497): CodeIgniter\CodeIgniter->runController(Object(App\Controllers\KaldikController))
#7 /Applications/XAMPP/xamppfiles/htdocs/sikumi/vendor/codeigniter4/framework/system/CodeIgniter.php(340): CodeIgniter\CodeIgniter->handleRequest(NULL, Object(Config\Cache), false)
#8 /Applications/XAMPP/xamppfiles/htdocs/sikumi/vendor/codeigniter4/framework/system/Boot.php(417): CodeIgniter\CodeIgniter->run()
#9 /Applications/XAMPP/xamppfiles/htdocs/sikumi/vendor/codeigniter4/framework/system/Boot.php(68): CodeIgniter\Boot::runCodeIgniter(Object(CodeIgniter\CodeIgniter))
#10 /Applications/XAMPP/xamppfiles/htdocs/sikumi/public/index.php(59): CodeIgniter\Boot::bootWeb(Object(Config\Paths))
#11 {main}
[Method: GET, Route: admin/kaldik]
in VENDORPATH/symfony/polyfill-intl-icu/NumberFormatter.php on line 603.
 1 [internal function]: CodeIgniter\Debug\Exceptions->shutdownHandler()
DEBUG - 2026-05-19 15:00:37 --> Session: Class initialized using 'CodeIgniter\Session\Handlers\FileHandler' driver.
DEBUG - 2026-05-19 15:10:44 --> Session: Class initialized using 'CodeIgniter\Session\Handlers\FileHandler' driver.
DEBUG - 2026-05-19 15:10:46 --> Session: Class initialized using 'CodeIgniter\Session\Handlers\FileHandler' driver.
DEBUG - 2026-05-19 15:12:07 --> Session: Class initialized using 'CodeIgniter\Session\Handlers\FileHandler' driver.
DEBUG - 2026-05-19 15:12:56 --> Session: Class initialized using 'CodeIgniter\Session\Handlers\FileHandler' driver.
DEBUG - 2026-05-19 15:17:17 --> Session: Class initialized using 'CodeIgniter\Session\Handlers\FileHandler' driver.
DEBUG - 2026-05-19 15:18:12 --> Session: Class initialized using 'CodeIgniter\Session\Handlers\FileHandler' driver.
DEBUG - 2026-05-19 15:18:29 --> Session: Class initialized using 'CodeIgniter\Session\Handlers\FileHandler' driver.
DEBUG - 2026-05-19 15:18:29 --> Session: Class initialized using 'CodeIgniter\Session\Handlers\FileHandler' driver.
DEBUG - 2026-05-19 15:18:45 --> Session: Class initialized using 'CodeIgniter\Session\Handlers\FileHandler' driver.
DEBUG - 2026-05-19 15:18:45 --> Session: Class initialized using 'CodeIgniter\Session\Handlers\FileHandler' driver.
DEBUG - 2026-05-19 15:18:57 --> Session: Class initialized using 'CodeIgniter\Session\Handlers\FileHandler' driver.
DEBUG - 2026-05-19 15:18:57 --> Session: Class initialized using 'CodeIgniter\Session\Handlers\FileHandler' driver.
DEBUG - 2026-05-19 15:19:04 --> Session: Class initialized using 'CodeIgniter\Session\Handlers\FileHandler' driver.
DEBUG - 2026-05-19 15:19:04 --> Session: Class initialized using 'CodeIgniter\Session\Handlers\FileHandler' driver.
DEBUG - 2026-05-19 15:22:45 --> Session: Class initialized using 'CodeIgniter\Session\Handlers\FileHandler' driver.
DEBUG - 2026-05-19 15:24:08 --> Session: Class initialized using 'CodeIgniter\Session\Handlers\FileHandler' driver.
DEBUG - 2026-05-19 15:24:08 --> Session: Class initialized using 'CodeIgniter\Session\Handlers\FileHandler' driver.
DEBUG - 2026-05-19 15:24:18 --> Session: Class initialized using 'CodeIgniter\Session\Handlers\FileHandler' driver.
DEBUG - 2026-05-19 15:24:18 --> Session: Class initialized using 'CodeIgniter\Session\Handlers\FileHandler' driver.
DEBUG - 2026-05-19 15:24:22 --> Session: Class initialized using 'CodeIgniter\Session\Handlers\FileHandler' driver.
DEBUG - 2026-05-19 15:24:22 --> Session: Class initialized using 'CodeIgniter\Session\Handlers\FileHandler' driver.
DEBUG - 2026-05-19 15:24:49 --> Session: Class initialized using 'CodeIgniter\Session\Handlers\FileHandler' driver.
ERROR - 2026-05-19 15:24:49 --> Column 'academic_year_id' cannot be null
in SYSTEMPATH/Database/MySQLi/Connection.php on line 300.
 1 SYSTEMPATH/Database/MySQLi/Connection.php(300): mysqli->query('INSERT INTO `academic_calendars` (`academic_year_id`, `class_id`, `category_id`, `start_date`, `end_date`, `event_name`, `created_at`, `updated_at`) VALUES (NULL, \'1\', \'3\', \'2026-01-02\', \'2026-01-06\', \'Libur Semester Ganjil\', \'2026-05-19 15:24:49\', \'2026-05-19 15:24:49\')', 0)
 2 SYSTEMPATH/Database/BaseConnection.php(910): CodeIgniter\Database\MySQLi\Connection->execute('INSERT INTO `academic_calendars` (`academic_year_id`, `class_id`, `category_id`, `start_date`, `end_date`, `event_name`, `created_at`, `updated_at`) VALUES (NULL, \'1\', \'3\', \'2026-01-02\', \'2026-01-06\', \'Libur Semester Ganjil\', \'2026-05-19 15:24:49\', \'2026-05-19 15:24:49\')')
 3 SYSTEMPATH/Database/BaseConnection.php(827): CodeIgniter\Database\BaseConnection->simpleQuery('INSERT INTO `academic_calendars` (`academic_year_id`, `class_id`, `category_id`, `start_date`, `end_date`, `event_name`, `created_at`, `updated_at`) VALUES (NULL, \'1\', \'3\', \'2026-01-02\', \'2026-01-06\', \'Libur Semester Ganjil\', \'2026-05-19 15:24:49\', \'2026-05-19 15:24:49\')')
 4 SYSTEMPATH/Database/BaseBuilder.php(2345): CodeIgniter\Database\BaseConnection->query('INSERT INTO `academic_calendars` (`academic_year_id`, `class_id`, `category_id`, `start_date`, `end_date`, `event_name`, `created_at`, `updated_at`) VALUES (:academic_year_id:, :class_id:, :category_id:, :start_date:, :end_date:, :event_name:, :created_at:, :updated_at:)', [...], false)
 5 APPPATH/Controllers/KaldikController.php(64): CodeIgniter\Database\BaseBuilder->insert([...])
 6 SYSTEMPATH/CodeIgniter.php(951): App\Controllers\KaldikController->storeAgenda()
 7 SYSTEMPATH/CodeIgniter.php(497): CodeIgniter\CodeIgniter->runController(Object(App\Controllers\KaldikController))
 8 SYSTEMPATH/CodeIgniter.php(340): CodeIgniter\CodeIgniter->handleRequest(null, Object(Config\Cache), false)
 9 SYSTEMPATH/Boot.php(417): CodeIgniter\CodeIgniter->run()
10 SYSTEMPATH/Boot.php(68): CodeIgniter\Boot::runCodeIgniter(Object(CodeIgniter\CodeIgniter))
11 FCPATH/index.php(59): CodeIgniter\Boot::bootWeb(Object(Config\Paths))
CRITICAL - 2026-05-19 15:24:49 --> CodeIgniter\Database\Exceptions\DatabaseException: Column 'academic_year_id' cannot be null
[Method: POST, Route: admin/kaldik/store]
in SYSTEMPATH/Database/BaseConnection.php on line 865.
 1 SYSTEMPATH/Database/BaseBuilder.php(2345): CodeIgniter\Database\BaseConnection->query('INSERT INTO `academic_calendars` (`academic_year_id`, `class_id`, `category_id`, `start_date`, `end_date`, `event_name`, `created_at`, `updated_at`) VALUES (:academic_year_id:, :class_id:, :category_id:, :start_date:, :end_date:, :event_name:, :created_at:, :updated_at:)', [...], false)
 2 APPPATH/Controllers/KaldikController.php(64): CodeIgniter\Database\BaseBuilder->insert([...])
 3 SYSTEMPATH/CodeIgniter.php(951): App\Controllers\KaldikController->storeAgenda()
 4 SYSTEMPATH/CodeIgniter.php(497): CodeIgniter\CodeIgniter->runController(Object(App\Controllers\KaldikController))
 5 SYSTEMPATH/CodeIgniter.php(340): CodeIgniter\CodeIgniter->handleRequest(null, Object(Config\Cache), false)
 6 SYSTEMPATH/Boot.php(417): CodeIgniter\CodeIgniter->run()
 7 SYSTEMPATH/Boot.php(68): CodeIgniter\Boot::runCodeIgniter(Object(CodeIgniter\CodeIgniter))
 8 FCPATH/index.php(59): CodeIgniter\Boot::bootWeb(Object(Config\Paths))
CRITICAL - 2026-05-19 15:24:49 --> [Caused by] CodeIgniter\Database\Exceptions\DatabaseException: Column 'academic_year_id' cannot be null
in SYSTEMPATH/Database/MySQLi/Connection.php on line 310.
 1 SYSTEMPATH/Database/BaseConnection.php(910): CodeIgniter\Database\MySQLi\Connection->execute('INSERT INTO `academic_calendars` (`academic_year_id`, `class_id`, `category_id`, `start_date`, `end_date`, `event_name`, `created_at`, `updated_at`) VALUES (NULL, \'1\', \'3\', \'2026-01-02\', \'2026-01-06\', \'Libur Semester Ganjil\', \'2026-05-19 15:24:49\', \'2026-05-19 15:24:49\')')
 2 SYSTEMPATH/Database/BaseConnection.php(827): CodeIgniter\Database\BaseConnection->simpleQuery('INSERT INTO `academic_calendars` (`academic_year_id`, `class_id`, `category_id`, `start_date`, `end_date`, `event_name`, `created_at`, `updated_at`) VALUES (NULL, \'1\', \'3\', \'2026-01-02\', \'2026-01-06\', \'Libur Semester Ganjil\', \'2026-05-19 15:24:49\', \'2026-05-19 15:24:49\')')
 3 SYSTEMPATH/Database/BaseBuilder.php(2345): CodeIgniter\Database\BaseConnection->query('INSERT INTO `academic_calendars` (`academic_year_id`, `class_id`, `category_id`, `start_date`, `end_date`, `event_name`, `created_at`, `updated_at`) VALUES (:academic_year_id:, :class_id:, :category_id:, :start_date:, :end_date:, :event_name:, :created_at:, :updated_at:)', [...], false)
 4 APPPATH/Controllers/KaldikController.php(64): CodeIgniter\Database\BaseBuilder->insert([...])
 5 SYSTEMPATH/CodeIgniter.php(951): App\Controllers\KaldikController->storeAgenda()
 6 SYSTEMPATH/CodeIgniter.php(497): CodeIgniter\CodeIgniter->runController(Object(App\Controllers\KaldikController))
 7 SYSTEMPATH/CodeIgniter.php(340): CodeIgniter\CodeIgniter->handleRequest(null, Object(Config\Cache), false)
 8 SYSTEMPATH/Boot.php(417): CodeIgniter\CodeIgniter->run()
 9 SYSTEMPATH/Boot.php(68): CodeIgniter\Boot::runCodeIgniter(Object(CodeIgniter\CodeIgniter))
10 FCPATH/index.php(59): CodeIgniter\Boot::bootWeb(Object(Config\Paths))
CRITICAL - 2026-05-19 15:24:49 --> [Caused by] mysqli_sql_exception: Column 'academic_year_id' cannot be null
in SYSTEMPATH/Database/MySQLi/Connection.php on line 300.
 1 SYSTEMPATH/Database/MySQLi/Connection.php(300): mysqli->query('INSERT INTO `academic_calendars` (`academic_year_id`, `class_id`, `category_id`, `start_date`, `end_date`, `event_name`, `created_at`, `updated_at`) VALUES (NULL, \'1\', \'3\', \'2026-01-02\', \'2026-01-06\', \'Libur Semester Ganjil\', \'2026-05-19 15:24:49\', \'2026-05-19 15:24:49\')', 0)
 2 SYSTEMPATH/Database/BaseConnection.php(910): CodeIgniter\Database\MySQLi\Connection->execute('INSERT INTO `academic_calendars` (`academic_year_id`, `class_id`, `category_id`, `start_date`, `end_date`, `event_name`, `created_at`, `updated_at`) VALUES (NULL, \'1\', \'3\', \'2026-01-02\', \'2026-01-06\', \'Libur Semester Ganjil\', \'2026-05-19 15:24:49\', \'2026-05-19 15:24:49\')')
 3 SYSTEMPATH/Database/BaseConnection.php(827): CodeIgniter\Database\BaseConnection->simpleQuery('INSERT INTO `academic_calendars` (`academic_year_id`, `class_id`, `category_id`, `start_date`, `end_date`, `event_name`, `created_at`, `updated_at`) VALUES (NULL, \'1\', \'3\', \'2026-01-02\', \'2026-01-06\', \'Libur Semester Ganjil\', \'2026-05-19 15:24:49\', \'2026-05-19 15:24:49\')')
 4 SYSTEMPATH/Database/BaseBuilder.php(2345): CodeIgniter\Database\BaseConnection->query('INSERT INTO `academic_calendars` (`academic_year_id`, `class_id`, `category_id`, `start_date`, `end_date`, `event_name`, `created_at`, `updated_at`) VALUES (:academic_year_id:, :class_id:, :category_id:, :start_date:, :end_date:, :event_name:, :created_at:, :updated_at:)', [...], false)
 5 APPPATH/Controllers/KaldikController.php(64): CodeIgniter\Database\BaseBuilder->insert([...])
 6 SYSTEMPATH/CodeIgniter.php(951): App\Controllers\KaldikController->storeAgenda()
 7 SYSTEMPATH/CodeIgniter.php(497): CodeIgniter\CodeIgniter->runController(Object(App\Controllers\KaldikController))
 8 SYSTEMPATH/CodeIgniter.php(340): CodeIgniter\CodeIgniter->handleRequest(null, Object(Config\Cache), false)
 9 SYSTEMPATH/Boot.php(417): CodeIgniter\CodeIgniter->run()
10 SYSTEMPATH/Boot.php(68): CodeIgniter\Boot::runCodeIgniter(Object(CodeIgniter\CodeIgniter))
11 FCPATH/index.php(59): CodeIgniter\Boot::bootWeb(Object(Config\Paths))
CRITICAL - 2026-05-19 15:24:49 --> ErrorException: Uncaught Symfony\Polyfill\Intl\Icu\Exception\MethodNotImplementedException: The Symfony\Polyfill\Intl\Icu\NumberFormatter::setPattern() is not implemented. Please install the "intl" extension for full localization capabilities. in /Applications/XAMPP/xamppfiles/htdocs/sikumi/vendor/symfony/polyfill-intl-icu/NumberFormatter.php:603
Stack trace:
#0 /Applications/XAMPP/xamppfiles/htdocs/sikumi/vendor/codeigniter4/framework/system/Helpers/number_helper.php(158): Symfony\Polyfill\Intl\Icu\NumberFormatter->setPattern('#,##0.##')
#1 /Applications/XAMPP/xamppfiles/htdocs/sikumi/vendor/codeigniter4/framework/system/Helpers/number_helper.php(60): format_number(30.5, 2, 'en', Array)
#2 /Applications/XAMPP/xamppfiles/htdocs/sikumi/vendor/codeigniter4/framework/system/Debug/BaseExceptionHandler.php(158): number_to_size(30.5, 2)
#3 /Applications/XAMPP/xamppfiles/htdocs/sikumi/app/Views/errors/html/error_exception.php(408): CodeIgniter\Debug\BaseExceptionHandler::describeMemory(31981568)
#4 /Applications/XAMPP/xamppfiles/htdocs/sikumi/vendor/codeigniter4/framework/system/Debug/BaseExceptionHandler.php(270): include('/Applications/X...')
#5 /Applications/XAMPP/xamppfiles/htdocs/sikumi/vendor/codeigniter4/framework/system/Debug/BaseExceptionHandler.php(273): CodeIgniter\Debug\BaseExceptionHandler->CodeIgniter\Debug\{closure}()
#6 /Applications/XAMPP/xamppfiles/htdocs/sikumi/vendor/codeigniter4/framework/system/Debug/ExceptionHandler.php(126): CodeIgniter\Debug\BaseExceptionHandler->render(Object(CodeIgniter\Database\Exceptions\DatabaseException), 500, '/Applications/X...')
#7 /Applications/XAMPP/xamppfiles/htdocs/sikumi/vendor/codeigniter4/framework/system/Debug/Exceptions.php(151): CodeIgniter\Debug\ExceptionHandler->handle(Object(CodeIgniter\Database\Exceptions\DatabaseException), Object(CodeIgniter\HTTP\IncomingRequest), Object(CodeIgniter\HTTP\Response), 500, 8)
#8 [internal function]: CodeIgniter\Debug\Exceptions->exceptionHandler(Object(CodeIgniter\Database\Exceptions\DatabaseException))
#9 {main}
  thrown
【Previous Exception】
CodeIgniter\Database\Exceptions\DatabaseException
Column 'academic_year_id' cannot be null
#0 /Applications/XAMPP/xamppfiles/htdocs/sikumi/vendor/codeigniter4/framework/system/Database/BaseBuilder.php(2345): CodeIgniter\Database\BaseConnection->query('INSERT INTO `ac...', Array, false)
#1 /Applications/XAMPP/xamppfiles/htdocs/sikumi/app/Controllers/KaldikController.php(64): CodeIgniter\Database\BaseBuilder->insert(Array)
#2 /Applications/XAMPP/xamppfiles/htdocs/sikumi/vendor/codeigniter4/framework/system/CodeIgniter.php(951): App\Controllers\KaldikController->storeAgenda()
#3 /Applications/XAMPP/xamppfiles/htdocs/sikumi/vendor/codeigniter4/framework/system/CodeIgniter.php(497): CodeIgniter\CodeIgniter->runController(Object(App\Controllers\KaldikController))
#4 /Applications/XAMPP/xamppfiles/htdocs/sikumi/vendor/codeigniter4/framework/system/CodeIgniter.php(340): CodeIgniter\CodeIgniter->handleRequest(NULL, Object(Config\Cache), false)
#5 /Applications/XAMPP/xamppfiles/htdocs/sikumi/vendor/codeigniter4/framework/system/Boot.php(417): CodeIgniter\CodeIgniter->run()
#6 /Applications/XAMPP/xamppfiles/htdocs/sikumi/vendor/codeigniter4/framework/system/Boot.php(68): CodeIgniter\Boot::runCodeIgniter(Object(CodeIgniter\CodeIgniter))
#7 /Applications/XAMPP/xamppfiles/htdocs/sikumi/public/index.php(59): CodeIgniter\Boot::bootWeb(Object(Config\Paths))
#8 {main}
[Method: POST, Route: admin/kaldik/store]
in VENDORPATH/symfony/polyfill-intl-icu/NumberFormatter.php on line 603.
 1 [internal function]: CodeIgniter\Debug\Exceptions->shutdownHandler()
DEBUG - 2026-05-19 15:25:38 --> Session: Class initialized using 'CodeIgniter\Session\Handlers\FileHandler' driver.
DEBUG - 2026-05-19 15:25:38 --> Session: Class initialized using 'CodeIgniter\Session\Handlers\FileHandler' driver.
DEBUG - 2026-05-19 15:25:51 --> Session: Class initialized using 'CodeIgniter\Session\Handlers\FileHandler' driver.
ERROR - 2026-05-19 15:25:51 --> Column 'academic_year_id' cannot be null
in SYSTEMPATH/Database/MySQLi/Connection.php on line 300.
 1 SYSTEMPATH/Database/MySQLi/Connection.php(300): mysqli->query('INSERT INTO `academic_calendars` (`academic_year_id`, `class_id`, `category_id`, `start_date`, `end_date`, `event_name`, `created_at`, `updated_at`) VALUES (NULL, \'1\', \'2\', \'2026-01-02\', \'2026-01-02\', \'libur\', \'2026-05-19 15:25:51\', \'2026-05-19 15:25:51\')', 0)
 2 SYSTEMPATH/Database/BaseConnection.php(910): CodeIgniter\Database\MySQLi\Connection->execute('INSERT INTO `academic_calendars` (`academic_year_id`, `class_id`, `category_id`, `start_date`, `end_date`, `event_name`, `created_at`, `updated_at`) VALUES (NULL, \'1\', \'2\', \'2026-01-02\', \'2026-01-02\', \'libur\', \'2026-05-19 15:25:51\', \'2026-05-19 15:25:51\')')
 3 SYSTEMPATH/Database/BaseConnection.php(827): CodeIgniter\Database\BaseConnection->simpleQuery('INSERT INTO `academic_calendars` (`academic_year_id`, `class_id`, `category_id`, `start_date`, `end_date`, `event_name`, `created_at`, `updated_at`) VALUES (NULL, \'1\', \'2\', \'2026-01-02\', \'2026-01-02\', \'libur\', \'2026-05-19 15:25:51\', \'2026-05-19 15:25:51\')')
 4 SYSTEMPATH/Database/BaseBuilder.php(2345): CodeIgniter\Database\BaseConnection->query('INSERT INTO `academic_calendars` (`academic_year_id`, `class_id`, `category_id`, `start_date`, `end_date`, `event_name`, `created_at`, `updated_at`) VALUES (:academic_year_id:, :class_id:, :category_id:, :start_date:, :end_date:, :event_name:, :created_at:, :updated_at:)', [...], false)
 5 APPPATH/Controllers/KaldikController.php(64): CodeIgniter\Database\BaseBuilder->insert([...])
 6 SYSTEMPATH/CodeIgniter.php(951): App\Controllers\KaldikController->storeAgenda()
 7 SYSTEMPATH/CodeIgniter.php(497): CodeIgniter\CodeIgniter->runController(Object(App\Controllers\KaldikController))
 8 SYSTEMPATH/CodeIgniter.php(340): CodeIgniter\CodeIgniter->handleRequest(null, Object(Config\Cache), false)
 9 SYSTEMPATH/Boot.php(417): CodeIgniter\CodeIgniter->run()
10 SYSTEMPATH/Boot.php(68): CodeIgniter\Boot::runCodeIgniter(Object(CodeIgniter\CodeIgniter))
11 FCPATH/index.php(59): CodeIgniter\Boot::bootWeb(Object(Config\Paths))
CRITICAL - 2026-05-19 15:25:51 --> CodeIgniter\Database\Exceptions\DatabaseException: Column 'academic_year_id' cannot be null
[Method: POST, Route: admin/kaldik/store]
in SYSTEMPATH/Database/BaseConnection.php on line 865.
 1 SYSTEMPATH/Database/BaseBuilder.php(2345): CodeIgniter\Database\BaseConnection->query('INSERT INTO `academic_calendars` (`academic_year_id`, `class_id`, `category_id`, `start_date`, `end_date`, `event_name`, `created_at`, `updated_at`) VALUES (:academic_year_id:, :class_id:, :category_id:, :start_date:, :end_date:, :event_name:, :created_at:, :updated_at:)', [...], false)
 2 APPPATH/Controllers/KaldikController.php(64): CodeIgniter\Database\BaseBuilder->insert([...])
 3 SYSTEMPATH/CodeIgniter.php(951): App\Controllers\KaldikController->storeAgenda()
 4 SYSTEMPATH/CodeIgniter.php(497): CodeIgniter\CodeIgniter->runController(Object(App\Controllers\KaldikController))
 5 SYSTEMPATH/CodeIgniter.php(340): CodeIgniter\CodeIgniter->handleRequest(null, Object(Config\Cache), false)
 6 SYSTEMPATH/Boot.php(417): CodeIgniter\CodeIgniter->run()
 7 SYSTEMPATH/Boot.php(68): CodeIgniter\Boot::runCodeIgniter(Object(CodeIgniter\CodeIgniter))
 8 FCPATH/index.php(59): CodeIgniter\Boot::bootWeb(Object(Config\Paths))
CRITICAL - 2026-05-19 15:25:51 --> [Caused by] CodeIgniter\Database\Exceptions\DatabaseException: Column 'academic_year_id' cannot be null
in SYSTEMPATH/Database/MySQLi/Connection.php on line 310.
 1 SYSTEMPATH/Database/BaseConnection.php(910): CodeIgniter\Database\MySQLi\Connection->execute('INSERT INTO `academic_calendars` (`academic_year_id`, `class_id`, `category_id`, `start_date`, `end_date`, `event_name`, `created_at`, `updated_at`) VALUES (NULL, \'1\', \'2\', \'2026-01-02\', \'2026-01-02\', \'libur\', \'2026-05-19 15:25:51\', \'2026-05-19 15:25:51\')')
 2 SYSTEMPATH/Database/BaseConnection.php(827): CodeIgniter\Database\BaseConnection->simpleQuery('INSERT INTO `academic_calendars` (`academic_year_id`, `class_id`, `category_id`, `start_date`, `end_date`, `event_name`, `created_at`, `updated_at`) VALUES (NULL, \'1\', \'2\', \'2026-01-02\', \'2026-01-02\', \'libur\', \'2026-05-19 15:25:51\', \'2026-05-19 15:25:51\')')
 3 SYSTEMPATH/Database/BaseBuilder.php(2345): CodeIgniter\Database\BaseConnection->query('INSERT INTO `academic_calendars` (`academic_year_id`, `class_id`, `category_id`, `start_date`, `end_date`, `event_name`, `created_at`, `updated_at`) VALUES (:academic_year_id:, :class_id:, :category_id:, :start_date:, :end_date:, :event_name:, :created_at:, :updated_at:)', [...], false)
 4 APPPATH/Controllers/KaldikController.php(64): CodeIgniter\Database\BaseBuilder->insert([...])
 5 SYSTEMPATH/CodeIgniter.php(951): App\Controllers\KaldikController->storeAgenda()
 6 SYSTEMPATH/CodeIgniter.php(497): CodeIgniter\CodeIgniter->runController(Object(App\Controllers\KaldikController))
 7 SYSTEMPATH/CodeIgniter.php(340): CodeIgniter\CodeIgniter->handleRequest(null, Object(Config\Cache), false)
 8 SYSTEMPATH/Boot.php(417): CodeIgniter\CodeIgniter->run()
 9 SYSTEMPATH/Boot.php(68): CodeIgniter\Boot::runCodeIgniter(Object(CodeIgniter\CodeIgniter))
10 FCPATH/index.php(59): CodeIgniter\Boot::bootWeb(Object(Config\Paths))
CRITICAL - 2026-05-19 15:25:51 --> [Caused by] mysqli_sql_exception: Column 'academic_year_id' cannot be null
in SYSTEMPATH/Database/MySQLi/Connection.php on line 300.
 1 SYSTEMPATH/Database/MySQLi/Connection.php(300): mysqli->query('INSERT INTO `academic_calendars` (`academic_year_id`, `class_id`, `category_id`, `start_date`, `end_date`, `event_name`, `created_at`, `updated_at`) VALUES (NULL, \'1\', \'2\', \'2026-01-02\', \'2026-01-02\', \'libur\', \'2026-05-19 15:25:51\', \'2026-05-19 15:25:51\')', 0)
 2 SYSTEMPATH/Database/BaseConnection.php(910): CodeIgniter\Database\MySQLi\Connection->execute('INSERT INTO `academic_calendars` (`academic_year_id`, `class_id`, `category_id`, `start_date`, `end_date`, `event_name`, `created_at`, `updated_at`) VALUES (NULL, \'1\', \'2\', \'2026-01-02\', \'2026-01-02\', \'libur\', \'2026-05-19 15:25:51\', \'2026-05-19 15:25:51\')')
 3 SYSTEMPATH/Database/BaseConnection.php(827): CodeIgniter\Database\BaseConnection->simpleQuery('INSERT INTO `academic_calendars` (`academic_year_id`, `class_id`, `category_id`, `start_date`, `end_date`, `event_name`, `created_at`, `updated_at`) VALUES (NULL, \'1\', \'2\', \'2026-01-02\', \'2026-01-02\', \'libur\', \'2026-05-19 15:25:51\', \'2026-05-19 15:25:51\')')
 4 SYSTEMPATH/Database/BaseBuilder.php(2345): CodeIgniter\Database\BaseConnection->query('INSERT INTO `academic_calendars` (`academic_year_id`, `class_id`, `category_id`, `start_date`, `end_date`, `event_name`, `created_at`, `updated_at`) VALUES (:academic_year_id:, :class_id:, :category_id:, :start_date:, :end_date:, :event_name:, :created_at:, :updated_at:)', [...], false)
 5 APPPATH/Controllers/KaldikController.php(64): CodeIgniter\Database\BaseBuilder->insert([...])
 6 SYSTEMPATH/CodeIgniter.php(951): App\Controllers\KaldikController->storeAgenda()
 7 SYSTEMPATH/CodeIgniter.php(497): CodeIgniter\CodeIgniter->runController(Object(App\Controllers\KaldikController))
 8 SYSTEMPATH/CodeIgniter.php(340): CodeIgniter\CodeIgniter->handleRequest(null, Object(Config\Cache), false)
 9 SYSTEMPATH/Boot.php(417): CodeIgniter\CodeIgniter->run()
10 SYSTEMPATH/Boot.php(68): CodeIgniter\Boot::runCodeIgniter(Object(CodeIgniter\CodeIgniter))
11 FCPATH/index.php(59): CodeIgniter\Boot::bootWeb(Object(Config\Paths))
CRITICAL - 2026-05-19 15:25:51 --> ErrorException: Uncaught Symfony\Polyfill\Intl\Icu\Exception\MethodNotImplementedException: The Symfony\Polyfill\Intl\Icu\NumberFormatter::setPattern() is not implemented. Please install the "intl" extension for full localization capabilities. in /Applications/XAMPP/xamppfiles/htdocs/sikumi/vendor/symfony/polyfill-intl-icu/NumberFormatter.php:603
Stack trace:
#0 /Applications/XAMPP/xamppfiles/htdocs/sikumi/vendor/codeigniter4/framework/system/Helpers/number_helper.php(158): Symfony\Polyfill\Intl\Icu\NumberFormatter->setPattern('#,##0.##')
#1 /Applications/XAMPP/xamppfiles/htdocs/sikumi/vendor/codeigniter4/framework/system/Helpers/number_helper.php(60): format_number(30.5, 2, 'en', Array)
#2 /Applications/XAMPP/xamppfiles/htdocs/sikumi/vendor/codeigniter4/framework/system/Debug/BaseExceptionHandler.php(158): number_to_size(30.5, 2)
#3 /Applications/XAMPP/xamppfiles/htdocs/sikumi/app/Views/errors/html/error_exception.php(408): CodeIgniter\Debug\BaseExceptionHandler::describeMemory(31981568)
#4 /Applications/XAMPP/xamppfiles/htdocs/sikumi/vendor/codeigniter4/framework/system/Debug/BaseExceptionHandler.php(270): include('/Applications/X...')
#5 /Applications/XAMPP/xamppfiles/htdocs/sikumi/vendor/codeigniter4/framework/system/Debug/BaseExceptionHandler.php(273): CodeIgniter\Debug\BaseExceptionHandler->CodeIgniter\Debug\{closure}()
#6 /Applications/XAMPP/xamppfiles/htdocs/sikumi/vendor/codeigniter4/framework/system/Debug/ExceptionHandler.php(126): CodeIgniter\Debug\BaseExceptionHandler->render(Object(CodeIgniter\Database\Exceptions\DatabaseException), 500, '/Applications/X...')
#7 /Applications/XAMPP/xamppfiles/htdocs/sikumi/vendor/codeigniter4/framework/system/Debug/Exceptions.php(151): CodeIgniter\Debug\ExceptionHandler->handle(Object(CodeIgniter\Database\Exceptions\DatabaseException), Object(CodeIgniter\HTTP\IncomingRequest), Object(CodeIgniter\HTTP\Response), 500, 8)
#8 [internal function]: CodeIgniter\Debug\Exceptions->exceptionHandler(Object(CodeIgniter\Database\Exceptions\DatabaseException))
#9 {main}
  thrown
【Previous Exception】
CodeIgniter\Database\Exceptions\DatabaseException
Column 'academic_year_id' cannot be null
#0 /Applications/XAMPP/xamppfiles/htdocs/sikumi/vendor/codeigniter4/framework/system/Database/BaseBuilder.php(2345): CodeIgniter\Database\BaseConnection->query('INSERT INTO `ac...', Array, false)
#1 /Applications/XAMPP/xamppfiles/htdocs/sikumi/app/Controllers/KaldikController.php(64): CodeIgniter\Database\BaseBuilder->insert(Array)
#2 /Applications/XAMPP/xamppfiles/htdocs/sikumi/vendor/codeigniter4/framework/system/CodeIgniter.php(951): App\Controllers\KaldikController->storeAgenda()
#3 /Applications/XAMPP/xamppfiles/htdocs/sikumi/vendor/codeigniter4/framework/system/CodeIgniter.php(497): CodeIgniter\CodeIgniter->runController(Object(App\Controllers\KaldikController))
#4 /Applications/XAMPP/xamppfiles/htdocs/sikumi/vendor/codeigniter4/framework/system/CodeIgniter.php(340): CodeIgniter\CodeIgniter->handleRequest(NULL, Object(Config\Cache), false)
#5 /Applications/XAMPP/xamppfiles/htdocs/sikumi/vendor/codeigniter4/framework/system/Boot.php(417): CodeIgniter\CodeIgniter->run()
#6 /Applications/XAMPP/xamppfiles/htdocs/sikumi/vendor/codeigniter4/framework/system/Boot.php(68): CodeIgniter\Boot::runCodeIgniter(Object(CodeIgniter\CodeIgniter))
#7 /Applications/XAMPP/xamppfiles/htdocs/sikumi/public/index.php(59): CodeIgniter\Boot::bootWeb(Object(Config\Paths))
#8 {main}
[Method: POST, Route: admin/kaldik/store]
in VENDORPATH/symfony/polyfill-intl-icu/NumberFormatter.php on line 603.
 1 [internal function]: CodeIgniter\Debug\Exceptions->shutdownHandler()
DEBUG - 2026-05-19 15:33:00 --> Session: Class initialized using 'CodeIgniter\Session\Handlers\FileHandler' driver.
DEBUG - 2026-05-19 15:33:02 --> Session: Class initialized using 'CodeIgniter\Session\Handlers\FileHandler' driver.
DEBUG - 2026-05-19 15:33:07 --> Session: Class initialized using 'CodeIgniter\Session\Handlers\FileHandler' driver.
DEBUG - 2026-05-19 15:33:07 --> Session: Class initialized using 'CodeIgniter\Session\Handlers\FileHandler' driver.
DEBUG - 2026-05-19 15:33:23 --> Session: Class initialized using 'CodeIgniter\Session\Handlers\FileHandler' driver.
DEBUG - 2026-05-19 15:33:23 --> Session: Class initialized using 'CodeIgniter\Session\Handlers\FileHandler' driver.
DEBUG - 2026-05-19 15:34:07 --> Session: Class initialized using 'CodeIgniter\Session\Handlers\FileHandler' driver.
DEBUG - 2026-05-19 15:34:07 --> Session: Class initialized using 'CodeIgniter\Session\Handlers\FileHandler' driver.
DEBUG - 2026-05-19 15:35:07 --> Session: Class initialized using 'CodeIgniter\Session\Handlers\FileHandler' driver.
DEBUG - 2026-05-19 15:35:07 --> Session: Class initialized using 'CodeIgniter\Session\Handlers\FileHandler' driver.
DEBUG - 2026-05-19 15:36:00 --> Session: Class initialized using 'CodeIgniter\Session\Handlers\FileHandler' driver.
DEBUG - 2026-05-19 15:36:00 --> Session: Class initialized using 'CodeIgniter\Session\Handlers\FileHandler' driver.
DEBUG - 2026-05-19 15:36:54 --> Session: Class initialized using 'CodeIgniter\Session\Handlers\FileHandler' driver.
DEBUG - 2026-05-19 15:36:54 --> Session: Class initialized using 'CodeIgniter\Session\Handlers\FileHandler' driver.
DEBUG - 2026-05-19 15:38:25 --> Session: Class initialized using 'CodeIgniter\Session\Handlers\FileHandler' driver.
DEBUG - 2026-05-19 15:38:25 --> Session: Class initialized using 'CodeIgniter\Session\Handlers\FileHandler' driver.
