DEBUG - 2026-05-18 12:17:15 --> Session: Class initialized using 'CodeIgniter\Session\Handlers\FileHandler' driver.
DEBUG - 2026-05-18 12:17:18 --> Session: Class initialized using 'CodeIgniter\Session\Handlers\FileHandler' driver.
ERROR - 2026-05-18 13:15:16 --> Table 'db_sikumi.settings' doesn't exist
in SYSTEMPATH/Database/MySQLi/Connection.php on line 300.
 1 SYSTEMPATH/Database/MySQLi/Connection.php(300): mysqli->query('SELECT *
FROM `settings`
WHERE `context` IS NULL', 0)
 2 SYSTEMPATH/Database/BaseConnection.php(910): CodeIgniter\Database\MySQLi\Connection->execute('SELECT *
FROM `settings`
WHERE `context` IS NULL')
 3 SYSTEMPATH/Database/BaseConnection.php(827): CodeIgniter\Database\BaseConnection->simpleQuery('SELECT *
FROM `settings`
WHERE `context` IS NULL')
 4 SYSTEMPATH/Database/BaseBuilder.php(1649): CodeIgniter\Database\BaseConnection->query('SELECT *
FROM `settings`
WHERE `context` IS NULL', [], false)
 5 VENDORPATH/codeigniter4/settings/src/Handlers/DatabaseHandler.php(214): CodeIgniter\Database\BaseBuilder->get()
 6 VENDORPATH/codeigniter4/settings/src/Handlers/DatabaseHandler.php(56): CodeIgniter\Settings\Handlers\DatabaseHandler->hydrate(null)
 7 VENDORPATH/codeigniter4/settings/src/Settings.php(62): CodeIgniter\Settings\Handlers\DatabaseHandler->has('Config\\Auth', 'sessionConfig', null)
 8 VENDORPATH/codeigniter4/settings/src/Helpers/setting_helper.php(27): CodeIgniter\Settings\Settings->get('Auth.sessionConfig')
 9 VENDORPATH/codeigniter4/shield/src/Authentication/Authenticators/Session.php(682): setting('Auth.sessionConfig')
10 VENDORPATH/codeigniter4/shield/src/Authentication/Authenticators/Session.php(700): CodeIgniter\Shield\Authentication\Authenticators\Session->getSessionUserInfo()
11 VENDORPATH/codeigniter4/shield/src/Authentication/Authenticators/Session.php(387): CodeIgniter\Shield\Authentication\Authenticators\Session->getSessionUserKey('id')
12 VENDORPATH/codeigniter4/shield/src/Authentication/Authenticators/Session.php(371): CodeIgniter\Shield\Authentication\Authenticators\Session->checkUserState()
13 VENDORPATH/codeigniter4/shield/src/Auth.php(189): CodeIgniter\Shield\Authentication\Authenticators\Session->loggedIn()
14 VENDORPATH/codeigniter4/shield/src/Controllers/RegisterController.php(58): CodeIgniter\Shield\Auth->__call('loggedIn', [])
15 SYSTEMPATH/CodeIgniter.php(951): CodeIgniter\Shield\Controllers\RegisterController->registerView()
16 SYSTEMPATH/CodeIgniter.php(497): CodeIgniter\CodeIgniter->runController(Object(CodeIgniter\Shield\Controllers\RegisterController))
17 SYSTEMPATH/CodeIgniter.php(340): CodeIgniter\CodeIgniter->handleRequest(null, Object(Config\Cache), false)
18 SYSTEMPATH/Boot.php(417): CodeIgniter\CodeIgniter->run()
19 SYSTEMPATH/Boot.php(68): CodeIgniter\Boot::runCodeIgniter(Object(CodeIgniter\CodeIgniter))
20 FCPATH/index.php(59): CodeIgniter\Boot::bootWeb(Object(Config\Paths))
CRITICAL - 2026-05-18 13:15:16 --> CodeIgniter\Database\Exceptions\DatabaseException: Table 'db_sikumi.settings' doesn't exist
[Method: GET, Route: register]
in SYSTEMPATH/Database/BaseConnection.php on line 865.
 1 SYSTEMPATH/Database/BaseBuilder.php(1649): CodeIgniter\Database\BaseConnection->query('SELECT *
FROM `settings`
WHERE `context` IS NULL', [], false)
 2 VENDORPATH/codeigniter4/settings/src/Handlers/DatabaseHandler.php(214): CodeIgniter\Database\BaseBuilder->get()
 3 VENDORPATH/codeigniter4/settings/src/Handlers/DatabaseHandler.php(56): CodeIgniter\Settings\Handlers\DatabaseHandler->hydrate(null)
 4 VENDORPATH/codeigniter4/settings/src/Settings.php(62): CodeIgniter\Settings\Handlers\DatabaseHandler->has('Config\\Auth', 'sessionConfig', null)
 5 VENDORPATH/codeigniter4/settings/src/Helpers/setting_helper.php(27): CodeIgniter\Settings\Settings->get('Auth.sessionConfig')
 6 VENDORPATH/codeigniter4/shield/src/Authentication/Authenticators/Session.php(682): setting('Auth.sessionConfig')
 7 VENDORPATH/codeigniter4/shield/src/Authentication/Authenticators/Session.php(700): CodeIgniter\Shield\Authentication\Authenticators\Session->getSessionUserInfo()
 8 VENDORPATH/codeigniter4/shield/src/Authentication/Authenticators/Session.php(387): CodeIgniter\Shield\Authentication\Authenticators\Session->getSessionUserKey('id')
 9 VENDORPATH/codeigniter4/shield/src/Authentication/Authenticators/Session.php(371): CodeIgniter\Shield\Authentication\Authenticators\Session->checkUserState()
10 VENDORPATH/codeigniter4/shield/src/Auth.php(189): CodeIgniter\Shield\Authentication\Authenticators\Session->loggedIn()
11 VENDORPATH/codeigniter4/shield/src/Controllers/RegisterController.php(58): CodeIgniter\Shield\Auth->__call('loggedIn', [])
12 SYSTEMPATH/CodeIgniter.php(951): CodeIgniter\Shield\Controllers\RegisterController->registerView()
13 SYSTEMPATH/CodeIgniter.php(497): CodeIgniter\CodeIgniter->runController(Object(CodeIgniter\Shield\Controllers\RegisterController))
14 SYSTEMPATH/CodeIgniter.php(340): CodeIgniter\CodeIgniter->handleRequest(null, Object(Config\Cache), false)
15 SYSTEMPATH/Boot.php(417): CodeIgniter\CodeIgniter->run()
16 SYSTEMPATH/Boot.php(68): CodeIgniter\Boot::runCodeIgniter(Object(CodeIgniter\CodeIgniter))
17 FCPATH/index.php(59): CodeIgniter\Boot::bootWeb(Object(Config\Paths))
CRITICAL - 2026-05-18 13:15:16 --> [Caused by] CodeIgniter\Database\Exceptions\DatabaseException: Table 'db_sikumi.settings' doesn't exist
in SYSTEMPATH/Database/MySQLi/Connection.php on line 310.
 1 SYSTEMPATH/Database/BaseConnection.php(910): CodeIgniter\Database\MySQLi\Connection->execute('SELECT *
FROM `settings`
WHERE `context` IS NULL')
 2 SYSTEMPATH/Database/BaseConnection.php(827): CodeIgniter\Database\BaseConnection->simpleQuery('SELECT *
FROM `settings`
WHERE `context` IS NULL')
 3 SYSTEMPATH/Database/BaseBuilder.php(1649): CodeIgniter\Database\BaseConnection->query('SELECT *
FROM `settings`
WHERE `context` IS NULL', [], false)
 4 VENDORPATH/codeigniter4/settings/src/Handlers/DatabaseHandler.php(214): CodeIgniter\Database\BaseBuilder->get()
 5 VENDORPATH/codeigniter4/settings/src/Handlers/DatabaseHandler.php(56): CodeIgniter\Settings\Handlers\DatabaseHandler->hydrate(null)
 6 VENDORPATH/codeigniter4/settings/src/Settings.php(62): CodeIgniter\Settings\Handlers\DatabaseHandler->has('Config\\Auth', 'sessionConfig', null)
 7 VENDORPATH/codeigniter4/settings/src/Helpers/setting_helper.php(27): CodeIgniter\Settings\Settings->get('Auth.sessionConfig')
 8 VENDORPATH/codeigniter4/shield/src/Authentication/Authenticators/Session.php(682): setting('Auth.sessionConfig')
 9 VENDORPATH/codeigniter4/shield/src/Authentication/Authenticators/Session.php(700): CodeIgniter\Shield\Authentication\Authenticators\Session->getSessionUserInfo()
10 VENDORPATH/codeigniter4/shield/src/Authentication/Authenticators/Session.php(387): CodeIgniter\Shield\Authentication\Authenticators\Session->getSessionUserKey('id')
11 VENDORPATH/codeigniter4/shield/src/Authentication/Authenticators/Session.php(371): CodeIgniter\Shield\Authentication\Authenticators\Session->checkUserState()
12 VENDORPATH/codeigniter4/shield/src/Auth.php(189): CodeIgniter\Shield\Authentication\Authenticators\Session->loggedIn()
13 VENDORPATH/codeigniter4/shield/src/Controllers/RegisterController.php(58): CodeIgniter\Shield\Auth->__call('loggedIn', [])
14 SYSTEMPATH/CodeIgniter.php(951): CodeIgniter\Shield\Controllers\RegisterController->registerView()
15 SYSTEMPATH/CodeIgniter.php(497): CodeIgniter\CodeIgniter->runController(Object(CodeIgniter\Shield\Controllers\RegisterController))
16 SYSTEMPATH/CodeIgniter.php(340): CodeIgniter\CodeIgniter->handleRequest(null, Object(Config\Cache), false)
17 SYSTEMPATH/Boot.php(417): CodeIgniter\CodeIgniter->run()
18 SYSTEMPATH/Boot.php(68): CodeIgniter\Boot::runCodeIgniter(Object(CodeIgniter\CodeIgniter))
19 FCPATH/index.php(59): CodeIgniter\Boot::bootWeb(Object(Config\Paths))
CRITICAL - 2026-05-18 13:15:16 --> [Caused by] mysqli_sql_exception: Table 'db_sikumi.settings' doesn't exist
in SYSTEMPATH/Database/MySQLi/Connection.php on line 300.
 1 SYSTEMPATH/Database/MySQLi/Connection.php(300): mysqli->query('SELECT *
FROM `settings`
WHERE `context` IS NULL', 0)
 2 SYSTEMPATH/Database/BaseConnection.php(910): CodeIgniter\Database\MySQLi\Connection->execute('SELECT *
FROM `settings`
WHERE `context` IS NULL')
 3 SYSTEMPATH/Database/BaseConnection.php(827): CodeIgniter\Database\BaseConnection->simpleQuery('SELECT *
FROM `settings`
WHERE `context` IS NULL')
 4 SYSTEMPATH/Database/BaseBuilder.php(1649): CodeIgniter\Database\BaseConnection->query('SELECT *
FROM `settings`
WHERE `context` IS NULL', [], false)
 5 VENDORPATH/codeigniter4/settings/src/Handlers/DatabaseHandler.php(214): CodeIgniter\Database\BaseBuilder->get()
 6 VENDORPATH/codeigniter4/settings/src/Handlers/DatabaseHandler.php(56): CodeIgniter\Settings\Handlers\DatabaseHandler->hydrate(null)
 7 VENDORPATH/codeigniter4/settings/src/Settings.php(62): CodeIgniter\Settings\Handlers\DatabaseHandler->has('Config\\Auth', 'sessionConfig', null)
 8 VENDORPATH/codeigniter4/settings/src/Helpers/setting_helper.php(27): CodeIgniter\Settings\Settings->get('Auth.sessionConfig')
 9 VENDORPATH/codeigniter4/shield/src/Authentication/Authenticators/Session.php(682): setting('Auth.sessionConfig')
10 VENDORPATH/codeigniter4/shield/src/Authentication/Authenticators/Session.php(700): CodeIgniter\Shield\Authentication\Authenticators\Session->getSessionUserInfo()
11 VENDORPATH/codeigniter4/shield/src/Authentication/Authenticators/Session.php(387): CodeIgniter\Shield\Authentication\Authenticators\Session->getSessionUserKey('id')
12 VENDORPATH/codeigniter4/shield/src/Authentication/Authenticators/Session.php(371): CodeIgniter\Shield\Authentication\Authenticators\Session->checkUserState()
13 VENDORPATH/codeigniter4/shield/src/Auth.php(189): CodeIgniter\Shield\Authentication\Authenticators\Session->loggedIn()
14 VENDORPATH/codeigniter4/shield/src/Controllers/RegisterController.php(58): CodeIgniter\Shield\Auth->__call('loggedIn', [])
15 SYSTEMPATH/CodeIgniter.php(951): CodeIgniter\Shield\Controllers\RegisterController->registerView()
16 SYSTEMPATH/CodeIgniter.php(497): CodeIgniter\CodeIgniter->runController(Object(CodeIgniter\Shield\Controllers\RegisterController))
17 SYSTEMPATH/CodeIgniter.php(340): CodeIgniter\CodeIgniter->handleRequest(null, Object(Config\Cache), false)
18 SYSTEMPATH/Boot.php(417): CodeIgniter\CodeIgniter->run()
19 SYSTEMPATH/Boot.php(68): CodeIgniter\Boot::runCodeIgniter(Object(CodeIgniter\CodeIgniter))
20 FCPATH/index.php(59): CodeIgniter\Boot::bootWeb(Object(Config\Paths))
CRITICAL - 2026-05-18 13:15:16 --> ErrorException: Uncaught Symfony\Polyfill\Intl\Icu\Exception\MethodNotImplementedException: The Symfony\Polyfill\Intl\Icu\NumberFormatter::setPattern() is not implemented. Please install the "intl" extension for full localization capabilities. in /Applications/XAMPP/xamppfiles/htdocs/sikumi/vendor/symfony/polyfill-intl-icu/NumberFormatter.php:603
Stack trace:
#0 /Applications/XAMPP/xamppfiles/htdocs/sikumi/vendor/codeigniter4/framework/system/Helpers/number_helper.php(158): Symfony\Polyfill\Intl\Icu\NumberFormatter->setPattern('#,##0.##')
#1 /Applications/XAMPP/xamppfiles/htdocs/sikumi/vendor/codeigniter4/framework/system/Helpers/number_helper.php(60): format_number(14.0, 2, 'en', Array)
#2 /Applications/XAMPP/xamppfiles/htdocs/sikumi/vendor/codeigniter4/framework/system/Debug/BaseExceptionHandler.php(158): number_to_size(14.0, 2)
#3 /Applications/XAMPP/xamppfiles/htdocs/sikumi/app/Views/errors/html/error_exception.php(408): CodeIgniter\Debug\BaseExceptionHandler::describeMemory(14680064)
#4 /Applications/XAMPP/xamppfiles/htdocs/sikumi/vendor/codeigniter4/framework/system/Debug/BaseExceptionHandler.php(270): include('/Applications/X...')
#5 /Applications/XAMPP/xamppfiles/htdocs/sikumi/vendor/codeigniter4/framework/system/Debug/BaseExceptionHandler.php(273): CodeIgniter\Debug\BaseExceptionHandler->CodeIgniter\Debug\{closure}()
#6 /Applications/XAMPP/xamppfiles/htdocs/sikumi/vendor/codeigniter4/framework/system/Debug/ExceptionHandler.php(126): CodeIgniter\Debug\BaseExceptionHandler->render(Object(CodeIgniter\Database\Exceptions\DatabaseException), 500, '/Applications/X...')
#7 /Applications/XAMPP/xamppfiles/htdocs/sikumi/vendor/codeigniter4/framework/system/Debug/Exceptions.php(151): CodeIgniter\Debug\ExceptionHandler->handle(Object(CodeIgniter\Database\Exceptions\DatabaseException), Object(CodeIgniter\HTTP\IncomingRequest), Object(CodeIgniter\HTTP\Response), 500, 8)
#8 [internal function]: CodeIgniter\Debug\Exceptions->exceptionHandler(Object(CodeIgniter\Database\Exceptions\DatabaseException))
#9 {main}
  thrown
【Previous Exception】
CodeIgniter\Database\Exceptions\DatabaseException
Table 'db_sikumi.settings' doesn't exist
#0 /Applications/XAMPP/xamppfiles/htdocs/sikumi/vendor/codeigniter4/framework/system/Database/BaseBuilder.php(1649): CodeIgniter\Database\BaseConnection->query('SELECT *\nFROM `...', Array, false)
#1 /Applications/XAMPP/xamppfiles/htdocs/sikumi/vendor/codeigniter4/settings/src/Handlers/DatabaseHandler.php(214): CodeIgniter\Database\BaseBuilder->get()
#2 /Applications/XAMPP/xamppfiles/htdocs/sikumi/vendor/codeigniter4/settings/src/Handlers/DatabaseHandler.php(56): CodeIgniter\Settings\Handlers\DatabaseHandler->hydrate(NULL)
#3 /Applications/XAMPP/xamppfiles/htdocs/sikumi/vendor/codeigniter4/settings/src/Settings.php(62): CodeIgniter\Settings\Handlers\DatabaseHandler->has('Config\\Auth', 'sessionConfig', NULL)
#4 /Applications/XAMPP/xamppfiles/htdocs/sikumi/vendor/codeigniter4/settings/src/Helpers/setting_helper.php(27): CodeIgniter\Settings\Settings->get('Auth.sessionCon...')
#5 /Applications/XAMPP/xamppfiles/htdocs/sikumi/vendor/codeigniter4/shield/src/Authentication/Authenticators/Session.php(682): setting('Auth.sessionCon...')
#6 /Applications/XAMPP/xamppfiles/htdocs/sikumi/vendor/codeigniter4/shield/src/Authentication/Authenticators/Session.php(700): CodeIgniter\Shield\Authentication\Authenticators\Session->getSessionUserInfo()
#7 /Applications/XAMPP/xamppfiles/htdocs/sikumi/vendor/codeigniter4/shield/src/Authentication/Authenticators/Session.php(387): CodeIgniter\Shield\Authentication\Authenticators\Session->getSessionUserKey('id')
#8 /Applications/XAMPP/xamppfiles/htdocs/sikumi/vendor/codeigniter4/shield/src/Authentication/Authenticators/Session.php(371): CodeIgniter\Shield\Authentication\Authenticators\Session->checkUserState()
#9 /Applications/XAMPP/xamppfiles/htdocs/sikumi/vendor/codeigniter4/shield/src/Auth.php(189): CodeIgniter\Shield\Authentication\Authenticators\Session->loggedIn()
#10 /Applications/XAMPP/xamppfiles/htdocs/sikumi/vendor/codeigniter4/shield/src/Controllers/RegisterController.php(58): CodeIgniter\Shield\Auth->__call('loggedIn', Array)
#11 /Applications/XAMPP/xamppfiles/htdocs/sikumi/vendor/codeigniter4/framework/system/CodeIgniter.php(951): CodeIgniter\Shield\Controllers\RegisterController->registerView()
#12 /Applications/XAMPP/xamppfiles/htdocs/sikumi/vendor/codeigniter4/framework/system/CodeIgniter.php(497): CodeIgniter\CodeIgniter->runController(Object(CodeIgniter\Shield\Controllers\RegisterController))
#13 /Applications/XAMPP/xamppfiles/htdocs/sikumi/vendor/codeigniter4/framework/system/CodeIgniter.php(340): CodeIgniter\CodeIgniter->handleRequest(NULL, Object(Config\Cache), false)
#14 /Applications/XAMPP/xamppfiles/htdocs/sikumi/vendor/codeigniter4/framework/system/Boot.php(417): CodeIgniter\CodeIgniter->run()
#15 /Applications/XAMPP/xamppfiles/htdocs/sikumi/vendor/codeigniter4/framework/system/Boot.php(68): CodeIgniter\Boot::runCodeIgniter(Object(CodeIgniter\CodeIgniter))
#16 /Applications/XAMPP/xamppfiles/htdocs/sikumi/public/index.php(59): CodeIgniter\Boot::bootWeb(Object(Config\Paths))
#17 {main}
[Method: GET, Route: register]
in VENDORPATH/symfony/polyfill-intl-icu/NumberFormatter.php on line 603.
 1 [internal function]: CodeIgniter\Debug\Exceptions->shutdownHandler()
ERROR - 2026-05-18 13:15:17 --> Table 'db_sikumi.settings' doesn't exist
in SYSTEMPATH/Database/MySQLi/Connection.php on line 300.
 1 SYSTEMPATH/Database/MySQLi/Connection.php(300): mysqli->query('SELECT *
FROM `settings`
WHERE `context` IS NULL', 0)
 2 SYSTEMPATH/Database/BaseConnection.php(910): CodeIgniter\Database\MySQLi\Connection->execute('SELECT *
FROM `settings`
WHERE `context` IS NULL')
 3 SYSTEMPATH/Database/BaseConnection.php(827): CodeIgniter\Database\BaseConnection->simpleQuery('SELECT *
FROM `settings`
WHERE `context` IS NULL')
 4 SYSTEMPATH/Database/BaseBuilder.php(1649): CodeIgniter\Database\BaseConnection->query('SELECT *
FROM `settings`
WHERE `context` IS NULL', [], false)
 5 VENDORPATH/codeigniter4/settings/src/Handlers/DatabaseHandler.php(214): CodeIgniter\Database\BaseBuilder->get()
 6 VENDORPATH/codeigniter4/settings/src/Handlers/DatabaseHandler.php(56): CodeIgniter\Settings\Handlers\DatabaseHandler->hydrate(null)
 7 VENDORPATH/codeigniter4/settings/src/Settings.php(62): CodeIgniter\Settings\Handlers\DatabaseHandler->has('Config\\Auth', 'sessionConfig', null)
 8 VENDORPATH/codeigniter4/settings/src/Helpers/setting_helper.php(27): CodeIgniter\Settings\Settings->get('Auth.sessionConfig')
 9 VENDORPATH/codeigniter4/shield/src/Authentication/Authenticators/Session.php(682): setting('Auth.sessionConfig')
10 VENDORPATH/codeigniter4/shield/src/Authentication/Authenticators/Session.php(700): CodeIgniter\Shield\Authentication\Authenticators\Session->getSessionUserInfo()
11 VENDORPATH/codeigniter4/shield/src/Authentication/Authenticators/Session.php(387): CodeIgniter\Shield\Authentication\Authenticators\Session->getSessionUserKey('id')
12 VENDORPATH/codeigniter4/shield/src/Authentication/Authenticators/Session.php(371): CodeIgniter\Shield\Authentication\Authenticators\Session->checkUserState()
13 VENDORPATH/codeigniter4/shield/src/Auth.php(189): CodeIgniter\Shield\Authentication\Authenticators\Session->loggedIn()
14 VENDORPATH/codeigniter4/shield/src/Controllers/RegisterController.php(58): CodeIgniter\Shield\Auth->__call('loggedIn', [])
15 SYSTEMPATH/CodeIgniter.php(951): CodeIgniter\Shield\Controllers\RegisterController->registerView()
16 SYSTEMPATH/CodeIgniter.php(497): CodeIgniter\CodeIgniter->runController(Object(CodeIgniter\Shield\Controllers\RegisterController))
17 SYSTEMPATH/CodeIgniter.php(340): CodeIgniter\CodeIgniter->handleRequest(null, Object(Config\Cache), false)
18 SYSTEMPATH/Boot.php(417): CodeIgniter\CodeIgniter->run()
19 SYSTEMPATH/Boot.php(68): CodeIgniter\Boot::runCodeIgniter(Object(CodeIgniter\CodeIgniter))
20 FCPATH/index.php(59): CodeIgniter\Boot::bootWeb(Object(Config\Paths))
CRITICAL - 2026-05-18 13:15:17 --> CodeIgniter\Database\Exceptions\DatabaseException: Table 'db_sikumi.settings' doesn't exist
[Method: GET, Route: register]
in SYSTEMPATH/Database/BaseConnection.php on line 865.
 1 SYSTEMPATH/Database/BaseBuilder.php(1649): CodeIgniter\Database\BaseConnection->query('SELECT *
FROM `settings`
WHERE `context` IS NULL', [], false)
 2 VENDORPATH/codeigniter4/settings/src/Handlers/DatabaseHandler.php(214): CodeIgniter\Database\BaseBuilder->get()
 3 VENDORPATH/codeigniter4/settings/src/Handlers/DatabaseHandler.php(56): CodeIgniter\Settings\Handlers\DatabaseHandler->hydrate(null)
 4 VENDORPATH/codeigniter4/settings/src/Settings.php(62): CodeIgniter\Settings\Handlers\DatabaseHandler->has('Config\\Auth', 'sessionConfig', null)
 5 VENDORPATH/codeigniter4/settings/src/Helpers/setting_helper.php(27): CodeIgniter\Settings\Settings->get('Auth.sessionConfig')
 6 VENDORPATH/codeigniter4/shield/src/Authentication/Authenticators/Session.php(682): setting('Auth.sessionConfig')
 7 VENDORPATH/codeigniter4/shield/src/Authentication/Authenticators/Session.php(700): CodeIgniter\Shield\Authentication\Authenticators\Session->getSessionUserInfo()
 8 VENDORPATH/codeigniter4/shield/src/Authentication/Authenticators/Session.php(387): CodeIgniter\Shield\Authentication\Authenticators\Session->getSessionUserKey('id')
 9 VENDORPATH/codeigniter4/shield/src/Authentication/Authenticators/Session.php(371): CodeIgniter\Shield\Authentication\Authenticators\Session->checkUserState()
10 VENDORPATH/codeigniter4/shield/src/Auth.php(189): CodeIgniter\Shield\Authentication\Authenticators\Session->loggedIn()
11 VENDORPATH/codeigniter4/shield/src/Controllers/RegisterController.php(58): CodeIgniter\Shield\Auth->__call('loggedIn', [])
12 SYSTEMPATH/CodeIgniter.php(951): CodeIgniter\Shield\Controllers\RegisterController->registerView()
13 SYSTEMPATH/CodeIgniter.php(497): CodeIgniter\CodeIgniter->runController(Object(CodeIgniter\Shield\Controllers\RegisterController))
14 SYSTEMPATH/CodeIgniter.php(340): CodeIgniter\CodeIgniter->handleRequest(null, Object(Config\Cache), false)
15 SYSTEMPATH/Boot.php(417): CodeIgniter\CodeIgniter->run()
16 SYSTEMPATH/Boot.php(68): CodeIgniter\Boot::runCodeIgniter(Object(CodeIgniter\CodeIgniter))
17 FCPATH/index.php(59): CodeIgniter\Boot::bootWeb(Object(Config\Paths))
CRITICAL - 2026-05-18 13:15:17 --> [Caused by] CodeIgniter\Database\Exceptions\DatabaseException: Table 'db_sikumi.settings' doesn't exist
in SYSTEMPATH/Database/MySQLi/Connection.php on line 310.
 1 SYSTEMPATH/Database/BaseConnection.php(910): CodeIgniter\Database\MySQLi\Connection->execute('SELECT *
FROM `settings`
WHERE `context` IS NULL')
 2 SYSTEMPATH/Database/BaseConnection.php(827): CodeIgniter\Database\BaseConnection->simpleQuery('SELECT *
FROM `settings`
WHERE `context` IS NULL')
 3 SYSTEMPATH/Database/BaseBuilder.php(1649): CodeIgniter\Database\BaseConnection->query('SELECT *
FROM `settings`
WHERE `context` IS NULL', [], false)
 4 VENDORPATH/codeigniter4/settings/src/Handlers/DatabaseHandler.php(214): CodeIgniter\Database\BaseBuilder->get()
 5 VENDORPATH/codeigniter4/settings/src/Handlers/DatabaseHandler.php(56): CodeIgniter\Settings\Handlers\DatabaseHandler->hydrate(null)
 6 VENDORPATH/codeigniter4/settings/src/Settings.php(62): CodeIgniter\Settings\Handlers\DatabaseHandler->has('Config\\Auth', 'sessionConfig', null)
 7 VENDORPATH/codeigniter4/settings/src/Helpers/setting_helper.php(27): CodeIgniter\Settings\Settings->get('Auth.sessionConfig')
 8 VENDORPATH/codeigniter4/shield/src/Authentication/Authenticators/Session.php(682): setting('Auth.sessionConfig')
 9 VENDORPATH/codeigniter4/shield/src/Authentication/Authenticators/Session.php(700): CodeIgniter\Shield\Authentication\Authenticators\Session->getSessionUserInfo()
10 VENDORPATH/codeigniter4/shield/src/Authentication/Authenticators/Session.php(387): CodeIgniter\Shield\Authentication\Authenticators\Session->getSessionUserKey('id')
11 VENDORPATH/codeigniter4/shield/src/Authentication/Authenticators/Session.php(371): CodeIgniter\Shield\Authentication\Authenticators\Session->checkUserState()
12 VENDORPATH/codeigniter4/shield/src/Auth.php(189): CodeIgniter\Shield\Authentication\Authenticators\Session->loggedIn()
13 VENDORPATH/codeigniter4/shield/src/Controllers/RegisterController.php(58): CodeIgniter\Shield\Auth->__call('loggedIn', [])
14 SYSTEMPATH/CodeIgniter.php(951): CodeIgniter\Shield\Controllers\RegisterController->registerView()
15 SYSTEMPATH/CodeIgniter.php(497): CodeIgniter\CodeIgniter->runController(Object(CodeIgniter\Shield\Controllers\RegisterController))
16 SYSTEMPATH/CodeIgniter.php(340): CodeIgniter\CodeIgniter->handleRequest(null, Object(Config\Cache), false)
17 SYSTEMPATH/Boot.php(417): CodeIgniter\CodeIgniter->run()
18 SYSTEMPATH/Boot.php(68): CodeIgniter\Boot::runCodeIgniter(Object(CodeIgniter\CodeIgniter))
19 FCPATH/index.php(59): CodeIgniter\Boot::bootWeb(Object(Config\Paths))
CRITICAL - 2026-05-18 13:15:17 --> [Caused by] mysqli_sql_exception: Table 'db_sikumi.settings' doesn't exist
in SYSTEMPATH/Database/MySQLi/Connection.php on line 300.
 1 SYSTEMPATH/Database/MySQLi/Connection.php(300): mysqli->query('SELECT *
FROM `settings`
WHERE `context` IS NULL', 0)
 2 SYSTEMPATH/Database/BaseConnection.php(910): CodeIgniter\Database\MySQLi\Connection->execute('SELECT *
FROM `settings`
WHERE `context` IS NULL')
 3 SYSTEMPATH/Database/BaseConnection.php(827): CodeIgniter\Database\BaseConnection->simpleQuery('SELECT *
FROM `settings`
WHERE `context` IS NULL')
 4 SYSTEMPATH/Database/BaseBuilder.php(1649): CodeIgniter\Database\BaseConnection->query('SELECT *
FROM `settings`
WHERE `context` IS NULL', [], false)
 5 VENDORPATH/codeigniter4/settings/src/Handlers/DatabaseHandler.php(214): CodeIgniter\Database\BaseBuilder->get()
 6 VENDORPATH/codeigniter4/settings/src/Handlers/DatabaseHandler.php(56): CodeIgniter\Settings\Handlers\DatabaseHandler->hydrate(null)
 7 VENDORPATH/codeigniter4/settings/src/Settings.php(62): CodeIgniter\Settings\Handlers\DatabaseHandler->has('Config\\Auth', 'sessionConfig', null)
 8 VENDORPATH/codeigniter4/settings/src/Helpers/setting_helper.php(27): CodeIgniter\Settings\Settings->get('Auth.sessionConfig')
 9 VENDORPATH/codeigniter4/shield/src/Authentication/Authenticators/Session.php(682): setting('Auth.sessionConfig')
10 VENDORPATH/codeigniter4/shield/src/Authentication/Authenticators/Session.php(700): CodeIgniter\Shield\Authentication\Authenticators\Session->getSessionUserInfo()
11 VENDORPATH/codeigniter4/shield/src/Authentication/Authenticators/Session.php(387): CodeIgniter\Shield\Authentication\Authenticators\Session->getSessionUserKey('id')
12 VENDORPATH/codeigniter4/shield/src/Authentication/Authenticators/Session.php(371): CodeIgniter\Shield\Authentication\Authenticators\Session->checkUserState()
13 VENDORPATH/codeigniter4/shield/src/Auth.php(189): CodeIgniter\Shield\Authentication\Authenticators\Session->loggedIn()
14 VENDORPATH/codeigniter4/shield/src/Controllers/RegisterController.php(58): CodeIgniter\Shield\Auth->__call('loggedIn', [])
15 SYSTEMPATH/CodeIgniter.php(951): CodeIgniter\Shield\Controllers\RegisterController->registerView()
16 SYSTEMPATH/CodeIgniter.php(497): CodeIgniter\CodeIgniter->runController(Object(CodeIgniter\Shield\Controllers\RegisterController))
17 SYSTEMPATH/CodeIgniter.php(340): CodeIgniter\CodeIgniter->handleRequest(null, Object(Config\Cache), false)
18 SYSTEMPATH/Boot.php(417): CodeIgniter\CodeIgniter->run()
19 SYSTEMPATH/Boot.php(68): CodeIgniter\Boot::runCodeIgniter(Object(CodeIgniter\CodeIgniter))
20 FCPATH/index.php(59): CodeIgniter\Boot::bootWeb(Object(Config\Paths))
CRITICAL - 2026-05-18 13:15:17 --> ErrorException: Uncaught Symfony\Polyfill\Intl\Icu\Exception\MethodNotImplementedException: The Symfony\Polyfill\Intl\Icu\NumberFormatter::setPattern() is not implemented. Please install the "intl" extension for full localization capabilities. in /Applications/XAMPP/xamppfiles/htdocs/sikumi/vendor/symfony/polyfill-intl-icu/NumberFormatter.php:603
Stack trace:
#0 /Applications/XAMPP/xamppfiles/htdocs/sikumi/vendor/codeigniter4/framework/system/Helpers/number_helper.php(158): Symfony\Polyfill\Intl\Icu\NumberFormatter->setPattern('#,##0.##')
#1 /Applications/XAMPP/xamppfiles/htdocs/sikumi/vendor/codeigniter4/framework/system/Helpers/number_helper.php(60): format_number(14.0, 2, 'en', Array)
#2 /Applications/XAMPP/xamppfiles/htdocs/sikumi/vendor/codeigniter4/framework/system/Debug/BaseExceptionHandler.php(158): number_to_size(14.0, 2)
#3 /Applications/XAMPP/xamppfiles/htdocs/sikumi/app/Views/errors/html/error_exception.php(408): CodeIgniter\Debug\BaseExceptionHandler::describeMemory(14680064)
#4 /Applications/XAMPP/xamppfiles/htdocs/sikumi/vendor/codeigniter4/framework/system/Debug/BaseExceptionHandler.php(270): include('/Applications/X...')
#5 /Applications/XAMPP/xamppfiles/htdocs/sikumi/vendor/codeigniter4/framework/system/Debug/BaseExceptionHandler.php(273): CodeIgniter\Debug\BaseExceptionHandler->CodeIgniter\Debug\{closure}()
#6 /Applications/XAMPP/xamppfiles/htdocs/sikumi/vendor/codeigniter4/framework/system/Debug/ExceptionHandler.php(126): CodeIgniter\Debug\BaseExceptionHandler->render(Object(CodeIgniter\Database\Exceptions\DatabaseException), 500, '/Applications/X...')
#7 /Applications/XAMPP/xamppfiles/htdocs/sikumi/vendor/codeigniter4/framework/system/Debug/Exceptions.php(151): CodeIgniter\Debug\ExceptionHandler->handle(Object(CodeIgniter\Database\Exceptions\DatabaseException), Object(CodeIgniter\HTTP\IncomingRequest), Object(CodeIgniter\HTTP\Response), 500, 8)
#8 [internal function]: CodeIgniter\Debug\Exceptions->exceptionHandler(Object(CodeIgniter\Database\Exceptions\DatabaseException))
#9 {main}
  thrown
【Previous Exception】
CodeIgniter\Database\Exceptions\DatabaseException
Table 'db_sikumi.settings' doesn't exist
#0 /Applications/XAMPP/xamppfiles/htdocs/sikumi/vendor/codeigniter4/framework/system/Database/BaseBuilder.php(1649): CodeIgniter\Database\BaseConnection->query('SELECT *\nFROM `...', Array, false)
#1 /Applications/XAMPP/xamppfiles/htdocs/sikumi/vendor/codeigniter4/settings/src/Handlers/DatabaseHandler.php(214): CodeIgniter\Database\BaseBuilder->get()
#2 /Applications/XAMPP/xamppfiles/htdocs/sikumi/vendor/codeigniter4/settings/src/Handlers/DatabaseHandler.php(56): CodeIgniter\Settings\Handlers\DatabaseHandler->hydrate(NULL)
#3 /Applications/XAMPP/xamppfiles/htdocs/sikumi/vendor/codeigniter4/settings/src/Settings.php(62): CodeIgniter\Settings\Handlers\DatabaseHandler->has('Config\\Auth', 'sessionConfig', NULL)
#4 /Applications/XAMPP/xamppfiles/htdocs/sikumi/vendor/codeigniter4/settings/src/Helpers/setting_helper.php(27): CodeIgniter\Settings\Settings->get('Auth.sessionCon...')
#5 /Applications/XAMPP/xamppfiles/htdocs/sikumi/vendor/codeigniter4/shield/src/Authentication/Authenticators/Session.php(682): setting('Auth.sessionCon...')
#6 /Applications/XAMPP/xamppfiles/htdocs/sikumi/vendor/codeigniter4/shield/src/Authentication/Authenticators/Session.php(700): CodeIgniter\Shield\Authentication\Authenticators\Session->getSessionUserInfo()
#7 /Applications/XAMPP/xamppfiles/htdocs/sikumi/vendor/codeigniter4/shield/src/Authentication/Authenticators/Session.php(387): CodeIgniter\Shield\Authentication\Authenticators\Session->getSessionUserKey('id')
#8 /Applications/XAMPP/xamppfiles/htdocs/sikumi/vendor/codeigniter4/shield/src/Authentication/Authenticators/Session.php(371): CodeIgniter\Shield\Authentication\Authenticators\Session->checkUserState()
#9 /Applications/XAMPP/xamppfiles/htdocs/sikumi/vendor/codeigniter4/shield/src/Auth.php(189): CodeIgniter\Shield\Authentication\Authenticators\Session->loggedIn()
#10 /Applications/XAMPP/xamppfiles/htdocs/sikumi/vendor/codeigniter4/shield/src/Controllers/RegisterController.php(58): CodeIgniter\Shield\Auth->__call('loggedIn', Array)
#11 /Applications/XAMPP/xamppfiles/htdocs/sikumi/vendor/codeigniter4/framework/system/CodeIgniter.php(951): CodeIgniter\Shield\Controllers\RegisterController->registerView()
#12 /Applications/XAMPP/xamppfiles/htdocs/sikumi/vendor/codeigniter4/framework/system/CodeIgniter.php(497): CodeIgniter\CodeIgniter->runController(Object(CodeIgniter\Shield\Controllers\RegisterController))
#13 /Applications/XAMPP/xamppfiles/htdocs/sikumi/vendor/codeigniter4/framework/system/CodeIgniter.php(340): CodeIgniter\CodeIgniter->handleRequest(NULL, Object(Config\Cache), false)
#14 /Applications/XAMPP/xamppfiles/htdocs/sikumi/vendor/codeigniter4/framework/system/Boot.php(417): CodeIgniter\CodeIgniter->run()
#15 /Applications/XAMPP/xamppfiles/htdocs/sikumi/vendor/codeigniter4/framework/system/Boot.php(68): CodeIgniter\Boot::runCodeIgniter(Object(CodeIgniter\CodeIgniter))
#16 /Applications/XAMPP/xamppfiles/htdocs/sikumi/public/index.php(59): CodeIgniter\Boot::bootWeb(Object(Config\Paths))
#17 {main}
[Method: GET, Route: register]
in VENDORPATH/symfony/polyfill-intl-icu/NumberFormatter.php on line 603.
 1 [internal function]: CodeIgniter\Debug\Exceptions->shutdownHandler()
DEBUG - 2026-05-18 13:17:27 --> Session: Class initialized using 'CodeIgniter\Session\Handlers\FileHandler' driver.
DEBUG - 2026-05-18 13:17:32 --> Session: Class initialized using 'CodeIgniter\Session\Handlers\FileHandler' driver.
DEBUG - 2026-05-18 13:17:35 --> Session: Class initialized using 'CodeIgniter\Session\Handlers\FileHandler' driver.
DEBUG - 2026-05-18 13:19:28 --> Session: Class initialized using 'CodeIgniter\Session\Handlers\FileHandler' driver.
DEBUG - 2026-05-18 13:19:28 --> Session: Class initialized using 'CodeIgniter\Session\Handlers\FileHandler' driver.
DEBUG - 2026-05-18 13:20:28 --> Session: Class initialized using 'CodeIgniter\Session\Handlers\FileHandler' driver.
DEBUG - 2026-05-18 13:20:29 --> Session: Class initialized using 'CodeIgniter\Session\Handlers\FileHandler' driver.
DEBUG - 2026-05-18 13:20:36 --> Session: Class initialized using 'CodeIgniter\Session\Handlers\FileHandler' driver.
DEBUG - 2026-05-18 13:20:38 --> Session: Class initialized using 'CodeIgniter\Session\Handlers\FileHandler' driver.
DEBUG - 2026-05-18 13:20:47 --> Session: Class initialized using 'CodeIgniter\Session\Handlers\FileHandler' driver.
DEBUG - 2026-05-18 13:20:49 --> Session: Class initialized using 'CodeIgniter\Session\Handlers\FileHandler' driver.
DEBUG - 2026-05-18 13:20:49 --> Session: Class initialized using 'CodeIgniter\Session\Handlers\FileHandler' driver.
DEBUG - 2026-05-18 13:21:21 --> Session: Class initialized using 'CodeIgniter\Session\Handlers\FileHandler' driver.
DEBUG - 2026-05-18 13:21:21 --> Session: Class initialized using 'CodeIgniter\Session\Handlers\FileHandler' driver.
DEBUG - 2026-05-18 13:21:24 --> Session: Class initialized using 'CodeIgniter\Session\Handlers\FileHandler' driver.
DEBUG - 2026-05-18 13:21:24 --> Session: Class initialized using 'CodeIgniter\Session\Handlers\FileHandler' driver.
DEBUG - 2026-05-18 13:21:44 --> Session: Class initialized using 'CodeIgniter\Session\Handlers\FileHandler' driver.
DEBUG - 2026-05-18 13:21:44 --> Session: Class initialized using 'CodeIgniter\Session\Handlers\FileHandler' driver.
DEBUG - 2026-05-18 13:21:52 --> Session: Class initialized using 'CodeIgniter\Session\Handlers\FileHandler' driver.
DEBUG - 2026-05-18 13:21:52 --> Session: Class initialized using 'CodeIgniter\Session\Handlers\FileHandler' driver.
DEBUG - 2026-05-18 13:21:59 --> Session: Class initialized using 'CodeIgniter\Session\Handlers\FileHandler' driver.
DEBUG - 2026-05-18 13:23:39 --> Session: Class initialized using 'CodeIgniter\Session\Handlers\FileHandler' driver.
DEBUG - 2026-05-18 13:24:41 --> Session: Class initialized using 'CodeIgniter\Session\Handlers\FileHandler' driver.
DEBUG - 2026-05-18 13:24:42 --> Session: Class initialized using 'CodeIgniter\Session\Handlers\FileHandler' driver.
DEBUG - 2026-05-18 13:24:51 --> Session: Class initialized using 'CodeIgniter\Session\Handlers\FileHandler' driver.
DEBUG - 2026-05-18 13:24:51 --> Session: Class initialized using 'CodeIgniter\Session\Handlers\FileHandler' driver.
DEBUG - 2026-05-18 13:25:08 --> Session: Class initialized using 'CodeIgniter\Session\Handlers\FileHandler' driver.
DEBUG - 2026-05-18 13:25:08 --> Session: Class initialized using 'CodeIgniter\Session\Handlers\FileHandler' driver.
DEBUG - 2026-05-18 13:29:03 --> Session: Class initialized using 'CodeIgniter\Session\Handlers\FileHandler' driver.
DEBUG - 2026-05-18 13:29:17 --> Session: Class initialized using 'CodeIgniter\Session\Handlers\FileHandler' driver.
DEBUG - 2026-05-18 13:29:17 --> Session: Class initialized using 'CodeIgniter\Session\Handlers\FileHandler' driver.
DEBUG - 2026-05-18 13:29:25 --> Session: Class initialized using 'CodeIgniter\Session\Handlers\FileHandler' driver.
DEBUG - 2026-05-18 13:29:28 --> Session: Class initialized using 'CodeIgniter\Session\Handlers\FileHandler' driver.
DEBUG - 2026-05-18 13:29:32 --> Session: Class initialized using 'CodeIgniter\Session\Handlers\FileHandler' driver.
CRITICAL - 2026-05-18 13:33:28 --> ErrorException: Undefined variable $myRoles
[Method: GET, Route: /]
in APPPATH/Views/dashboard_test.php on line 26.
 1 APPPATH/Views/dashboard_test.php(26): CodeIgniter\Debug\Exceptions->errorHandler(2, 'Undefined variable $myRoles', '/Applications/XAMPP/xamppfiles/htdocs/sikumi/app/Views/dashboard_test.php', 26)
 2 SYSTEMPATH/View/View.php(240): include('/Applications/XAMPP/xamppfiles/htdocs/sikumi/app/Views/dashboard_test.php')
 3 SYSTEMPATH/View/View.php(243): CodeIgniter\View\View->CodeIgniter\View\{closure}()
 4 SYSTEMPATH/Common.php(1250): CodeIgniter\View\View->render('dashboard_test', [], true)
 5 APPPATH/Config/Routes.php(11): view('dashboard_test')
 6 SYSTEMPATH/CodeIgniter.php(872): CodeIgniter\Router\RouteCollection->{closure}()
 7 SYSTEMPATH/CodeIgniter.php(480): CodeIgniter\CodeIgniter->startController()
 8 SYSTEMPATH/CodeIgniter.php(340): CodeIgniter\CodeIgniter->handleRequest(null, Object(Config\Cache), false)
 9 SYSTEMPATH/Boot.php(417): CodeIgniter\CodeIgniter->run()
10 SYSTEMPATH/Boot.php(68): CodeIgniter\Boot::runCodeIgniter(Object(CodeIgniter\CodeIgniter))
11 FCPATH/index.php(59): CodeIgniter\Boot::bootWeb(Object(Config\Paths))
CRITICAL - 2026-05-18 13:33:28 --> ErrorException: Uncaught Symfony\Polyfill\Intl\Icu\Exception\MethodNotImplementedException: The Symfony\Polyfill\Intl\Icu\NumberFormatter::setPattern() is not implemented. Please install the "intl" extension for full localization capabilities. in /Applications/XAMPP/xamppfiles/htdocs/sikumi/vendor/symfony/polyfill-intl-icu/NumberFormatter.php:603
Stack trace:
#0 /Applications/XAMPP/xamppfiles/htdocs/sikumi/vendor/codeigniter4/framework/system/Helpers/number_helper.php(158): Symfony\Polyfill\Intl\Icu\NumberFormatter->setPattern('#,##0.##')
#1 /Applications/XAMPP/xamppfiles/htdocs/sikumi/vendor/codeigniter4/framework/system/Helpers/number_helper.php(60): format_number(8.0, 2, 'en', Array)
#2 /Applications/XAMPP/xamppfiles/htdocs/sikumi/vendor/codeigniter4/framework/system/Debug/BaseExceptionHandler.php(158): number_to_size(8.0, 2)
#3 /Applications/XAMPP/xamppfiles/htdocs/sikumi/app/Views/errors/html/error_exception.php(408): CodeIgniter\Debug\BaseExceptionHandler::describeMemory(8388608)
#4 /Applications/XAMPP/xamppfiles/htdocs/sikumi/vendor/codeigniter4/framework/system/Debug/BaseExceptionHandler.php(270): include('/Applications/X...')
#5 /Applications/XAMPP/xamppfiles/htdocs/sikumi/vendor/codeigniter4/framework/system/Debug/BaseExceptionHandler.php(273): CodeIgniter\Debug\BaseExceptionHandler->CodeIgniter\Debug\{closure}()
#6 /Applications/XAMPP/xamppfiles/htdocs/sikumi/vendor/codeigniter4/framework/system/Debug/ExceptionHandler.php(126): CodeIgniter\Debug\BaseExceptionHandler->render(Object(ErrorException), 500, '/Applications/X...')
#7 /Applications/XAMPP/xamppfiles/htdocs/sikumi/vendor/codeigniter4/framework/system/Debug/Exceptions.php(151): CodeIgniter\Debug\ExceptionHandler->handle(Object(ErrorException), Object(CodeIgniter\HTTP\IncomingRequest), Object(CodeIgniter\HTTP\Response), 500, 1)
#8 [internal function]: CodeIgniter\Debug\Exceptions->exceptionHandler(Object(ErrorException))
#9 {main}
  thrown
【Previous Exception】
ErrorException
Undefined variable $myRoles
#0 /Applications/XAMPP/xamppfiles/htdocs/sikumi/app/Views/dashboard_test.php(26): CodeIgniter\Debug\Exceptions->errorHandler(2, 'Undefined varia...', '/Applications/X...', 26)
#1 /Applications/XAMPP/xamppfiles/htdocs/sikumi/vendor/codeigniter4/framework/system/View/View.php(240): include('/Applications/X...')
#2 /Applications/XAMPP/xamppfiles/htdocs/sikumi/vendor/codeigniter4/framework/system/View/View.php(243): CodeIgniter\View\View->CodeIgniter\View\{closure}()
#3 /Applications/XAMPP/xamppfiles/htdocs/sikumi/vendor/codeigniter4/framework/system/Common.php(1250): CodeIgniter\View\View->render('dashboard_test', Array, true)
#4 /Applications/XAMPP/xamppfiles/htdocs/sikumi/app/Config/Routes.php(11): view('dashboard_test')
#5 /Applications/XAMPP/xamppfiles/htdocs/sikumi/vendor/codeigniter4/framework/system/CodeIgniter.php(872): CodeIgniter\Router\RouteCollection->{closure}()
#6 /Applications/XAMPP/xamppfiles/htdocs/sikumi/vendor/codeigniter4/framework/system/CodeIgniter.php(480): CodeIgniter\CodeIgniter->startController()
#7 /Applications/XAMPP/xamppfiles/htdocs/sikumi/vendor/codeigniter4/framework/system/CodeIgniter.php(340): CodeIgniter\CodeIgniter->handleRequest(NULL, Object(Config\Cache), false)
#8 /Applications/XAMPP/xamppfiles/htdocs/sikumi/vendor/codeigniter4/framework/system/Boot.php(417): CodeIgniter\CodeIgniter->run()
#9 /Applications/XAMPP/xamppfiles/htdocs/sikumi/vendor/codeigniter4/framework/system/Boot.php(68): CodeIgniter\Boot::runCodeIgniter(Object(CodeIgniter\CodeIgniter))
#10 /Applications/XAMPP/xamppfiles/htdocs/sikumi/public/index.php(59): CodeIgniter\Boot::bootWeb(Object(Config\Paths))
#11 {main}
[Method: GET, Route: /]
in VENDORPATH/symfony/polyfill-intl-icu/NumberFormatter.php on line 603.
 1 [internal function]: CodeIgniter\Debug\Exceptions->shutdownHandler()
CRITICAL - 2026-05-18 13:33:29 --> ErrorException: Undefined variable $myRoles
[Method: GET, Route: /]
in APPPATH/Views/dashboard_test.php on line 26.
 1 APPPATH/Views/dashboard_test.php(26): CodeIgniter\Debug\Exceptions->errorHandler(2, 'Undefined variable $myRoles', '/Applications/XAMPP/xamppfiles/htdocs/sikumi/app/Views/dashboard_test.php', 26)
 2 SYSTEMPATH/View/View.php(240): include('/Applications/XAMPP/xamppfiles/htdocs/sikumi/app/Views/dashboard_test.php')
 3 SYSTEMPATH/View/View.php(243): CodeIgniter\View\View->CodeIgniter\View\{closure}()
 4 SYSTEMPATH/Common.php(1250): CodeIgniter\View\View->render('dashboard_test', [], true)
 5 APPPATH/Config/Routes.php(11): view('dashboard_test')
 6 SYSTEMPATH/CodeIgniter.php(872): CodeIgniter\Router\RouteCollection->{closure}()
 7 SYSTEMPATH/CodeIgniter.php(480): CodeIgniter\CodeIgniter->startController()
 8 SYSTEMPATH/CodeIgniter.php(340): CodeIgniter\CodeIgniter->handleRequest(null, Object(Config\Cache), false)
 9 SYSTEMPATH/Boot.php(417): CodeIgniter\CodeIgniter->run()
10 SYSTEMPATH/Boot.php(68): CodeIgniter\Boot::runCodeIgniter(Object(CodeIgniter\CodeIgniter))
11 FCPATH/index.php(59): CodeIgniter\Boot::bootWeb(Object(Config\Paths))
CRITICAL - 2026-05-18 13:33:29 --> ErrorException: Uncaught Symfony\Polyfill\Intl\Icu\Exception\MethodNotImplementedException: The Symfony\Polyfill\Intl\Icu\NumberFormatter::setPattern() is not implemented. Please install the "intl" extension for full localization capabilities. in /Applications/XAMPP/xamppfiles/htdocs/sikumi/vendor/symfony/polyfill-intl-icu/NumberFormatter.php:603
Stack trace:
#0 /Applications/XAMPP/xamppfiles/htdocs/sikumi/vendor/codeigniter4/framework/system/Helpers/number_helper.php(158): Symfony\Polyfill\Intl\Icu\NumberFormatter->setPattern('#,##0.##')
#1 /Applications/XAMPP/xamppfiles/htdocs/sikumi/vendor/codeigniter4/framework/system/Helpers/number_helper.php(60): format_number(8.0, 2, 'en', Array)
#2 /Applications/XAMPP/xamppfiles/htdocs/sikumi/vendor/codeigniter4/framework/system/Debug/BaseExceptionHandler.php(158): number_to_size(8.0, 2)
#3 /Applications/XAMPP/xamppfiles/htdocs/sikumi/app/Views/errors/html/error_exception.php(408): CodeIgniter\Debug\BaseExceptionHandler::describeMemory(8388608)
#4 /Applications/XAMPP/xamppfiles/htdocs/sikumi/vendor/codeigniter4/framework/system/Debug/BaseExceptionHandler.php(270): include('/Applications/X...')
#5 /Applications/XAMPP/xamppfiles/htdocs/sikumi/vendor/codeigniter4/framework/system/Debug/BaseExceptionHandler.php(273): CodeIgniter\Debug\BaseExceptionHandler->CodeIgniter\Debug\{closure}()
#6 /Applications/XAMPP/xamppfiles/htdocs/sikumi/vendor/codeigniter4/framework/system/Debug/ExceptionHandler.php(126): CodeIgniter\Debug\BaseExceptionHandler->render(Object(ErrorException), 500, '/Applications/X...')
#7 /Applications/XAMPP/xamppfiles/htdocs/sikumi/vendor/codeigniter4/framework/system/Debug/Exceptions.php(151): CodeIgniter\Debug\ExceptionHandler->handle(Object(ErrorException), Object(CodeIgniter\HTTP\IncomingRequest), Object(CodeIgniter\HTTP\Response), 500, 1)
#8 [internal function]: CodeIgniter\Debug\Exceptions->exceptionHandler(Object(ErrorException))
#9 {main}
  thrown
【Previous Exception】
ErrorException
Undefined variable $myRoles
#0 /Applications/XAMPP/xamppfiles/htdocs/sikumi/app/Views/dashboard_test.php(26): CodeIgniter\Debug\Exceptions->errorHandler(2, 'Undefined varia...', '/Applications/X...', 26)
#1 /Applications/XAMPP/xamppfiles/htdocs/sikumi/vendor/codeigniter4/framework/system/View/View.php(240): include('/Applications/X...')
#2 /Applications/XAMPP/xamppfiles/htdocs/sikumi/vendor/codeigniter4/framework/system/View/View.php(243): CodeIgniter\View\View->CodeIgniter\View\{closure}()
#3 /Applications/XAMPP/xamppfiles/htdocs/sikumi/vendor/codeigniter4/framework/system/Common.php(1250): CodeIgniter\View\View->render('dashboard_test', Array, true)
#4 /Applications/XAMPP/xamppfiles/htdocs/sikumi/app/Config/Routes.php(11): view('dashboard_test')
#5 /Applications/XAMPP/xamppfiles/htdocs/sikumi/vendor/codeigniter4/framework/system/CodeIgniter.php(872): CodeIgniter\Router\RouteCollection->{closure}()
#6 /Applications/XAMPP/xamppfiles/htdocs/sikumi/vendor/codeigniter4/framework/system/CodeIgniter.php(480): CodeIgniter\CodeIgniter->startController()
#7 /Applications/XAMPP/xamppfiles/htdocs/sikumi/vendor/codeigniter4/framework/system/CodeIgniter.php(340): CodeIgniter\CodeIgniter->handleRequest(NULL, Object(Config\Cache), false)
#8 /Applications/XAMPP/xamppfiles/htdocs/sikumi/vendor/codeigniter4/framework/system/Boot.php(417): CodeIgniter\CodeIgniter->run()
#9 /Applications/XAMPP/xamppfiles/htdocs/sikumi/vendor/codeigniter4/framework/system/Boot.php(68): CodeIgniter\Boot::runCodeIgniter(Object(CodeIgniter\CodeIgniter))
#10 /Applications/XAMPP/xamppfiles/htdocs/sikumi/public/index.php(59): CodeIgniter\Boot::bootWeb(Object(Config\Paths))
#11 {main}
[Method: GET, Route: /]
in VENDORPATH/symfony/polyfill-intl-icu/NumberFormatter.php on line 603.
 1 [internal function]: CodeIgniter\Debug\Exceptions->shutdownHandler()
DEBUG - 2026-05-18 13:35:07 --> Session: Class initialized using 'CodeIgniter\Session\Handlers\FileHandler' driver.
DEBUG - 2026-05-18 13:35:30 --> Session: Class initialized using 'CodeIgniter\Session\Handlers\FileHandler' driver.
DEBUG - 2026-05-18 13:35:48 --> Session: Class initialized using 'CodeIgniter\Session\Handlers\FileHandler' driver.
DEBUG - 2026-05-18 13:35:48 --> Session: Class initialized using 'CodeIgniter\Session\Handlers\FileHandler' driver.
DEBUG - 2026-05-18 13:36:15 --> Session: Class initialized using 'CodeIgniter\Session\Handlers\FileHandler' driver.
DEBUG - 2026-05-18 13:36:15 --> Session: Class initialized using 'CodeIgniter\Session\Handlers\FileHandler' driver.
DEBUG - 2026-05-18 13:36:48 --> Session: Class initialized using 'CodeIgniter\Session\Handlers\FileHandler' driver.
DEBUG - 2026-05-18 13:36:48 --> Session: Class initialized using 'CodeIgniter\Session\Handlers\FileHandler' driver.
DEBUG - 2026-05-18 13:38:41 --> Session: Class initialized using 'CodeIgniter\Session\Handlers\FileHandler' driver.
DEBUG - 2026-05-18 13:38:41 --> Session: Class initialized using 'CodeIgniter\Session\Handlers\FileHandler' driver.
DEBUG - 2026-05-18 13:38:51 --> Session: Class initialized using 'CodeIgniter\Session\Handlers\FileHandler' driver.
DEBUG - 2026-05-18 13:39:26 --> Session: Class initialized using 'CodeIgniter\Session\Handlers\FileHandler' driver.
DEBUG - 2026-05-18 13:39:33 --> Session: Class initialized using 'CodeIgniter\Session\Handlers\FileHandler' driver.
DEBUG - 2026-05-18 13:41:56 --> Session: Class initialized using 'CodeIgniter\Session\Handlers\FileHandler' driver.
DEBUG - 2026-05-18 13:41:58 --> Session: Class initialized using 'CodeIgniter\Session\Handlers\FileHandler' driver.
DEBUG - 2026-05-18 13:43:59 --> Session: Class initialized using 'CodeIgniter\Session\Handlers\FileHandler' driver.
DEBUG - 2026-05-18 13:45:56 --> Session: Class initialized using 'CodeIgniter\Session\Handlers\FileHandler' driver.
DEBUG - 2026-05-18 13:46:07 --> Session: Class initialized using 'CodeIgniter\Session\Handlers\FileHandler' driver.
DEBUG - 2026-05-18 13:46:18 --> Session: Class initialized using 'CodeIgniter\Session\Handlers\FileHandler' driver.
DEBUG - 2026-05-18 13:46:28 --> Session: Class initialized using 'CodeIgniter\Session\Handlers\FileHandler' driver.
DEBUG - 2026-05-18 13:46:30 --> Session: Class initialized using 'CodeIgniter\Session\Handlers\FileHandler' driver.
DEBUG - 2026-05-18 13:46:30 --> Session: Class initialized using 'CodeIgniter\Session\Handlers\FileHandler' driver.
DEBUG - 2026-05-18 13:46:36 --> Session: Class initialized using 'CodeIgniter\Session\Handlers\FileHandler' driver.
DEBUG - 2026-05-18 13:46:36 --> Session: Class initialized using 'CodeIgniter\Session\Handlers\FileHandler' driver.
DEBUG - 2026-05-18 13:46:39 --> Session: Class initialized using 'CodeIgniter\Session\Handlers\FileHandler' driver.
DEBUG - 2026-05-18 13:47:02 --> Session: Class initialized using 'CodeIgniter\Session\Handlers\FileHandler' driver.
DEBUG - 2026-05-18 13:47:03 --> Session: Class initialized using 'CodeIgniter\Session\Handlers\FileHandler' driver.
DEBUG - 2026-05-18 13:47:13 --> Session: Class initialized using 'CodeIgniter\Session\Handlers\FileHandler' driver.
DEBUG - 2026-05-18 13:47:13 --> Session: Class initialized using 'CodeIgniter\Session\Handlers\FileHandler' driver.
DEBUG - 2026-05-18 14:01:30 --> Session: Class initialized using 'CodeIgniter\Session\Handlers\FileHandler' driver.
DEBUG - 2026-05-18 14:01:31 --> Session: Class initialized using 'CodeIgniter\Session\Handlers\FileHandler' driver.
DEBUG - 2026-05-18 14:01:37 --> Session: Class initialized using 'CodeIgniter\Session\Handlers\FileHandler' driver.
DEBUG - 2026-05-18 14:01:37 --> Session: Class initialized using 'CodeIgniter\Session\Handlers\FileHandler' driver.
DEBUG - 2026-05-18 14:01:45 --> Session: Class initialized using 'CodeIgniter\Session\Handlers\FileHandler' driver.
DEBUG - 2026-05-18 14:01:45 --> Session: Class initialized using 'CodeIgniter\Session\Handlers\FileHandler' driver.
DEBUG - 2026-05-18 14:01:52 --> Session: Class initialized using 'CodeIgniter\Session\Handlers\FileHandler' driver.
DEBUG - 2026-05-18 14:07:17 --> Session: Class initialized using 'CodeIgniter\Session\Handlers\FileHandler' driver.
DEBUG - 2026-05-18 14:07:18 --> Session: Class initialized using 'CodeIgniter\Session\Handlers\FileHandler' driver.
DEBUG - 2026-05-18 14:09:00 --> Session: Class initialized using 'CodeIgniter\Session\Handlers\FileHandler' driver.
DEBUG - 2026-05-18 14:09:53 --> Session: Class initialized using 'CodeIgniter\Session\Handlers\FileHandler' driver.
DEBUG - 2026-05-18 14:09:54 --> Session: Class initialized using 'CodeIgniter\Session\Handlers\FileHandler' driver.
DEBUG - 2026-05-18 14:10:00 --> Session: Class initialized using 'CodeIgniter\Session\Handlers\FileHandler' driver.
DEBUG - 2026-05-18 14:10:00 --> Session: Class initialized using 'CodeIgniter\Session\Handlers\FileHandler' driver.
DEBUG - 2026-05-18 14:10:05 --> Session: Class initialized using 'CodeIgniter\Session\Handlers\FileHandler' driver.
DEBUG - 2026-05-18 14:10:09 --> Session: Class initialized using 'CodeIgniter\Session\Handlers\FileHandler' driver.
DEBUG - 2026-05-18 14:10:12 --> Session: Class initialized using 'CodeIgniter\Session\Handlers\FileHandler' driver.
DEBUG - 2026-05-18 14:10:14 --> Session: Class initialized using 'CodeIgniter\Session\Handlers\FileHandler' driver.
DEBUG - 2026-05-18 14:10:23 --> Session: Class initialized using 'CodeIgniter\Session\Handlers\FileHandler' driver.
DEBUG - 2026-05-18 14:11:22 --> Session: Class initialized using 'CodeIgniter\Session\Handlers\FileHandler' driver.
DEBUG - 2026-05-18 14:11:38 --> Session: Class initialized using 'CodeIgniter\Session\Handlers\FileHandler' driver.
DEBUG - 2026-05-18 14:13:35 --> Session: Class initialized using 'CodeIgniter\Session\Handlers\FileHandler' driver.
DEBUG - 2026-05-18 14:14:43 --> Session: Class initialized using 'CodeIgniter\Session\Handlers\FileHandler' driver.
DEBUG - 2026-05-18 14:15:01 --> Session: Class initialized using 'CodeIgniter\Session\Handlers\FileHandler' driver.
DEBUG - 2026-05-18 14:15:01 --> Session: Class initialized using 'CodeIgniter\Session\Handlers\FileHandler' driver.
DEBUG - 2026-05-18 14:15:04 --> Session: Class initialized using 'CodeIgniter\Session\Handlers\FileHandler' driver.
DEBUG - 2026-05-18 14:15:07 --> Session: Class initialized using 'CodeIgniter\Session\Handlers\FileHandler' driver.
DEBUG - 2026-05-18 14:15:14 --> Session: Class initialized using 'CodeIgniter\Session\Handlers\FileHandler' driver.
DEBUG - 2026-05-18 14:15:21 --> Session: Class initialized using 'CodeIgniter\Session\Handlers\FileHandler' driver.
DEBUG - 2026-05-18 14:15:36 --> Session: Class initialized using 'CodeIgniter\Session\Handlers\FileHandler' driver.
DEBUG - 2026-05-18 14:15:36 --> Session: Class initialized using 'CodeIgniter\Session\Handlers\FileHandler' driver.
DEBUG - 2026-05-18 14:15:57 --> Session: Class initialized using 'CodeIgniter\Session\Handlers\FileHandler' driver.
DEBUG - 2026-05-18 14:15:57 --> Session: Class initialized using 'CodeIgniter\Session\Handlers\FileHandler' driver.
DEBUG - 2026-05-18 14:16:09 --> Session: Class initialized using 'CodeIgniter\Session\Handlers\FileHandler' driver.
DEBUG - 2026-05-18 14:16:09 --> Session: Class initialized using 'CodeIgniter\Session\Handlers\FileHandler' driver.
DEBUG - 2026-05-18 14:16:20 --> Session: Class initialized using 'CodeIgniter\Session\Handlers\FileHandler' driver.
DEBUG - 2026-05-18 14:16:20 --> Session: Class initialized using 'CodeIgniter\Session\Handlers\FileHandler' driver.
DEBUG - 2026-05-18 14:23:03 --> Session: Class initialized using 'CodeIgniter\Session\Handlers\FileHandler' driver.
DEBUG - 2026-05-18 14:25:01 --> Session: Class initialized using 'CodeIgniter\Session\Handlers\FileHandler' driver.
DEBUG - 2026-05-18 14:25:03 --> Session: Class initialized using 'CodeIgniter\Session\Handlers\FileHandler' driver.
DEBUG - 2026-05-18 14:27:08 --> Session: Class initialized using 'CodeIgniter\Session\Handlers\FileHandler' driver.
DEBUG - 2026-05-18 14:39:49 --> Session: Class initialized using 'CodeIgniter\Session\Handlers\FileHandler' driver.
DEBUG - 2026-05-18 14:39:55 --> Session: Class initialized using 'CodeIgniter\Session\Handlers\FileHandler' driver.
DEBUG - 2026-05-18 14:39:55 --> Session: Class initialized using 'CodeIgniter\Session\Handlers\FileHandler' driver.
DEBUG - 2026-05-18 14:39:57 --> Session: Class initialized using 'CodeIgniter\Session\Handlers\FileHandler' driver.
DEBUG - 2026-05-18 14:39:57 --> Session: Class initialized using 'CodeIgniter\Session\Handlers\FileHandler' driver.
DEBUG - 2026-05-18 14:39:59 --> Session: Class initialized using 'CodeIgniter\Session\Handlers\FileHandler' driver.
DEBUG - 2026-05-18 14:44:26 --> Session: Class initialized using 'CodeIgniter\Session\Handlers\FileHandler' driver.
DEBUG - 2026-05-18 14:44:29 --> Session: Class initialized using 'CodeIgniter\Session\Handlers\FileHandler' driver.
DEBUG - 2026-05-18 14:44:37 --> Session: Class initialized using 'CodeIgniter\Session\Handlers\FileHandler' driver.
DEBUG - 2026-05-18 14:44:41 --> Session: Class initialized using 'CodeIgniter\Session\Handlers\FileHandler' driver.
DEBUG - 2026-05-18 14:44:45 --> Session: Class initialized using 'CodeIgniter\Session\Handlers\FileHandler' driver.
DEBUG - 2026-05-18 14:44:47 --> Session: Class initialized using 'CodeIgniter\Session\Handlers\FileHandler' driver.
DEBUG - 2026-05-18 14:44:50 --> Session: Class initialized using 'CodeIgniter\Session\Handlers\FileHandler' driver.
DEBUG - 2026-05-18 14:46:01 --> Session: Class initialized using 'CodeIgniter\Session\Handlers\FileHandler' driver.
DEBUG - 2026-05-18 14:46:01 --> Session: Class initialized using 'CodeIgniter\Session\Handlers\FileHandler' driver.
DEBUG - 2026-05-18 14:46:10 --> Session: Class initialized using 'CodeIgniter\Session\Handlers\FileHandler' driver.
DEBUG - 2026-05-18 14:46:10 --> Session: Class initialized using 'CodeIgniter\Session\Handlers\FileHandler' driver.
DEBUG - 2026-05-18 14:46:28 --> Session: Class initialized using 'CodeIgniter\Session\Handlers\FileHandler' driver.
DEBUG - 2026-05-18 14:46:28 --> Session: Class initialized using 'CodeIgniter\Session\Handlers\FileHandler' driver.
CRITICAL - 2026-05-18 14:50:40 --> ErrorException: fopen(/Applications/XAMPP/xamppfiles/htdocs/sikumi/writable/session/ci_session37444ee0aeeb027c055c67a9ff8e403c): Failed to open stream: Permission denied
[Method: GET, Route: login]
in SYSTEMPATH/Session/Handlers/FileHandler.php on line 125.
 1 [internal function]: CodeIgniter\Debug\Exceptions->errorHandler(2, 'fopen(/Applications/XAMPP/xamppfiles/htdocs/sikumi/writable/session/ci_session37444ee0aeeb027c055c67a9ff8e403c): Failed to open stream: Permission denied', '/Applications/XAMPP/xamppfiles/htdocs/sikumi/vendor/codeigniter4/framework/system/Session/Handlers/FileHandler.php', 125)
 2 SYSTEMPATH/Session/Handlers/FileHandler.php(125): fopen('/Applications/XAMPP/xamppfiles/htdocs/sikumi/writable/session/ci_session37444ee0aeeb027c055c67a9ff8e403c', 'c+b')
 3 [internal function]: CodeIgniter\Session\Handlers\FileHandler->read('37444ee0aeeb027c055c67a9ff8e403c')
 4 SYSTEMPATH/Session/Session.php(625): session_start()
 5 SYSTEMPATH/Session/Session.php(120): CodeIgniter\Session\Session->startSession()
 6 SYSTEMPATH/Config/Services.php(715): CodeIgniter\Session\Session->start()
 7 SYSTEMPATH/Config/BaseService.php(325): CodeIgniter\Config\Services::session(Object(Config\Session), false)
 8 SYSTEMPATH/Config/BaseService.php(264): CodeIgniter\Config\BaseService::__callStatic('session', [...])
 9 SYSTEMPATH/Config/Services.php(668): CodeIgniter\Config\BaseService::getSharedInstance('session', null)
10 SYSTEMPATH/Config/BaseService.php(334): CodeIgniter\Config\Services::session()
11 SYSTEMPATH/Config/BaseService.php(203): CodeIgniter\Config\BaseService::__callStatic('session', [])
12 SYSTEMPATH/Common.php(1078): CodeIgniter\Config\BaseService::get('session')
13 SYSTEMPATH/Common.php(1051): service('session')
14 VENDORPATH/codeigniter4/shield/src/Authentication/Authenticators/Session.php(682): session('user')
15 VENDORPATH/codeigniter4/shield/src/Authentication/Authenticators/Session.php(700): CodeIgniter\Shield\Authentication\Authenticators\Session->getSessionUserInfo()
16 VENDORPATH/codeigniter4/shield/src/Authentication/Authenticators/Session.php(387): CodeIgniter\Shield\Authentication\Authenticators\Session->getSessionUserKey('id')
17 VENDORPATH/codeigniter4/shield/src/Authentication/Authenticators/Session.php(371): CodeIgniter\Shield\Authentication\Authenticators\Session->checkUserState()
18 VENDORPATH/codeigniter4/shield/src/Auth.php(189): CodeIgniter\Shield\Authentication\Authenticators\Session->loggedIn()
19 VENDORPATH/codeigniter4/shield/src/Controllers/LoginController.php(33): CodeIgniter\Shield\Auth->__call('loggedIn', [])
20 SYSTEMPATH/CodeIgniter.php(951): CodeIgniter\Shield\Controllers\LoginController->loginView()
21 SYSTEMPATH/CodeIgniter.php(497): CodeIgniter\CodeIgniter->runController(Object(CodeIgniter\Shield\Controllers\LoginController))
22 SYSTEMPATH/CodeIgniter.php(340): CodeIgniter\CodeIgniter->handleRequest(null, Object(Config\Cache), false)
23 SYSTEMPATH/Boot.php(417): CodeIgniter\CodeIgniter->run()
24 SYSTEMPATH/Boot.php(68): CodeIgniter\Boot::runCodeIgniter(Object(CodeIgniter\CodeIgniter))
25 FCPATH/index.php(59): CodeIgniter\Boot::bootWeb(Object(Config\Paths))
CRITICAL - 2026-05-18 14:50:40 --> ErrorException: Uncaught Symfony\Polyfill\Intl\Icu\Exception\MethodNotImplementedException: The Symfony\Polyfill\Intl\Icu\NumberFormatter::setPattern() is not implemented. Please install the "intl" extension for full localization capabilities. in /Applications/XAMPP/xamppfiles/htdocs/sikumi/vendor/symfony/polyfill-intl-icu/NumberFormatter.php:603
Stack trace:
#0 /Applications/XAMPP/xamppfiles/htdocs/sikumi/vendor/codeigniter4/framework/system/Helpers/number_helper.php(158): Symfony\Polyfill\Intl\Icu\NumberFormatter->setPattern('#,##0.##')
#1 /Applications/XAMPP/xamppfiles/htdocs/sikumi/vendor/codeigniter4/framework/system/Helpers/number_helper.php(60): format_number(10.0, 2, 'en', Array)
#2 /Applications/XAMPP/xamppfiles/htdocs/sikumi/vendor/codeigniter4/framework/system/Debug/BaseExceptionHandler.php(158): number_to_size(10.0, 2)
#3 /Applications/XAMPP/xamppfiles/htdocs/sikumi/app/Views/errors/html/error_exception.php(408): CodeIgniter\Debug\BaseExceptionHandler::describeMemory(10485760)
#4 /Applications/XAMPP/xamppfiles/htdocs/sikumi/vendor/codeigniter4/framework/system/Debug/BaseExceptionHandler.php(270): include('/Applications/X...')
#5 /Applications/XAMPP/xamppfiles/htdocs/sikumi/vendor/codeigniter4/framework/system/Debug/BaseExceptionHandler.php(273): CodeIgniter\Debug\BaseExceptionHandler->CodeIgniter\Debug\{closure}()
#6 /Applications/XAMPP/xamppfiles/htdocs/sikumi/vendor/codeigniter4/framework/system/Debug/ExceptionHandler.php(126): CodeIgniter\Debug\BaseExceptionHandler->render(Object(ErrorException), 500, '/Applications/X...')
#7 /Applications/XAMPP/xamppfiles/htdocs/sikumi/vendor/codeigniter4/framework/system/Debug/Exceptions.php(151): CodeIgniter\Debug\ExceptionHandler->handle(Object(ErrorException), Object(CodeIgniter\HTTP\IncomingRequest), Object(CodeIgniter\HTTP\Response), 500, 1)
#8 [internal function]: CodeIgniter\Debug\Exceptions->exceptionHandler(Object(ErrorException))
#9 {main}
  thrown
【Previous Exception】
ErrorException
fopen(/Applications/XAMPP/xamppfiles/htdocs/sikumi/writable/session/ci_session37444ee0aeeb027c055c67a9ff8e403c): Failed to open stream: Permission denied
#0 [internal function]: CodeIgniter\Debug\Exceptions->errorHandler(2, 'fopen(/Applicat...', '/Applications/X...', 125)
#1 /Applications/XAMPP/xamppfiles/htdocs/sikumi/vendor/codeigniter4/framework/system/Session/Handlers/FileHandler.php(125): fopen('/Applications/X...', 'c+b')
#2 [internal function]: CodeIgniter\Session\Handlers\FileHandler->read('37444ee0aeeb027...')
#3 /Applications/XAMPP/xamppfiles/htdocs/sikumi/vendor/codeigniter4/framework/system/Session/Session.php(625): session_start()
#4 /Applications/XAMPP/xamppfiles/htdocs/sikumi/vendor/codeigniter4/framework/system/Session/Session.php(120): CodeIgniter\Session\Session->startSession()
#5 /Applications/XAMPP/xamppfiles/htdocs/sikumi/vendor/codeigniter4/framework/system/Config/Services.php(715): CodeIgniter\Session\Session->start()
#6 /Applications/XAMPP/xamppfiles/htdocs/sikumi/vendor/codeigniter4/framework/system/Config/BaseService.php(325): CodeIgniter\Config\Services::session(Object(Config\Session), false)
#7 /Applications/XAMPP/xamppfiles/htdocs/sikumi/vendor/codeigniter4/framework/system/Config/BaseService.php(264): CodeIgniter\Config\BaseService::__callStatic('session', Array)
#8 /Applications/XAMPP/xamppfiles/htdocs/sikumi/vendor/codeigniter4/framework/system/Config/Services.php(668): CodeIgniter\Config\BaseService::getSharedInstance('session', NULL)
#9 /Applications/XAMPP/xamppfiles/htdocs/sikumi/vendor/codeigniter4/framework/system/Config/BaseService.php(334): CodeIgniter\Config\Services::session()
#10 /Applications/XAMPP/xamppfiles/htdocs/sikumi/vendor/codeigniter4/framework/system/Config/BaseService.php(203): CodeIgniter\Config\BaseService::__callStatic('session', Array)
#11 /Applications/XAMPP/xamppfiles/htdocs/sikumi/vendor/codeigniter4/framework/system/Common.php(1078): CodeIgniter\Config\BaseService::get('session')
#12 /Applications/XAMPP/xamppfiles/htdocs/sikumi/vendor/codeigniter4/framework/system/Common.php(1051): service('session')
#13 /Applications/XAMPP/xamppfiles/htdocs/sikumi/vendor/codeigniter4/shield/src/Authentication/Authenticators/Session.php(682): session('user')
#14 /Applications/XAMPP/xamppfiles/htdocs/sikumi/vendor/codeigniter4/shield/src/Authentication/Authenticators/Session.php(700): CodeIgniter\Shield\Authentication\Authenticators\Session->getSessionUserInfo()
#15 /Applications/XAMPP/xamppfiles/htdocs/sikumi/vendor/codeigniter4/shield/src/Authentication/Authenticators/Session.php(387): CodeIgniter\Shield\Authentication\Authenticators\Session->getSessionUserKey('id')
#16 /Applications/XAMPP/xamppfiles/htdocs/sikumi/vendor/codeigniter4/shield/src/Authentication/Authenticators/Session.php(371): CodeIgniter\Shield\Authentication\Authenticators\Session->checkUserState()
#17 /Applications/XAMPP/xamppfiles/htdocs/sikumi/vendor/codeigniter4/shield/src/Auth.php(189): CodeIgniter\Shield\Authentication\Authenticators\Session->loggedIn()
#18 /Applications/XAMPP/xamppfiles/htdocs/sikumi/vendor/codeigniter4/shield/src/Controllers/LoginController.php(33): CodeIgniter\Shield\Auth->__call('loggedIn', Array)
#19 /Applications/XAMPP/xamppfiles/htdocs/sikumi/vendor/codeigniter4/framework/system/CodeIgniter.php(951): CodeIgniter\Shield\Controllers\LoginController->loginView()
#20 /Applications/XAMPP/xamppfiles/htdocs/sikumi/vendor/codeigniter4/framework/system/CodeIgniter.php(497): CodeIgniter\CodeIgniter->runController(Object(CodeIgniter\Shield\Controllers\LoginController))
#21 /Applications/XAMPP/xamppfiles/htdocs/sikumi/vendor/codeigniter4/framework/system/CodeIgniter.php(340): CodeIgniter\CodeIgniter->handleRequest(NULL, Object(Config\Cache), false)
#22 /Applications/XAMPP/xamppfiles/htdocs/sikumi/vendor/codeigniter4/framework/system/Boot.php(417): CodeIgniter\CodeIgniter->run()
#23 /Applications/XAMPP/xamppfiles/htdocs/sikumi/vendor/codeigniter4/framework/system/Boot.php(68): CodeIgniter\Boot::runCodeIgniter(Object(CodeIgniter\CodeIgniter))
#24 /Applications/XAMPP/xamppfiles/htdocs/sikumi/public/index.php(59): CodeIgniter\Boot::bootWeb(Object(Config\Paths))
#25 {main}
[Method: GET, Route: login]
in VENDORPATH/symfony/polyfill-intl-icu/NumberFormatter.php on line 603.
 1 [internal function]: CodeIgniter\Debug\Exceptions->shutdownHandler()
CRITICAL - 2026-05-18 14:51:06 --> ErrorException: fopen(/Applications/XAMPP/xamppfiles/htdocs/sikumi/writable/session/ci_session37444ee0aeeb027c055c67a9ff8e403c): Failed to open stream: Permission denied
[Method: GET, Route: login]
in SYSTEMPATH/Session/Handlers/FileHandler.php on line 125.
 1 [internal function]: CodeIgniter\Debug\Exceptions->errorHandler(2, 'fopen(/Applications/XAMPP/xamppfiles/htdocs/sikumi/writable/session/ci_session37444ee0aeeb027c055c67a9ff8e403c): Failed to open stream: Permission denied', '/Applications/XAMPP/xamppfiles/htdocs/sikumi/vendor/codeigniter4/framework/system/Session/Handlers/FileHandler.php', 125)
 2 SYSTEMPATH/Session/Handlers/FileHandler.php(125): fopen('/Applications/XAMPP/xamppfiles/htdocs/sikumi/writable/session/ci_session37444ee0aeeb027c055c67a9ff8e403c', 'c+b')
 3 [internal function]: CodeIgniter\Session\Handlers\FileHandler->read('37444ee0aeeb027c055c67a9ff8e403c')
 4 SYSTEMPATH/Session/Session.php(625): session_start()
 5 SYSTEMPATH/Session/Session.php(120): CodeIgniter\Session\Session->startSession()
 6 SYSTEMPATH/Config/Services.php(715): CodeIgniter\Session\Session->start()
 7 SYSTEMPATH/Config/BaseService.php(325): CodeIgniter\Config\Services::session(Object(Config\Session), false)
 8 SYSTEMPATH/Config/BaseService.php(264): CodeIgniter\Config\BaseService::__callStatic('session', [...])
 9 SYSTEMPATH/Config/Services.php(668): CodeIgniter\Config\BaseService::getSharedInstance('session', null)
10 SYSTEMPATH/Config/BaseService.php(334): CodeIgniter\Config\Services::session()
11 SYSTEMPATH/Config/BaseService.php(203): CodeIgniter\Config\BaseService::__callStatic('session', [])
12 SYSTEMPATH/Common.php(1078): CodeIgniter\Config\BaseService::get('session')
13 SYSTEMPATH/Common.php(1051): service('session')
14 VENDORPATH/codeigniter4/shield/src/Authentication/Authenticators/Session.php(682): session('user')
15 VENDORPATH/codeigniter4/shield/src/Authentication/Authenticators/Session.php(700): CodeIgniter\Shield\Authentication\Authenticators\Session->getSessionUserInfo()
16 VENDORPATH/codeigniter4/shield/src/Authentication/Authenticators/Session.php(387): CodeIgniter\Shield\Authentication\Authenticators\Session->getSessionUserKey('id')
17 VENDORPATH/codeigniter4/shield/src/Authentication/Authenticators/Session.php(371): CodeIgniter\Shield\Authentication\Authenticators\Session->checkUserState()
18 VENDORPATH/codeigniter4/shield/src/Auth.php(189): CodeIgniter\Shield\Authentication\Authenticators\Session->loggedIn()
19 VENDORPATH/codeigniter4/shield/src/Controllers/LoginController.php(33): CodeIgniter\Shield\Auth->__call('loggedIn', [])
20 SYSTEMPATH/CodeIgniter.php(951): CodeIgniter\Shield\Controllers\LoginController->loginView()
21 SYSTEMPATH/CodeIgniter.php(497): CodeIgniter\CodeIgniter->runController(Object(CodeIgniter\Shield\Controllers\LoginController))
22 SYSTEMPATH/CodeIgniter.php(340): CodeIgniter\CodeIgniter->handleRequest(null, Object(Config\Cache), false)
23 SYSTEMPATH/Boot.php(417): CodeIgniter\CodeIgniter->run()
24 SYSTEMPATH/Boot.php(68): CodeIgniter\Boot::runCodeIgniter(Object(CodeIgniter\CodeIgniter))
25 FCPATH/index.php(59): CodeIgniter\Boot::bootWeb(Object(Config\Paths))
CRITICAL - 2026-05-18 14:51:06 --> ErrorException: Uncaught Symfony\Polyfill\Intl\Icu\Exception\MethodNotImplementedException: The Symfony\Polyfill\Intl\Icu\NumberFormatter::setPattern() is not implemented. Please install the "intl" extension for full localization capabilities. in /Applications/XAMPP/xamppfiles/htdocs/sikumi/vendor/symfony/polyfill-intl-icu/NumberFormatter.php:603
Stack trace:
#0 /Applications/XAMPP/xamppfiles/htdocs/sikumi/vendor/codeigniter4/framework/system/Helpers/number_helper.php(158): Symfony\Polyfill\Intl\Icu\NumberFormatter->setPattern('#,##0.##')
#1 /Applications/XAMPP/xamppfiles/htdocs/sikumi/vendor/codeigniter4/framework/system/Helpers/number_helper.php(60): format_number(14.0, 2, 'en', Array)
#2 /Applications/XAMPP/xamppfiles/htdocs/sikumi/vendor/codeigniter4/framework/system/Debug/BaseExceptionHandler.php(158): number_to_size(14.0, 2)
#3 /Applications/XAMPP/xamppfiles/htdocs/sikumi/app/Views/errors/html/error_exception.php(408): CodeIgniter\Debug\BaseExceptionHandler::describeMemory(14680064)
#4 /Applications/XAMPP/xamppfiles/htdocs/sikumi/vendor/codeigniter4/framework/system/Debug/BaseExceptionHandler.php(270): include('/Applications/X...')
#5 /Applications/XAMPP/xamppfiles/htdocs/sikumi/vendor/codeigniter4/framework/system/Debug/BaseExceptionHandler.php(273): CodeIgniter\Debug\BaseExceptionHandler->CodeIgniter\Debug\{closure}()
#6 /Applications/XAMPP/xamppfiles/htdocs/sikumi/vendor/codeigniter4/framework/system/Debug/ExceptionHandler.php(126): CodeIgniter\Debug\BaseExceptionHandler->render(Object(ErrorException), 500, '/Applications/X...')
#7 /Applications/XAMPP/xamppfiles/htdocs/sikumi/vendor/codeigniter4/framework/system/Debug/Exceptions.php(151): CodeIgniter\Debug\ExceptionHandler->handle(Object(ErrorException), Object(CodeIgniter\HTTP\IncomingRequest), Object(CodeIgniter\HTTP\Response), 500, 1)
#8 [internal function]: CodeIgniter\Debug\Exceptions->exceptionHandler(Object(ErrorException))
#9 {main}
  thrown
【Previous Exception】
ErrorException
fopen(/Applications/XAMPP/xamppfiles/htdocs/sikumi/writable/session/ci_session37444ee0aeeb027c055c67a9ff8e403c): Failed to open stream: Permission denied
#0 [internal function]: CodeIgniter\Debug\Exceptions->errorHandler(2, 'fopen(/Applicat...', '/Applications/X...', 125)
#1 /Applications/XAMPP/xamppfiles/htdocs/sikumi/vendor/codeigniter4/framework/system/Session/Handlers/FileHandler.php(125): fopen('/Applications/X...', 'c+b')
#2 [internal function]: CodeIgniter\Session\Handlers\FileHandler->read('37444ee0aeeb027...')
#3 /Applications/XAMPP/xamppfiles/htdocs/sikumi/vendor/codeigniter4/framework/system/Session/Session.php(625): session_start()
#4 /Applications/XAMPP/xamppfiles/htdocs/sikumi/vendor/codeigniter4/framework/system/Session/Session.php(120): CodeIgniter\Session\Session->startSession()
#5 /Applications/XAMPP/xamppfiles/htdocs/sikumi/vendor/codeigniter4/framework/system/Config/Services.php(715): CodeIgniter\Session\Session->start()
#6 /Applications/XAMPP/xamppfiles/htdocs/sikumi/vendor/codeigniter4/framework/system/Config/BaseService.php(325): CodeIgniter\Config\Services::session(Object(Config\Session), false)
#7 /Applications/XAMPP/xamppfiles/htdocs/sikumi/vendor/codeigniter4/framework/system/Config/BaseService.php(264): CodeIgniter\Config\BaseService::__callStatic('session', Array)
#8 /Applications/XAMPP/xamppfiles/htdocs/sikumi/vendor/codeigniter4/framework/system/Config/Services.php(668): CodeIgniter\Config\BaseService::getSharedInstance('session', NULL)
#9 /Applications/XAMPP/xamppfiles/htdocs/sikumi/vendor/codeigniter4/framework/system/Config/BaseService.php(334): CodeIgniter\Config\Services::session()
#10 /Applications/XAMPP/xamppfiles/htdocs/sikumi/vendor/codeigniter4/framework/system/Config/BaseService.php(203): CodeIgniter\Config\BaseService::__callStatic('session', Array)
#11 /Applications/XAMPP/xamppfiles/htdocs/sikumi/vendor/codeigniter4/framework/system/Common.php(1078): CodeIgniter\Config\BaseService::get('session')
#12 /Applications/XAMPP/xamppfiles/htdocs/sikumi/vendor/codeigniter4/framework/system/Common.php(1051): service('session')
#13 /Applications/XAMPP/xamppfiles/htdocs/sikumi/vendor/codeigniter4/shield/src/Authentication/Authenticators/Session.php(682): session('user')
#14 /Applications/XAMPP/xamppfiles/htdocs/sikumi/vendor/codeigniter4/shield/src/Authentication/Authenticators/Session.php(700): CodeIgniter\Shield\Authentication\Authenticators\Session->getSessionUserInfo()
#15 /Applications/XAMPP/xamppfiles/htdocs/sikumi/vendor/codeigniter4/shield/src/Authentication/Authenticators/Session.php(387): CodeIgniter\Shield\Authentication\Authenticators\Session->getSessionUserKey('id')
#16 /Applications/XAMPP/xamppfiles/htdocs/sikumi/vendor/codeigniter4/shield/src/Authentication/Authenticators/Session.php(371): CodeIgniter\Shield\Authentication\Authenticators\Session->checkUserState()
#17 /Applications/XAMPP/xamppfiles/htdocs/sikumi/vendor/codeigniter4/shield/src/Auth.php(189): CodeIgniter\Shield\Authentication\Authenticators\Session->loggedIn()
#18 /Applications/XAMPP/xamppfiles/htdocs/sikumi/vendor/codeigniter4/shield/src/Controllers/LoginController.php(33): CodeIgniter\Shield\Auth->__call('loggedIn', Array)
#19 /Applications/XAMPP/xamppfiles/htdocs/sikumi/vendor/codeigniter4/framework/system/CodeIgniter.php(951): CodeIgniter\Shield\Controllers\LoginController->loginView()
#20 /Applications/XAMPP/xamppfiles/htdocs/sikumi/vendor/codeigniter4/framework/system/CodeIgniter.php(497): CodeIgniter\CodeIgniter->runController(Object(CodeIgniter\Shield\Controllers\LoginController))
#21 /Applications/XAMPP/xamppfiles/htdocs/sikumi/vendor/codeigniter4/framework/system/CodeIgniter.php(340): CodeIgniter\CodeIgniter->handleRequest(NULL, Object(Config\Cache), false)
#22 /Applications/XAMPP/xamppfiles/htdocs/sikumi/vendor/codeigniter4/framework/system/Boot.php(417): CodeIgniter\CodeIgniter->run()
#23 /Applications/XAMPP/xamppfiles/htdocs/sikumi/vendor/codeigniter4/framework/system/Boot.php(68): CodeIgniter\Boot::runCodeIgniter(Object(CodeIgniter\CodeIgniter))
#24 /Applications/XAMPP/xamppfiles/htdocs/sikumi/public/index.php(59): CodeIgniter\Boot::bootWeb(Object(Config\Paths))
#25 {main}
[Method: GET, Route: login]
in VENDORPATH/symfony/polyfill-intl-icu/NumberFormatter.php on line 603.
 1 [internal function]: CodeIgniter\Debug\Exceptions->shutdownHandler()
CRITICAL - 2026-05-18 14:51:16 --> ErrorException: fopen(/Applications/XAMPP/xamppfiles/htdocs/sikumi/writable/session/ci_session37444ee0aeeb027c055c67a9ff8e403c): Failed to open stream: Permission denied
[Method: GET, Route: /]
in SYSTEMPATH/Session/Handlers/FileHandler.php on line 125.
 1 [internal function]: CodeIgniter\Debug\Exceptions->errorHandler(2, 'fopen(/Applications/XAMPP/xamppfiles/htdocs/sikumi/writable/session/ci_session37444ee0aeeb027c055c67a9ff8e403c): Failed to open stream: Permission denied', '/Applications/XAMPP/xamppfiles/htdocs/sikumi/vendor/codeigniter4/framework/system/Session/Handlers/FileHandler.php', 125)
 2 SYSTEMPATH/Session/Handlers/FileHandler.php(125): fopen('/Applications/XAMPP/xamppfiles/htdocs/sikumi/writable/session/ci_session37444ee0aeeb027c055c67a9ff8e403c', 'c+b')
 3 [internal function]: CodeIgniter\Session\Handlers\FileHandler->read('37444ee0aeeb027c055c67a9ff8e403c')
 4 SYSTEMPATH/Session/Session.php(625): session_start()
 5 SYSTEMPATH/Session/Session.php(120): CodeIgniter\Session\Session->startSession()
 6 SYSTEMPATH/Config/Services.php(715): CodeIgniter\Session\Session->start()
 7 SYSTEMPATH/Config/BaseService.php(325): CodeIgniter\Config\Services::session(Object(Config\Session), false)
 8 SYSTEMPATH/Config/BaseService.php(264): CodeIgniter\Config\BaseService::__callStatic('session', [...])
 9 SYSTEMPATH/Config/Services.php(668): CodeIgniter\Config\BaseService::getSharedInstance('session', null)
10 SYSTEMPATH/Config/BaseService.php(334): CodeIgniter\Config\Services::session()
11 SYSTEMPATH/Config/BaseService.php(203): CodeIgniter\Config\BaseService::__callStatic('session', [])
12 SYSTEMPATH/Common.php(1078): CodeIgniter\Config\BaseService::get('session')
13 SYSTEMPATH/Common.php(1051): service('session')
14 VENDORPATH/codeigniter4/shield/src/Authentication/Authenticators/Session.php(682): session('user')
15 VENDORPATH/codeigniter4/shield/src/Authentication/Authenticators/Session.php(700): CodeIgniter\Shield\Authentication\Authenticators\Session->getSessionUserInfo()
16 VENDORPATH/codeigniter4/shield/src/Authentication/Authenticators/Session.php(387): CodeIgniter\Shield\Authentication\Authenticators\Session->getSessionUserKey('id')
17 VENDORPATH/codeigniter4/shield/src/Authentication/Authenticators/Session.php(371): CodeIgniter\Shield\Authentication\Authenticators\Session->checkUserState()
18 VENDORPATH/codeigniter4/shield/src/Auth.php(189): CodeIgniter\Shield\Authentication\Authenticators\Session->loggedIn()
19 APPPATH/Controllers/Home.php(10): CodeIgniter\Shield\Auth->__call('loggedIn', [])
20 SYSTEMPATH/CodeIgniter.php(951): App\Controllers\Home->index()
21 SYSTEMPATH/CodeIgniter.php(497): CodeIgniter\CodeIgniter->runController(Object(App\Controllers\Home))
22 SYSTEMPATH/CodeIgniter.php(340): CodeIgniter\CodeIgniter->handleRequest(null, Object(Config\Cache), false)
23 SYSTEMPATH/Boot.php(417): CodeIgniter\CodeIgniter->run()
24 SYSTEMPATH/Boot.php(68): CodeIgniter\Boot::runCodeIgniter(Object(CodeIgniter\CodeIgniter))
25 FCPATH/index.php(59): CodeIgniter\Boot::bootWeb(Object(Config\Paths))
CRITICAL - 2026-05-18 14:51:16 --> ErrorException: Uncaught Symfony\Polyfill\Intl\Icu\Exception\MethodNotImplementedException: The Symfony\Polyfill\Intl\Icu\NumberFormatter::setPattern() is not implemented. Please install the "intl" extension for full localization capabilities. in /Applications/XAMPP/xamppfiles/htdocs/sikumi/vendor/symfony/polyfill-intl-icu/NumberFormatter.php:603
Stack trace:
#0 /Applications/XAMPP/xamppfiles/htdocs/sikumi/vendor/codeigniter4/framework/system/Helpers/number_helper.php(158): Symfony\Polyfill\Intl\Icu\NumberFormatter->setPattern('#,##0.##')
#1 /Applications/XAMPP/xamppfiles/htdocs/sikumi/vendor/codeigniter4/framework/system/Helpers/number_helper.php(60): format_number(10.0, 2, 'en', Array)
#2 /Applications/XAMPP/xamppfiles/htdocs/sikumi/vendor/codeigniter4/framework/system/Debug/BaseExceptionHandler.php(158): number_to_size(10.0, 2)
#3 /Applications/XAMPP/xamppfiles/htdocs/sikumi/app/Views/errors/html/error_exception.php(408): CodeIgniter\Debug\BaseExceptionHandler::describeMemory(10485760)
#4 /Applications/XAMPP/xamppfiles/htdocs/sikumi/vendor/codeigniter4/framework/system/Debug/BaseExceptionHandler.php(270): include('/Applications/X...')
#5 /Applications/XAMPP/xamppfiles/htdocs/sikumi/vendor/codeigniter4/framework/system/Debug/BaseExceptionHandler.php(273): CodeIgniter\Debug\BaseExceptionHandler->CodeIgniter\Debug\{closure}()
#6 /Applications/XAMPP/xamppfiles/htdocs/sikumi/vendor/codeigniter4/framework/system/Debug/ExceptionHandler.php(126): CodeIgniter\Debug\BaseExceptionHandler->render(Object(ErrorException), 500, '/Applications/X...')
#7 /Applications/XAMPP/xamppfiles/htdocs/sikumi/vendor/codeigniter4/framework/system/Debug/Exceptions.php(151): CodeIgniter\Debug\ExceptionHandler->handle(Object(ErrorException), Object(CodeIgniter\HTTP\IncomingRequest), Object(CodeIgniter\HTTP\Response), 500, 1)
#8 [internal function]: CodeIgniter\Debug\Exceptions->exceptionHandler(Object(ErrorException))
#9 {main}
  thrown
【Previous Exception】
ErrorException
fopen(/Applications/XAMPP/xamppfiles/htdocs/sikumi/writable/session/ci_session37444ee0aeeb027c055c67a9ff8e403c): Failed to open stream: Permission denied
#0 [internal function]: CodeIgniter\Debug\Exceptions->errorHandler(2, 'fopen(/Applicat...', '/Applications/X...', 125)
#1 /Applications/XAMPP/xamppfiles/htdocs/sikumi/vendor/codeigniter4/framework/system/Session/Handlers/FileHandler.php(125): fopen('/Applications/X...', 'c+b')
#2 [internal function]: CodeIgniter\Session\Handlers\FileHandler->read('37444ee0aeeb027...')
#3 /Applications/XAMPP/xamppfiles/htdocs/sikumi/vendor/codeigniter4/framework/system/Session/Session.php(625): session_start()
#4 /Applications/XAMPP/xamppfiles/htdocs/sikumi/vendor/codeigniter4/framework/system/Session/Session.php(120): CodeIgniter\Session\Session->startSession()
#5 /Applications/XAMPP/xamppfiles/htdocs/sikumi/vendor/codeigniter4/framework/system/Config/Services.php(715): CodeIgniter\Session\Session->start()
#6 /Applications/XAMPP/xamppfiles/htdocs/sikumi/vendor/codeigniter4/framework/system/Config/BaseService.php(325): CodeIgniter\Config\Services::session(Object(Config\Session), false)
#7 /Applications/XAMPP/xamppfiles/htdocs/sikumi/vendor/codeigniter4/framework/system/Config/BaseService.php(264): CodeIgniter\Config\BaseService::__callStatic('session', Array)
#8 /Applications/XAMPP/xamppfiles/htdocs/sikumi/vendor/codeigniter4/framework/system/Config/Services.php(668): CodeIgniter\Config\BaseService::getSharedInstance('session', NULL)
#9 /Applications/XAMPP/xamppfiles/htdocs/sikumi/vendor/codeigniter4/framework/system/Config/BaseService.php(334): CodeIgniter\Config\Services::session()
#10 /Applications/XAMPP/xamppfiles/htdocs/sikumi/vendor/codeigniter4/framework/system/Config/BaseService.php(203): CodeIgniter\Config\BaseService::__callStatic('session', Array)
#11 /Applications/XAMPP/xamppfiles/htdocs/sikumi/vendor/codeigniter4/framework/system/Common.php(1078): CodeIgniter\Config\BaseService::get('session')
#12 /Applications/XAMPP/xamppfiles/htdocs/sikumi/vendor/codeigniter4/framework/system/Common.php(1051): service('session')
#13 /Applications/XAMPP/xamppfiles/htdocs/sikumi/vendor/codeigniter4/shield/src/Authentication/Authenticators/Session.php(682): session('user')
#14 /Applications/XAMPP/xamppfiles/htdocs/sikumi/vendor/codeigniter4/shield/src/Authentication/Authenticators/Session.php(700): CodeIgniter\Shield\Authentication\Authenticators\Session->getSessionUserInfo()
#15 /Applications/XAMPP/xamppfiles/htdocs/sikumi/vendor/codeigniter4/shield/src/Authentication/Authenticators/Session.php(387): CodeIgniter\Shield\Authentication\Authenticators\Session->getSessionUserKey('id')
#16 /Applications/XAMPP/xamppfiles/htdocs/sikumi/vendor/codeigniter4/shield/src/Authentication/Authenticators/Session.php(371): CodeIgniter\Shield\Authentication\Authenticators\Session->checkUserState()
#17 /Applications/XAMPP/xamppfiles/htdocs/sikumi/vendor/codeigniter4/shield/src/Auth.php(189): CodeIgniter\Shield\Authentication\Authenticators\Session->loggedIn()
#18 /Applications/XAMPP/xamppfiles/htdocs/sikumi/app/Controllers/Home.php(10): CodeIgniter\Shield\Auth->__call('loggedIn', Array)
#19 /Applications/XAMPP/xamppfiles/htdocs/sikumi/vendor/codeigniter4/framework/system/CodeIgniter.php(951): App\Controllers\Home->index()
#20 /Applications/XAMPP/xamppfiles/htdocs/sikumi/vendor/codeigniter4/framework/system/CodeIgniter.php(497): CodeIgniter\CodeIgniter->runController(Object(App\Controllers\Home))
#21 /Applications/XAMPP/xamppfiles/htdocs/sikumi/vendor/codeigniter4/framework/system/CodeIgniter.php(340): CodeIgniter\CodeIgniter->handleRequest(NULL, Object(Config\Cache), false)
#22 /Applications/XAMPP/xamppfiles/htdocs/sikumi/vendor/codeigniter4/framework/system/Boot.php(417): CodeIgniter\CodeIgniter->run()
#23 /Applications/XAMPP/xamppfiles/htdocs/sikumi/vendor/codeigniter4/framework/system/Boot.php(68): CodeIgniter\Boot::runCodeIgniter(Object(CodeIgniter\CodeIgniter))
#24 /Applications/XAMPP/xamppfiles/htdocs/sikumi/public/index.php(59): CodeIgniter\Boot::bootWeb(Object(Config\Paths))
#25 {main}
[Method: GET, Route: /]
in VENDORPATH/symfony/polyfill-intl-icu/NumberFormatter.php on line 603.
 1 [internal function]: CodeIgniter\Debug\Exceptions->shutdownHandler()
DEBUG - 2026-05-18 14:51:48 --> Session: Class initialized using 'CodeIgniter\Session\Handlers\FileHandler' driver.
DEBUG - 2026-05-18 14:51:48 --> Session: Class initialized using 'CodeIgniter\Session\Handlers\FileHandler' driver.
CRITICAL - 2026-05-18 14:52:02 --> ErrorException: fopen(/Applications/XAMPP/xamppfiles/htdocs/sikumi/writable/session/ci_session37444ee0aeeb027c055c67a9ff8e403c): Failed to open stream: Permission denied
[Method: GET, Route: /]
in SYSTEMPATH/Session/Handlers/FileHandler.php on line 125.
 1 [internal function]: CodeIgniter\Debug\Exceptions->errorHandler(2, 'fopen(/Applications/XAMPP/xamppfiles/htdocs/sikumi/writable/session/ci_session37444ee0aeeb027c055c67a9ff8e403c): Failed to open stream: Permission denied', '/Applications/XAMPP/xamppfiles/htdocs/sikumi/vendor/codeigniter4/framework/system/Session/Handlers/FileHandler.php', 125)
 2 SYSTEMPATH/Session/Handlers/FileHandler.php(125): fopen('/Applications/XAMPP/xamppfiles/htdocs/sikumi/writable/session/ci_session37444ee0aeeb027c055c67a9ff8e403c', 'c+b')
 3 [internal function]: CodeIgniter\Session\Handlers\FileHandler->read('37444ee0aeeb027c055c67a9ff8e403c')
 4 SYSTEMPATH/Session/Session.php(625): session_start()
 5 SYSTEMPATH/Session/Session.php(120): CodeIgniter\Session\Session->startSession()
 6 SYSTEMPATH/Config/Services.php(715): CodeIgniter\Session\Session->start()
 7 SYSTEMPATH/Config/BaseService.php(325): CodeIgniter\Config\Services::session(Object(Config\Session), false)
 8 SYSTEMPATH/Config/BaseService.php(264): CodeIgniter\Config\BaseService::__callStatic('session', [...])
 9 SYSTEMPATH/Config/Services.php(668): CodeIgniter\Config\BaseService::getSharedInstance('session', null)
10 SYSTEMPATH/Config/BaseService.php(334): CodeIgniter\Config\Services::session()
11 SYSTEMPATH/Config/BaseService.php(203): CodeIgniter\Config\BaseService::__callStatic('session', [])
12 SYSTEMPATH/Common.php(1078): CodeIgniter\Config\BaseService::get('session')
13 SYSTEMPATH/Common.php(1051): service('session')
14 VENDORPATH/codeigniter4/shield/src/Authentication/Authenticators/Session.php(682): session('user')
15 VENDORPATH/codeigniter4/shield/src/Authentication/Authenticators/Session.php(700): CodeIgniter\Shield\Authentication\Authenticators\Session->getSessionUserInfo()
16 VENDORPATH/codeigniter4/shield/src/Authentication/Authenticators/Session.php(387): CodeIgniter\Shield\Authentication\Authenticators\Session->getSessionUserKey('id')
17 VENDORPATH/codeigniter4/shield/src/Authentication/Authenticators/Session.php(371): CodeIgniter\Shield\Authentication\Authenticators\Session->checkUserState()
18 VENDORPATH/codeigniter4/shield/src/Auth.php(189): CodeIgniter\Shield\Authentication\Authenticators\Session->loggedIn()
19 APPPATH/Controllers/Home.php(10): CodeIgniter\Shield\Auth->__call('loggedIn', [])
20 SYSTEMPATH/CodeIgniter.php(951): App\Controllers\Home->index()
21 SYSTEMPATH/CodeIgniter.php(497): CodeIgniter\CodeIgniter->runController(Object(App\Controllers\Home))
22 SYSTEMPATH/CodeIgniter.php(340): CodeIgniter\CodeIgniter->handleRequest(null, Object(Config\Cache), false)
23 SYSTEMPATH/Boot.php(417): CodeIgniter\CodeIgniter->run()
24 SYSTEMPATH/Boot.php(68): CodeIgniter\Boot::runCodeIgniter(Object(CodeIgniter\CodeIgniter))
25 FCPATH/index.php(59): CodeIgniter\Boot::bootWeb(Object(Config\Paths))
CRITICAL - 2026-05-18 14:52:02 --> ErrorException: Uncaught Symfony\Polyfill\Intl\Icu\Exception\MethodNotImplementedException: The Symfony\Polyfill\Intl\Icu\NumberFormatter::setPattern() is not implemented. Please install the "intl" extension for full localization capabilities. in /Applications/XAMPP/xamppfiles/htdocs/sikumi/vendor/symfony/polyfill-intl-icu/NumberFormatter.php:603
Stack trace:
#0 /Applications/XAMPP/xamppfiles/htdocs/sikumi/vendor/codeigniter4/framework/system/Helpers/number_helper.php(158): Symfony\Polyfill\Intl\Icu\NumberFormatter->setPattern('#,##0.##')
#1 /Applications/XAMPP/xamppfiles/htdocs/sikumi/vendor/codeigniter4/framework/system/Helpers/number_helper.php(60): format_number(10.0, 2, 'en', Array)
#2 /Applications/XAMPP/xamppfiles/htdocs/sikumi/vendor/codeigniter4/framework/system/Debug/BaseExceptionHandler.php(158): number_to_size(10.0, 2)
#3 /Applications/XAMPP/xamppfiles/htdocs/sikumi/app/Views/errors/html/error_exception.php(408): CodeIgniter\Debug\BaseExceptionHandler::describeMemory(10485760)
#4 /Applications/XAMPP/xamppfiles/htdocs/sikumi/vendor/codeigniter4/framework/system/Debug/BaseExceptionHandler.php(270): include('/Applications/X...')
#5 /Applications/XAMPP/xamppfiles/htdocs/sikumi/vendor/codeigniter4/framework/system/Debug/BaseExceptionHandler.php(273): CodeIgniter\Debug\BaseExceptionHandler->CodeIgniter\Debug\{closure}()
#6 /Applications/XAMPP/xamppfiles/htdocs/sikumi/vendor/codeigniter4/framework/system/Debug/ExceptionHandler.php(126): CodeIgniter\Debug\BaseExceptionHandler->render(Object(ErrorException), 500, '/Applications/X...')
#7 /Applications/XAMPP/xamppfiles/htdocs/sikumi/vendor/codeigniter4/framework/system/Debug/Exceptions.php(151): CodeIgniter\Debug\ExceptionHandler->handle(Object(ErrorException), Object(CodeIgniter\HTTP\IncomingRequest), Object(CodeIgniter\HTTP\Response), 500, 1)
#8 [internal function]: CodeIgniter\Debug\Exceptions->exceptionHandler(Object(ErrorException))
#9 {main}
  thrown
【Previous Exception】
ErrorException
fopen(/Applications/XAMPP/xamppfiles/htdocs/sikumi/writable/session/ci_session37444ee0aeeb027c055c67a9ff8e403c): Failed to open stream: Permission denied
#0 [internal function]: CodeIgniter\Debug\Exceptions->errorHandler(2, 'fopen(/Applicat...', '/Applications/X...', 125)
#1 /Applications/XAMPP/xamppfiles/htdocs/sikumi/vendor/codeigniter4/framework/system/Session/Handlers/FileHandler.php(125): fopen('/Applications/X...', 'c+b')
#2 [internal function]: CodeIgniter\Session\Handlers\FileHandler->read('37444ee0aeeb027...')
#3 /Applications/XAMPP/xamppfiles/htdocs/sikumi/vendor/codeigniter4/framework/system/Session/Session.php(625): session_start()
#4 /Applications/XAMPP/xamppfiles/htdocs/sikumi/vendor/codeigniter4/framework/system/Session/Session.php(120): CodeIgniter\Session\Session->startSession()
#5 /Applications/XAMPP/xamppfiles/htdocs/sikumi/vendor/codeigniter4/framework/system/Config/Services.php(715): CodeIgniter\Session\Session->start()
#6 /Applications/XAMPP/xamppfiles/htdocs/sikumi/vendor/codeigniter4/framework/system/Config/BaseService.php(325): CodeIgniter\Config\Services::session(Object(Config\Session), false)
#7 /Applications/XAMPP/xamppfiles/htdocs/sikumi/vendor/codeigniter4/framework/system/Config/BaseService.php(264): CodeIgniter\Config\BaseService::__callStatic('session', Array)
#8 /Applications/XAMPP/xamppfiles/htdocs/sikumi/vendor/codeigniter4/framework/system/Config/Services.php(668): CodeIgniter\Config\BaseService::getSharedInstance('session', NULL)
#9 /Applications/XAMPP/xamppfiles/htdocs/sikumi/vendor/codeigniter4/framework/system/Config/BaseService.php(334): CodeIgniter\Config\Services::session()
#10 /Applications/XAMPP/xamppfiles/htdocs/sikumi/vendor/codeigniter4/framework/system/Config/BaseService.php(203): CodeIgniter\Config\BaseService::__callStatic('session', Array)
#11 /Applications/XAMPP/xamppfiles/htdocs/sikumi/vendor/codeigniter4/framework/system/Common.php(1078): CodeIgniter\Config\BaseService::get('session')
#12 /Applications/XAMPP/xamppfiles/htdocs/sikumi/vendor/codeigniter4/framework/system/Common.php(1051): service('session')
#13 /Applications/XAMPP/xamppfiles/htdocs/sikumi/vendor/codeigniter4/shield/src/Authentication/Authenticators/Session.php(682): session('user')
#14 /Applications/XAMPP/xamppfiles/htdocs/sikumi/vendor/codeigniter4/shield/src/Authentication/Authenticators/Session.php(700): CodeIgniter\Shield\Authentication\Authenticators\Session->getSessionUserInfo()
#15 /Applications/XAMPP/xamppfiles/htdocs/sikumi/vendor/codeigniter4/shield/src/Authentication/Authenticators/Session.php(387): CodeIgniter\Shield\Authentication\Authenticators\Session->getSessionUserKey('id')
#16 /Applications/XAMPP/xamppfiles/htdocs/sikumi/vendor/codeigniter4/shield/src/Authentication/Authenticators/Session.php(371): CodeIgniter\Shield\Authentication\Authenticators\Session->checkUserState()
#17 /Applications/XAMPP/xamppfiles/htdocs/sikumi/vendor/codeigniter4/shield/src/Auth.php(189): CodeIgniter\Shield\Authentication\Authenticators\Session->loggedIn()
#18 /Applications/XAMPP/xamppfiles/htdocs/sikumi/app/Controllers/Home.php(10): CodeIgniter\Shield\Auth->__call('loggedIn', Array)
#19 /Applications/XAMPP/xamppfiles/htdocs/sikumi/vendor/codeigniter4/framework/system/CodeIgniter.php(951): App\Controllers\Home->index()
#20 /Applications/XAMPP/xamppfiles/htdocs/sikumi/vendor/codeigniter4/framework/system/CodeIgniter.php(497): CodeIgniter\CodeIgniter->runController(Object(App\Controllers\Home))
#21 /Applications/XAMPP/xamppfiles/htdocs/sikumi/vendor/codeigniter4/framework/system/CodeIgniter.php(340): CodeIgniter\CodeIgniter->handleRequest(NULL, Object(Config\Cache), false)
#22 /Applications/XAMPP/xamppfiles/htdocs/sikumi/vendor/codeigniter4/framework/system/Boot.php(417): CodeIgniter\CodeIgniter->run()
#23 /Applications/XAMPP/xamppfiles/htdocs/sikumi/vendor/codeigniter4/framework/system/Boot.php(68): CodeIgniter\Boot::runCodeIgniter(Object(CodeIgniter\CodeIgniter))
#24 /Applications/XAMPP/xamppfiles/htdocs/sikumi/public/index.php(59): CodeIgniter\Boot::bootWeb(Object(Config\Paths))
#25 {main}
[Method: GET, Route: /]
in VENDORPATH/symfony/polyfill-intl-icu/NumberFormatter.php on line 603.
 1 [internal function]: CodeIgniter\Debug\Exceptions->shutdownHandler()
DEBUG - 2026-05-18 14:53:32 --> Session: Class initialized using 'CodeIgniter\Session\Handlers\FileHandler' driver.
DEBUG - 2026-05-18 14:53:32 --> Session: Class initialized using 'CodeIgniter\Session\Handlers\FileHandler' driver.
DEBUG - 2026-05-18 14:53:59 --> Session: Class initialized using 'CodeIgniter\Session\Handlers\FileHandler' driver.
DEBUG - 2026-05-18 14:53:59 --> Session: Class initialized using 'CodeIgniter\Session\Handlers\FileHandler' driver.
DEBUG - 2026-05-18 14:55:14 --> Session: Class initialized using 'CodeIgniter\Session\Handlers\FileHandler' driver.
DEBUG - 2026-05-18 14:55:14 --> Session: Class initialized using 'CodeIgniter\Session\Handlers\FileHandler' driver.
DEBUG - 2026-05-18 15:02:35 --> Session: Class initialized using 'CodeIgniter\Session\Handlers\FileHandler' driver.
DEBUG - 2026-05-18 15:02:35 --> Session: Class initialized using 'CodeIgniter\Session\Handlers\FileHandler' driver.
DEBUG - 2026-05-18 15:02:45 --> Session: Class initialized using 'CodeIgniter\Session\Handlers\FileHandler' driver.
DEBUG - 2026-05-18 15:02:45 --> Session: Class initialized using 'CodeIgniter\Session\Handlers\FileHandler' driver.
DEBUG - 2026-05-18 15:02:50 --> Session: Class initialized using 'CodeIgniter\Session\Handlers\FileHandler' driver.
DEBUG - 2026-05-18 15:04:13 --> Session: Class initialized using 'CodeIgniter\Session\Handlers\FileHandler' driver.
DEBUG - 2026-05-18 15:04:13 --> Session: Class initialized using 'CodeIgniter\Session\Handlers\FileHandler' driver.
DEBUG - 2026-05-18 15:04:24 --> Session: Class initialized using 'CodeIgniter\Session\Handlers\FileHandler' driver.
DEBUG - 2026-05-18 15:04:24 --> Session: Class initialized using 'CodeIgniter\Session\Handlers\FileHandler' driver.
DEBUG - 2026-05-18 15:04:27 --> Session: Class initialized using 'CodeIgniter\Session\Handlers\FileHandler' driver.
DEBUG - 2026-05-18 15:04:30 --> Session: Class initialized using 'CodeIgniter\Session\Handlers\FileHandler' driver.
DEBUG - 2026-05-18 15:04:30 --> Session: Class initialized using 'CodeIgniter\Session\Handlers\FileHandler' driver.
DEBUG - 2026-05-18 15:04:59 --> Session: Class initialized using 'CodeIgniter\Session\Handlers\FileHandler' driver.
DEBUG - 2026-05-18 15:04:59 --> Session: Class initialized using 'CodeIgniter\Session\Handlers\FileHandler' driver.
DEBUG - 2026-05-18 15:05:10 --> Session: Class initialized using 'CodeIgniter\Session\Handlers\FileHandler' driver.
DEBUG - 2026-05-18 15:05:10 --> Session: Class initialized using 'CodeIgniter\Session\Handlers\FileHandler' driver.
DEBUG - 2026-05-18 15:05:29 --> Session: Class initialized using 'CodeIgniter\Session\Handlers\FileHandler' driver.
DEBUG - 2026-05-18 15:05:29 --> Session: Class initialized using 'CodeIgniter\Session\Handlers\FileHandler' driver.
DEBUG - 2026-05-18 15:05:42 --> Session: Class initialized using 'CodeIgniter\Session\Handlers\FileHandler' driver.
DEBUG - 2026-05-18 15:06:02 --> Session: Class initialized using 'CodeIgniter\Session\Handlers\FileHandler' driver.
DEBUG - 2026-05-18 15:06:23 --> Session: Class initialized using 'CodeIgniter\Session\Handlers\FileHandler' driver.
DEBUG - 2026-05-18 15:08:54 --> Session: Class initialized using 'CodeIgniter\Session\Handlers\FileHandler' driver.
DEBUG - 2026-05-18 15:08:54 --> Session: Class initialized using 'CodeIgniter\Session\Handlers\FileHandler' driver.
DEBUG - 2026-05-18 15:09:03 --> Session: Class initialized using 'CodeIgniter\Session\Handlers\FileHandler' driver.
DEBUG - 2026-05-18 15:09:03 --> Session: Class initialized using 'CodeIgniter\Session\Handlers\FileHandler' driver.
DEBUG - 2026-05-18 15:09:06 --> Session: Class initialized using 'CodeIgniter\Session\Handlers\FileHandler' driver.
DEBUG - 2026-05-18 15:09:37 --> Session: Class initialized using 'CodeIgniter\Session\Handlers\FileHandler' driver.
DEBUG - 2026-05-18 15:10:00 --> Session: Class initialized using 'CodeIgniter\Session\Handlers\FileHandler' driver.
DEBUG - 2026-05-18 15:10:07 --> Session: Class initialized using 'CodeIgniter\Session\Handlers\FileHandler' driver.
DEBUG - 2026-05-18 15:10:09 --> Session: Class initialized using 'CodeIgniter\Session\Handlers\FileHandler' driver.
DEBUG - 2026-05-18 15:10:09 --> Session: Class initialized using 'CodeIgniter\Session\Handlers\FileHandler' driver.
DEBUG - 2026-05-18 15:10:27 --> Session: Class initialized using 'CodeIgniter\Session\Handlers\FileHandler' driver.
DEBUG - 2026-05-18 15:10:27 --> Session: Class initialized using 'CodeIgniter\Session\Handlers\FileHandler' driver.
DEBUG - 2026-05-18 15:10:36 --> Session: Class initialized using 'CodeIgniter\Session\Handlers\FileHandler' driver.
DEBUG - 2026-05-18 15:17:50 --> Session: Class initialized using 'CodeIgniter\Session\Handlers\FileHandler' driver.
DEBUG - 2026-05-18 15:17:51 --> Session: Class initialized using 'CodeIgniter\Session\Handlers\FileHandler' driver.
DEBUG - 2026-05-18 15:17:52 --> Session: Class initialized using 'CodeIgniter\Session\Handlers\FileHandler' driver.
DEBUG - 2026-05-18 15:17:52 --> Session: Class initialized using 'CodeIgniter\Session\Handlers\FileHandler' driver.
DEBUG - 2026-05-18 15:17:53 --> Session: Class initialized using 'CodeIgniter\Session\Handlers\FileHandler' driver.
DEBUG - 2026-05-18 15:18:03 --> Session: Class initialized using 'CodeIgniter\Session\Handlers\FileHandler' driver.
DEBUG - 2026-05-18 15:18:03 --> Session: Class initialized using 'CodeIgniter\Session\Handlers\FileHandler' driver.
DEBUG - 2026-05-18 15:18:04 --> Session: Class initialized using 'CodeIgniter\Session\Handlers\FileHandler' driver.
DEBUG - 2026-05-18 15:18:04 --> Session: Class initialized using 'CodeIgniter\Session\Handlers\FileHandler' driver.
DEBUG - 2026-05-18 15:18:05 --> Session: Class initialized using 'CodeIgniter\Session\Handlers\FileHandler' driver.
DEBUG - 2026-05-18 15:18:05 --> Session: Class initialized using 'CodeIgniter\Session\Handlers\FileHandler' driver.
DEBUG - 2026-05-18 15:18:05 --> Session: Class initialized using 'CodeIgniter\Session\Handlers\FileHandler' driver.
DEBUG - 2026-05-18 15:18:22 --> Session: Class initialized using 'CodeIgniter\Session\Handlers\FileHandler' driver.
DEBUG - 2026-05-18 15:18:25 --> Session: Class initialized using 'CodeIgniter\Session\Handlers\FileHandler' driver.
DEBUG - 2026-05-18 15:18:48 --> Session: Class initialized using 'CodeIgniter\Session\Handlers\FileHandler' driver.
DEBUG - 2026-05-18 15:18:49 --> Session: Class initialized using 'CodeIgniter\Session\Handlers\FileHandler' driver.
DEBUG - 2026-05-18 15:18:50 --> Session: Class initialized using 'CodeIgniter\Session\Handlers\FileHandler' driver.
DEBUG - 2026-05-18 15:18:50 --> Session: Class initialized using 'CodeIgniter\Session\Handlers\FileHandler' driver.
DEBUG - 2026-05-18 15:18:51 --> Session: Class initialized using 'CodeIgniter\Session\Handlers\FileHandler' driver.
DEBUG - 2026-05-18 15:18:59 --> Session: Class initialized using 'CodeIgniter\Session\Handlers\FileHandler' driver.
DEBUG - 2026-05-18 15:19:00 --> Session: Class initialized using 'CodeIgniter\Session\Handlers\FileHandler' driver.
DEBUG - 2026-05-18 15:20:01 --> Session: Class initialized using 'CodeIgniter\Session\Handlers\FileHandler' driver.
DEBUG - 2026-05-18 15:20:02 --> Session: Class initialized using 'CodeIgniter\Session\Handlers\FileHandler' driver.
DEBUG - 2026-05-18 15:20:03 --> Session: Class initialized using 'CodeIgniter\Session\Handlers\FileHandler' driver.
DEBUG - 2026-05-18 15:20:03 --> Session: Class initialized using 'CodeIgniter\Session\Handlers\FileHandler' driver.
DEBUG - 2026-05-18 15:20:03 --> Session: Class initialized using 'CodeIgniter\Session\Handlers\FileHandler' driver.
DEBUG - 2026-05-18 15:20:03 --> Session: Class initialized using 'CodeIgniter\Session\Handlers\FileHandler' driver.
DEBUG - 2026-05-18 15:20:04 --> Session: Class initialized using 'CodeIgniter\Session\Handlers\FileHandler' driver.
DEBUG - 2026-05-18 15:20:04 --> Session: Class initialized using 'CodeIgniter\Session\Handlers\FileHandler' driver.
DEBUG - 2026-05-18 15:20:04 --> Session: Class initialized using 'CodeIgniter\Session\Handlers\FileHandler' driver.
DEBUG - 2026-05-18 15:20:04 --> Session: Class initialized using 'CodeIgniter\Session\Handlers\FileHandler' driver.
DEBUG - 2026-05-18 15:20:05 --> Session: Class initialized using 'CodeIgniter\Session\Handlers\FileHandler' driver.
DEBUG - 2026-05-18 15:20:05 --> Session: Class initialized using 'CodeIgniter\Session\Handlers\FileHandler' driver.
DEBUG - 2026-05-18 15:20:05 --> Session: Class initialized using 'CodeIgniter\Session\Handlers\FileHandler' driver.
DEBUG - 2026-05-18 15:20:05 --> Session: Class initialized using 'CodeIgniter\Session\Handlers\FileHandler' driver.
DEBUG - 2026-05-18 15:20:05 --> Session: Class initialized using 'CodeIgniter\Session\Handlers\FileHandler' driver.
DEBUG - 2026-05-18 15:20:06 --> Session: Class initialized using 'CodeIgniter\Session\Handlers\FileHandler' driver.
DEBUG - 2026-05-18 15:20:25 --> Session: Class initialized using 'CodeIgniter\Session\Handlers\FileHandler' driver.
DEBUG - 2026-05-18 15:20:26 --> Session: Class initialized using 'CodeIgniter\Session\Handlers\FileHandler' driver.
DEBUG - 2026-05-18 15:20:26 --> Session: Class initialized using 'CodeIgniter\Session\Handlers\FileHandler' driver.
DEBUG - 2026-05-18 15:34:23 --> Session: Class initialized using 'CodeIgniter\Session\Handlers\FileHandler' driver.
DEBUG - 2026-05-18 15:34:25 --> Session: Class initialized using 'CodeIgniter\Session\Handlers\FileHandler' driver.
DEBUG - 2026-05-18 15:34:26 --> Session: Class initialized using 'CodeIgniter\Session\Handlers\FileHandler' driver.
DEBUG - 2026-05-18 15:34:26 --> Session: Class initialized using 'CodeIgniter\Session\Handlers\FileHandler' driver.
DEBUG - 2026-05-18 15:34:35 --> Session: Class initialized using 'CodeIgniter\Session\Handlers\FileHandler' driver.
DEBUG - 2026-05-18 15:34:42 --> Session: Class initialized using 'CodeIgniter\Session\Handlers\FileHandler' driver.
CRITICAL - 2026-05-18 15:34:42 --> ErrorException: Undefined array key "magic-link-login"
[Method: GET, Route: login/magic-link]
in VENDORPATH/codeigniter4/shield/src/Controllers/MagicLinkController.php on line 69.
 1 VENDORPATH/codeigniter4/shield/src/Controllers/MagicLinkController.php(69): CodeIgniter\Debug\Exceptions->errorHandler(2, 'Undefined array key "magic-link-login"', '/Applications/XAMPP/xamppfiles/htdocs/sikumi/vendor/codeigniter4/shield/src/Controllers/MagicLinkController.php', 69)
 2 SYSTEMPATH/CodeIgniter.php(951): CodeIgniter\Shield\Controllers\MagicLinkController->loginView()
 3 SYSTEMPATH/CodeIgniter.php(497): CodeIgniter\CodeIgniter->runController(Object(CodeIgniter\Shield\Controllers\MagicLinkController))
 4 SYSTEMPATH/CodeIgniter.php(340): CodeIgniter\CodeIgniter->handleRequest(null, Object(Config\Cache), false)
 5 SYSTEMPATH/Boot.php(417): CodeIgniter\CodeIgniter->run()
 6 SYSTEMPATH/Boot.php(68): CodeIgniter\Boot::runCodeIgniter(Object(CodeIgniter\CodeIgniter))
 7 FCPATH/index.php(59): CodeIgniter\Boot::bootWeb(Object(Config\Paths))
CRITICAL - 2026-05-18 15:34:42 --> ErrorException: Uncaught Symfony\Polyfill\Intl\Icu\Exception\MethodNotImplementedException: The Symfony\Polyfill\Intl\Icu\NumberFormatter::setPattern() is not implemented. Please install the "intl" extension for full localization capabilities. in /Applications/XAMPP/xamppfiles/htdocs/sikumi/vendor/symfony/polyfill-intl-icu/NumberFormatter.php:603
Stack trace:
#0 /Applications/XAMPP/xamppfiles/htdocs/sikumi/vendor/codeigniter4/framework/system/Helpers/number_helper.php(158): Symfony\Polyfill\Intl\Icu\NumberFormatter->setPattern('#,##0.##')
#1 /Applications/XAMPP/xamppfiles/htdocs/sikumi/vendor/codeigniter4/framework/system/Helpers/number_helper.php(60): format_number(28.5, 2, 'en', Array)
#2 /Applications/XAMPP/xamppfiles/htdocs/sikumi/vendor/codeigniter4/framework/system/Debug/BaseExceptionHandler.php(158): number_to_size(28.5, 2)
#3 /Applications/XAMPP/xamppfiles/htdocs/sikumi/app/Views/errors/html/error_exception.php(408): CodeIgniter\Debug\BaseExceptionHandler::describeMemory(29884416)
#4 /Applications/XAMPP/xamppfiles/htdocs/sikumi/vendor/codeigniter4/framework/system/Debug/BaseExceptionHandler.php(270): include('/Applications/X...')
#5 /Applications/XAMPP/xamppfiles/htdocs/sikumi/vendor/codeigniter4/framework/system/Debug/BaseExceptionHandler.php(273): CodeIgniter\Debug\BaseExceptionHandler->CodeIgniter\Debug\{closure}()
#6 /Applications/XAMPP/xamppfiles/htdocs/sikumi/vendor/codeigniter4/framework/system/Debug/ExceptionHandler.php(126): CodeIgniter\Debug\BaseExceptionHandler->render(Object(ErrorException), 500, '/Applications/X...')
#7 /Applications/XAMPP/xamppfiles/htdocs/sikumi/vendor/codeigniter4/framework/system/Debug/Exceptions.php(151): CodeIgniter\Debug\ExceptionHandler->handle(Object(ErrorException), Object(CodeIgniter\HTTP\IncomingRequest), Object(CodeIgniter\HTTP\Response), 500, 1)
#8 [internal function]: CodeIgniter\Debug\Exceptions->exceptionHandler(Object(ErrorException))
#9 {main}
  thrown
【Previous Exception】
ErrorException
Undefined array key "magic-link-login"
#0 /Applications/XAMPP/xamppfiles/htdocs/sikumi/vendor/codeigniter4/shield/src/Controllers/MagicLinkController.php(69): CodeIgniter\Debug\Exceptions->errorHandler(2, 'Undefined array...', '/Applications/X...', 69)
#1 /Applications/XAMPP/xamppfiles/htdocs/sikumi/vendor/codeigniter4/framework/system/CodeIgniter.php(951): CodeIgniter\Shield\Controllers\MagicLinkController->loginView()
#2 /Applications/XAMPP/xamppfiles/htdocs/sikumi/vendor/codeigniter4/framework/system/CodeIgniter.php(497): CodeIgniter\CodeIgniter->runController(Object(CodeIgniter\Shield\Controllers\MagicLinkController))
#3 /Applications/XAMPP/xamppfiles/htdocs/sikumi/vendor/codeigniter4/framework/system/CodeIgniter.php(340): CodeIgniter\CodeIgniter->handleRequest(NULL, Object(Config\Cache), false)
#4 /Applications/XAMPP/xamppfiles/htdocs/sikumi/vendor/codeigniter4/framework/system/Boot.php(417): CodeIgniter\CodeIgniter->run()
#5 /Applications/XAMPP/xamppfiles/htdocs/sikumi/vendor/codeigniter4/framework/system/Boot.php(68): CodeIgniter\Boot::runCodeIgniter(Object(CodeIgniter\CodeIgniter))
#6 /Applications/XAMPP/xamppfiles/htdocs/sikumi/public/index.php(59): CodeIgniter\Boot::bootWeb(Object(Config\Paths))
#7 {main}
[Method: GET, Route: login/magic-link]
in VENDORPATH/symfony/polyfill-intl-icu/NumberFormatter.php on line 603.
 1 [internal function]: CodeIgniter\Debug\Exceptions->shutdownHandler()
DEBUG - 2026-05-18 15:36:17 --> Session: Class initialized using 'CodeIgniter\Session\Handlers\FileHandler' driver.
DEBUG - 2026-05-18 15:36:18 --> Session: Class initialized using 'CodeIgniter\Session\Handlers\FileHandler' driver.
DEBUG - 2026-05-18 15:38:35 --> Session: Class initialized using 'CodeIgniter\Session\Handlers\FileHandler' driver.
DEBUG - 2026-05-18 15:42:01 --> Session: Class initialized using 'CodeIgniter\Session\Handlers\FileHandler' driver.
DEBUG - 2026-05-18 15:42:03 --> Session: Class initialized using 'CodeIgniter\Session\Handlers\FileHandler' driver.
DEBUG - 2026-05-18 15:45:45 --> Session: Class initialized using 'CodeIgniter\Session\Handlers\FileHandler' driver.
DEBUG - 2026-05-18 15:45:45 --> Session: Class initialized using 'CodeIgniter\Session\Handlers\FileHandler' driver.
DEBUG - 2026-05-18 15:45:54 --> Session: Class initialized using 'CodeIgniter\Session\Handlers\FileHandler' driver.
DEBUG - 2026-05-18 15:45:54 --> Session: Class initialized using 'CodeIgniter\Session\Handlers\FileHandler' driver.
DEBUG - 2026-05-18 15:46:45 --> Session: Class initialized using 'CodeIgniter\Session\Handlers\FileHandler' driver.
DEBUG - 2026-05-18 15:46:47 --> Session: Class initialized using 'CodeIgniter\Session\Handlers\FileHandler' driver.
DEBUG - 2026-05-18 16:05:03 --> Session: Class initialized using 'CodeIgniter\Session\Handlers\FileHandler' driver.
DEBUG - 2026-05-18 16:05:06 --> Session: Class initialized using 'CodeIgniter\Session\Handlers\FileHandler' driver.
DEBUG - 2026-05-18 16:05:18 --> Session: Class initialized using 'CodeIgniter\Session\Handlers\FileHandler' driver.
DEBUG - 2026-05-18 16:05:18 --> Session: Class initialized using 'CodeIgniter\Session\Handlers\FileHandler' driver.
DEBUG - 2026-05-18 16:05:23 --> Session: Class initialized using 'CodeIgniter\Session\Handlers\FileHandler' driver.
DEBUG - 2026-05-18 16:05:31 --> Session: Class initialized using 'CodeIgniter\Session\Handlers\FileHandler' driver.
DEBUG - 2026-05-18 16:08:20 --> Session: Class initialized using 'CodeIgniter\Session\Handlers\FileHandler' driver.
DEBUG - 2026-05-18 16:08:29 --> Session: Class initialized using 'CodeIgniter\Session\Handlers\FileHandler' driver.
DEBUG - 2026-05-18 16:08:30 --> Session: Class initialized using 'CodeIgniter\Session\Handlers\FileHandler' driver.
CRITICAL - 2026-05-18 16:08:39 --> InvalidArgumentException: Invalid token format
[Method: GET, Route: auth/google/callback]
in VENDORPATH/google/apiclient/src/Client.php on line 578.
 1 APPPATH/Controllers/GoogleAuthController.php(43): Google\Client->setAccessToken([...])
 2 SYSTEMPATH/CodeIgniter.php(951): App\Controllers\GoogleAuthController->handleCallback()
 3 SYSTEMPATH/CodeIgniter.php(497): CodeIgniter\CodeIgniter->runController(Object(App\Controllers\GoogleAuthController))
 4 SYSTEMPATH/CodeIgniter.php(340): CodeIgniter\CodeIgniter->handleRequest(null, Object(Config\Cache), false)
 5 SYSTEMPATH/Boot.php(417): CodeIgniter\CodeIgniter->run()
 6 SYSTEMPATH/Boot.php(68): CodeIgniter\Boot::runCodeIgniter(Object(CodeIgniter\CodeIgniter))
 7 FCPATH/index.php(59): CodeIgniter\Boot::bootWeb(Object(Config\Paths))
CRITICAL - 2026-05-18 16:08:39 --> ErrorException: Uncaught Symfony\Polyfill\Intl\Icu\Exception\MethodNotImplementedException: The Symfony\Polyfill\Intl\Icu\NumberFormatter::setPattern() is not implemented. Please install the "intl" extension for full localization capabilities. in /Applications/XAMPP/xamppfiles/htdocs/sikumi/vendor/symfony/polyfill-intl-icu/NumberFormatter.php:603
Stack trace:
#0 /Applications/XAMPP/xamppfiles/htdocs/sikumi/vendor/codeigniter4/framework/system/Helpers/number_helper.php(158): Symfony\Polyfill\Intl\Icu\NumberFormatter->setPattern('#,##0.##')
#1 /Applications/XAMPP/xamppfiles/htdocs/sikumi/vendor/codeigniter4/framework/system/Helpers/number_helper.php(60): format_number(30.5, 2, 'en', Array)
#2 /Applications/XAMPP/xamppfiles/htdocs/sikumi/vendor/codeigniter4/framework/system/Debug/BaseExceptionHandler.php(158): number_to_size(30.5, 2)
#3 /Applications/XAMPP/xamppfiles/htdocs/sikumi/app/Views/errors/html/error_exception.php(408): CodeIgniter\Debug\BaseExceptionHandler::describeMemory(31981568)
#4 /Applications/XAMPP/xamppfiles/htdocs/sikumi/vendor/codeigniter4/framework/system/Debug/BaseExceptionHandler.php(270): include('/Applications/X...')
#5 /Applications/XAMPP/xamppfiles/htdocs/sikumi/vendor/codeigniter4/framework/system/Debug/BaseExceptionHandler.php(273): CodeIgniter\Debug\BaseExceptionHandler->CodeIgniter\Debug\{closure}()
#6 /Applications/XAMPP/xamppfiles/htdocs/sikumi/vendor/codeigniter4/framework/system/Debug/ExceptionHandler.php(126): CodeIgniter\Debug\BaseExceptionHandler->render(Object(InvalidArgumentException), 500, '/Applications/X...')
#7 /Applications/XAMPP/xamppfiles/htdocs/sikumi/vendor/codeigniter4/framework/system/Debug/Exceptions.php(151): CodeIgniter\Debug\ExceptionHandler->handle(Object(InvalidArgumentException), Object(CodeIgniter\HTTP\IncomingRequest), Object(CodeIgniter\HTTP\Response), 500, 1)
#8 [internal function]: CodeIgniter\Debug\Exceptions->exceptionHandler(Object(InvalidArgumentException))
#9 {main}
  thrown
【Previous Exception】
InvalidArgumentException
Invalid token format
#0 /Applications/XAMPP/xamppfiles/htdocs/sikumi/app/Controllers/GoogleAuthController.php(43): Google\Client->setAccessToken(Array)
#1 /Applications/XAMPP/xamppfiles/htdocs/sikumi/vendor/codeigniter4/framework/system/CodeIgniter.php(951): App\Controllers\GoogleAuthController->handleCallback()
#2 /Applications/XAMPP/xamppfiles/htdocs/sikumi/vendor/codeigniter4/framework/system/CodeIgniter.php(497): CodeIgniter\CodeIgniter->runController(Object(App\Controllers\GoogleAuthController))
#3 /Applications/XAMPP/xamppfiles/htdocs/sikumi/vendor/codeigniter4/framework/system/CodeIgniter.php(340): CodeIgniter\CodeIgniter->handleRequest(NULL, Object(Config\Cache), false)
#4 /Applications/XAMPP/xamppfiles/htdocs/sikumi/vendor/codeigniter4/framework/system/Boot.php(417): CodeIgniter\CodeIgniter->run()
#5 /Applications/XAMPP/xamppfiles/htdocs/sikumi/vendor/codeigniter4/framework/system/Boot.php(68): CodeIgniter\Boot::runCodeIgniter(Object(CodeIgniter\CodeIgniter))
#6 /Applications/XAMPP/xamppfiles/htdocs/sikumi/public/index.php(59): CodeIgniter\Boot::bootWeb(Object(Config\Paths))
#7 {main}
[Method: GET, Route: auth/google/callback]
in VENDORPATH/symfony/polyfill-intl-icu/NumberFormatter.php on line 603.
 1 [internal function]: CodeIgniter\Debug\Exceptions->shutdownHandler()
DEBUG - 2026-05-18 16:11:12 --> Session: Class initialized using 'CodeIgniter\Session\Handlers\FileHandler' driver.
DEBUG - 2026-05-18 16:11:12 --> Session: Class initialized using 'CodeIgniter\Session\Handlers\FileHandler' driver.
DEBUG - 2026-05-18 16:11:15 --> Session: Class initialized using 'CodeIgniter\Session\Handlers\FileHandler' driver.
DEBUG - 2026-05-18 16:11:15 --> Session: Class initialized using 'CodeIgniter\Session\Handlers\FileHandler' driver.
DEBUG - 2026-05-18 16:11:18 --> Session: Class initialized using 'CodeIgniter\Session\Handlers\FileHandler' driver.
DEBUG - 2026-05-18 16:11:25 --> Session: Class initialized using 'CodeIgniter\Session\Handlers\FileHandler' driver.
DEBUG - 2026-05-18 16:11:25 --> Session: Class initialized using 'CodeIgniter\Session\Handlers\FileHandler' driver.
DEBUG - 2026-05-18 16:11:35 --> Session: Class initialized using 'CodeIgniter\Session\Handlers\FileHandler' driver.
DEBUG - 2026-05-18 16:11:38 --> Session: Class initialized using 'CodeIgniter\Session\Handlers\FileHandler' driver.
DEBUG - 2026-05-18 16:11:42 --> Session: Class initialized using 'CodeIgniter\Session\Handlers\FileHandler' driver.
DEBUG - 2026-05-18 16:13:52 --> Session: Class initialized using 'CodeIgniter\Session\Handlers\FileHandler' driver.
DEBUG - 2026-05-18 16:13:52 --> Session: Class initialized using 'CodeIgniter\Session\Handlers\FileHandler' driver.
DEBUG - 2026-05-18 16:13:56 --> Session: Class initialized using 'CodeIgniter\Session\Handlers\FileHandler' driver.
DEBUG - 2026-05-18 16:14:02 --> Session: Class initialized using 'CodeIgniter\Session\Handlers\FileHandler' driver.
DEBUG - 2026-05-18 16:14:02 --> Session: Class initialized using 'CodeIgniter\Session\Handlers\FileHandler' driver.
DEBUG - 2026-05-18 16:14:24 --> Session: Class initialized using 'CodeIgniter\Session\Handlers\FileHandler' driver.
DEBUG - 2026-05-18 16:16:36 --> Session: Class initialized using 'CodeIgniter\Session\Handlers\FileHandler' driver.
DEBUG - 2026-05-18 16:16:39 --> Session: Class initialized using 'CodeIgniter\Session\Handlers\FileHandler' driver.
DEBUG - 2026-05-18 16:16:39 --> Session: Class initialized using 'CodeIgniter\Session\Handlers\FileHandler' driver.
DEBUG - 2026-05-18 16:16:42 --> Session: Class initialized using 'CodeIgniter\Session\Handlers\FileHandler' driver.
DEBUG - 2026-05-18 16:16:44 --> Session: Class initialized using 'CodeIgniter\Session\Handlers\FileHandler' driver.
CRITICAL - 2026-05-18 16:16:50 --> Error: Call to undefined method Google\Client::getIdentity()
[Method: GET, Route: auth/google/callback]
in APPPATH/Controllers/GoogleAuthController.php on line 49.
 1 SYSTEMPATH/CodeIgniter.php(951): App\Controllers\GoogleAuthController->handleCallback()
 2 SYSTEMPATH/CodeIgniter.php(497): CodeIgniter\CodeIgniter->runController(Object(App\Controllers\GoogleAuthController))
 3 SYSTEMPATH/CodeIgniter.php(340): CodeIgniter\CodeIgniter->handleRequest(null, Object(Config\Cache), false)
 4 SYSTEMPATH/Boot.php(417): CodeIgniter\CodeIgniter->run()
 5 SYSTEMPATH/Boot.php(68): CodeIgniter\Boot::runCodeIgniter(Object(CodeIgniter\CodeIgniter))
 6 FCPATH/index.php(59): CodeIgniter\Boot::bootWeb(Object(Config\Paths))
CRITICAL - 2026-05-18 16:16:50 --> ErrorException: Uncaught Symfony\Polyfill\Intl\Icu\Exception\MethodNotImplementedException: The Symfony\Polyfill\Intl\Icu\NumberFormatter::setPattern() is not implemented. Please install the "intl" extension for full localization capabilities. in /Applications/XAMPP/xamppfiles/htdocs/sikumi/vendor/symfony/polyfill-intl-icu/NumberFormatter.php:603
Stack trace:
#0 /Applications/XAMPP/xamppfiles/htdocs/sikumi/vendor/codeigniter4/framework/system/Helpers/number_helper.php(158): Symfony\Polyfill\Intl\Icu\NumberFormatter->setPattern('#,##0.##')
#1 /Applications/XAMPP/xamppfiles/htdocs/sikumi/vendor/codeigniter4/framework/system/Helpers/number_helper.php(60): format_number(30.5, 2, 'en', Array)
#2 /Applications/XAMPP/xamppfiles/htdocs/sikumi/vendor/codeigniter4/framework/system/Debug/BaseExceptionHandler.php(158): number_to_size(30.5, 2)
#3 /Applications/XAMPP/xamppfiles/htdocs/sikumi/app/Views/errors/html/error_exception.php(408): CodeIgniter\Debug\BaseExceptionHandler::describeMemory(31981568)
#4 /Applications/XAMPP/xamppfiles/htdocs/sikumi/vendor/codeigniter4/framework/system/Debug/BaseExceptionHandler.php(270): include('/Applications/X...')
#5 /Applications/XAMPP/xamppfiles/htdocs/sikumi/vendor/codeigniter4/framework/system/Debug/BaseExceptionHandler.php(273): CodeIgniter\Debug\BaseExceptionHandler->CodeIgniter\Debug\{closure}()
#6 /Applications/XAMPP/xamppfiles/htdocs/sikumi/vendor/codeigniter4/framework/system/Debug/ExceptionHandler.php(126): CodeIgniter\Debug\BaseExceptionHandler->render(Object(Error), 500, '/Applications/X...')
#7 /Applications/XAMPP/xamppfiles/htdocs/sikumi/vendor/codeigniter4/framework/system/Debug/Exceptions.php(151): CodeIgniter\Debug\ExceptionHandler->handle(Object(Error), Object(CodeIgniter\HTTP\IncomingRequest), Object(CodeIgniter\HTTP\Response), 500, 1)
#8 [internal function]: CodeIgniter\Debug\Exceptions->exceptionHandler(Object(Error))
#9 {main}
  thrown
【Previous Exception】
Error
Call to undefined method Google\Client::getIdentity()
#0 /Applications/XAMPP/xamppfiles/htdocs/sikumi/vendor/codeigniter4/framework/system/CodeIgniter.php(951): App\Controllers\GoogleAuthController->handleCallback()
#1 /Applications/XAMPP/xamppfiles/htdocs/sikumi/vendor/codeigniter4/framework/system/CodeIgniter.php(497): CodeIgniter\CodeIgniter->runController(Object(App\Controllers\GoogleAuthController))
#2 /Applications/XAMPP/xamppfiles/htdocs/sikumi/vendor/codeigniter4/framework/system/CodeIgniter.php(340): CodeIgniter\CodeIgniter->handleRequest(NULL, Object(Config\Cache), false)
#3 /Applications/XAMPP/xamppfiles/htdocs/sikumi/vendor/codeigniter4/framework/system/Boot.php(417): CodeIgniter\CodeIgniter->run()
#4 /Applications/XAMPP/xamppfiles/htdocs/sikumi/vendor/codeigniter4/framework/system/Boot.php(68): CodeIgniter\Boot::runCodeIgniter(Object(CodeIgniter\CodeIgniter))
#5 /Applications/XAMPP/xamppfiles/htdocs/sikumi/public/index.php(59): CodeIgniter\Boot::bootWeb(Object(Config\Paths))
#6 {main}
[Method: GET, Route: auth/google/callback]
in VENDORPATH/symfony/polyfill-intl-icu/NumberFormatter.php on line 603.
 1 [internal function]: CodeIgniter\Debug\Exceptions->shutdownHandler()
DEBUG - 2026-05-18 16:17:12 --> Session: Class initialized using 'CodeIgniter\Session\Handlers\FileHandler' driver.
DEBUG - 2026-05-18 16:17:12 --> Session: Class initialized using 'CodeIgniter\Session\Handlers\FileHandler' driver.
DEBUG - 2026-05-18 16:17:17 --> Session: Class initialized using 'CodeIgniter\Session\Handlers\FileHandler' driver.
DEBUG - 2026-05-18 16:17:18 --> Session: Class initialized using 'CodeIgniter\Session\Handlers\FileHandler' driver.
CRITICAL - 2026-05-18 16:17:24 --> Error: Call to undefined method Google\Client::getIdentity()
[Method: GET, Route: auth/google/callback]
in APPPATH/Controllers/GoogleAuthController.php on line 49.
 1 SYSTEMPATH/CodeIgniter.php(951): App\Controllers\GoogleAuthController->handleCallback()
 2 SYSTEMPATH/CodeIgniter.php(497): CodeIgniter\CodeIgniter->runController(Object(App\Controllers\GoogleAuthController))
 3 SYSTEMPATH/CodeIgniter.php(340): CodeIgniter\CodeIgniter->handleRequest(null, Object(Config\Cache), false)
 4 SYSTEMPATH/Boot.php(417): CodeIgniter\CodeIgniter->run()
 5 SYSTEMPATH/Boot.php(68): CodeIgniter\Boot::runCodeIgniter(Object(CodeIgniter\CodeIgniter))
 6 FCPATH/index.php(59): CodeIgniter\Boot::bootWeb(Object(Config\Paths))
CRITICAL - 2026-05-18 16:17:24 --> ErrorException: Uncaught Symfony\Polyfill\Intl\Icu\Exception\MethodNotImplementedException: The Symfony\Polyfill\Intl\Icu\NumberFormatter::setPattern() is not implemented. Please install the "intl" extension for full localization capabilities. in /Applications/XAMPP/xamppfiles/htdocs/sikumi/vendor/symfony/polyfill-intl-icu/NumberFormatter.php:603
Stack trace:
#0 /Applications/XAMPP/xamppfiles/htdocs/sikumi/vendor/codeigniter4/framework/system/Helpers/number_helper.php(158): Symfony\Polyfill\Intl\Icu\NumberFormatter->setPattern('#,##0.##')
#1 /Applications/XAMPP/xamppfiles/htdocs/sikumi/vendor/codeigniter4/framework/system/Helpers/number_helper.php(60): format_number(30.5, 2, 'en', Array)
#2 /Applications/XAMPP/xamppfiles/htdocs/sikumi/vendor/codeigniter4/framework/system/Debug/BaseExceptionHandler.php(158): number_to_size(30.5, 2)
#3 /Applications/XAMPP/xamppfiles/htdocs/sikumi/app/Views/errors/html/error_exception.php(408): CodeIgniter\Debug\BaseExceptionHandler::describeMemory(31981568)
#4 /Applications/XAMPP/xamppfiles/htdocs/sikumi/vendor/codeigniter4/framework/system/Debug/BaseExceptionHandler.php(270): include('/Applications/X...')
#5 /Applications/XAMPP/xamppfiles/htdocs/sikumi/vendor/codeigniter4/framework/system/Debug/BaseExceptionHandler.php(273): CodeIgniter\Debug\BaseExceptionHandler->CodeIgniter\Debug\{closure}()
#6 /Applications/XAMPP/xamppfiles/htdocs/sikumi/vendor/codeigniter4/framework/system/Debug/ExceptionHandler.php(126): CodeIgniter\Debug\BaseExceptionHandler->render(Object(Error), 500, '/Applications/X...')
#7 /Applications/XAMPP/xamppfiles/htdocs/sikumi/vendor/codeigniter4/framework/system/Debug/Exceptions.php(151): CodeIgniter\Debug\ExceptionHandler->handle(Object(Error), Object(CodeIgniter\HTTP\IncomingRequest), Object(CodeIgniter\HTTP\Response), 500, 1)
#8 [internal function]: CodeIgniter\Debug\Exceptions->exceptionHandler(Object(Error))
#9 {main}
  thrown
【Previous Exception】
Error
Call to undefined method Google\Client::getIdentity()
#0 /Applications/XAMPP/xamppfiles/htdocs/sikumi/vendor/codeigniter4/framework/system/CodeIgniter.php(951): App\Controllers\GoogleAuthController->handleCallback()
#1 /Applications/XAMPP/xamppfiles/htdocs/sikumi/vendor/codeigniter4/framework/system/CodeIgniter.php(497): CodeIgniter\CodeIgniter->runController(Object(App\Controllers\GoogleAuthController))
#2 /Applications/XAMPP/xamppfiles/htdocs/sikumi/vendor/codeigniter4/framework/system/CodeIgniter.php(340): CodeIgniter\CodeIgniter->handleRequest(NULL, Object(Config\Cache), false)
#3 /Applications/XAMPP/xamppfiles/htdocs/sikumi/vendor/codeigniter4/framework/system/Boot.php(417): CodeIgniter\CodeIgniter->run()
#4 /Applications/XAMPP/xamppfiles/htdocs/sikumi/vendor/codeigniter4/framework/system/Boot.php(68): CodeIgniter\Boot::runCodeIgniter(Object(CodeIgniter\CodeIgniter))
#5 /Applications/XAMPP/xamppfiles/htdocs/sikumi/public/index.php(59): CodeIgniter\Boot::bootWeb(Object(Config\Paths))
#6 {main}
[Method: GET, Route: auth/google/callback]
in VENDORPATH/symfony/polyfill-intl-icu/NumberFormatter.php on line 603.
 1 [internal function]: CodeIgniter\Debug\Exceptions->shutdownHandler()
DEBUG - 2026-05-18 16:19:37 --> Session: Class initialized using 'CodeIgniter\Session\Handlers\FileHandler' driver.
CRITICAL - 2026-05-18 16:19:39 --> ParseError: syntax error, unexpected token "catch"
[Method: GET, Route: auth/google]
in APPPATH/Controllers/GoogleAuthController.php on line 91.
 1 VENDORPATH/composer/ClassLoader.php(427): Composer\Autoload\{closure}('/Applications/XAMPP/xamppfiles/htdocs/sikumi/vendor/composer/../../app/Controllers/GoogleAuthController.php')
 2 [internal function]: Composer\Autoload\ClassLoader->loadClass('App\\Controllers\\GoogleAuthController')
 3 SYSTEMPATH/Router/Router.php(792): class_exists('\\App\\Controllers\\GoogleAuthController')
 4 SYSTEMPATH/Router/Router.php(230): CodeIgniter\Router\Router->processRouteAttributes()
 5 SYSTEMPATH/CodeIgniter.php(829): CodeIgniter\Router\Router->handle('auth/google')
 6 SYSTEMPATH/CodeIgniter.php(441): CodeIgniter\CodeIgniter->tryToRouteIt(Object(CodeIgniter\Router\RouteCollection))
 7 SYSTEMPATH/CodeIgniter.php(340): CodeIgniter\CodeIgniter->handleRequest(null, Object(Config\Cache), false)
 8 SYSTEMPATH/Boot.php(417): CodeIgniter\CodeIgniter->run()
 9 SYSTEMPATH/Boot.php(68): CodeIgniter\Boot::runCodeIgniter(Object(CodeIgniter\CodeIgniter))
10 FCPATH/index.php(59): CodeIgniter\Boot::bootWeb(Object(Config\Paths))
CRITICAL - 2026-05-18 16:19:39 --> ErrorException: Uncaught Symfony\Polyfill\Intl\Icu\Exception\MethodNotImplementedException: The Symfony\Polyfill\Intl\Icu\NumberFormatter::setPattern() is not implemented. Please install the "intl" extension for full localization capabilities. in /Applications/XAMPP/xamppfiles/htdocs/sikumi/vendor/symfony/polyfill-intl-icu/NumberFormatter.php:603
Stack trace:
#0 /Applications/XAMPP/xamppfiles/htdocs/sikumi/vendor/codeigniter4/framework/system/Helpers/number_helper.php(158): Symfony\Polyfill\Intl\Icu\NumberFormatter->setPattern('#,##0.##')
#1 /Applications/XAMPP/xamppfiles/htdocs/sikumi/vendor/codeigniter4/framework/system/Helpers/number_helper.php(60): format_number(28.5, 2, 'en', Array)
#2 /Applications/XAMPP/xamppfiles/htdocs/sikumi/vendor/codeigniter4/framework/system/Debug/BaseExceptionHandler.php(158): number_to_size(28.5, 2)
#3 /Applications/XAMPP/xamppfiles/htdocs/sikumi/app/Views/errors/html/error_exception.php(408): CodeIgniter\Debug\BaseExceptionHandler::describeMemory(29884416)
#4 /Applications/XAMPP/xamppfiles/htdocs/sikumi/vendor/codeigniter4/framework/system/Debug/BaseExceptionHandler.php(270): include('/Applications/X...')
#5 /Applications/XAMPP/xamppfiles/htdocs/sikumi/vendor/codeigniter4/framework/system/Debug/BaseExceptionHandler.php(273): CodeIgniter\Debug\BaseExceptionHandler->CodeIgniter\Debug\{closure}()
#6 /Applications/XAMPP/xamppfiles/htdocs/sikumi/vendor/codeigniter4/framework/system/Debug/ExceptionHandler.php(126): CodeIgniter\Debug\BaseExceptionHandler->render(Object(ParseError), 500, '/Applications/X...')
#7 /Applications/XAMPP/xamppfiles/htdocs/sikumi/vendor/codeigniter4/framework/system/Debug/Exceptions.php(151): CodeIgniter\Debug\ExceptionHandler->handle(Object(ParseError), Object(CodeIgniter\HTTP\IncomingRequest), Object(CodeIgniter\HTTP\Response), 500, 1)
#8 [internal function]: CodeIgniter\Debug\Exceptions->exceptionHandler(Object(ParseError))
#9 {main}
  thrown
【Previous Exception】
ParseError
syntax error, unexpected token "catch"
#0 /Applications/XAMPP/xamppfiles/htdocs/sikumi/vendor/composer/ClassLoader.php(427): Composer\Autoload\{closure}('/Applications/X...')
#1 [internal function]: Composer\Autoload\ClassLoader->loadClass('App\\Controllers...')
#2 /Applications/XAMPP/xamppfiles/htdocs/sikumi/vendor/codeigniter4/framework/system/Router/Router.php(792): class_exists('\\App\\Controller...')
#3 /Applications/XAMPP/xamppfiles/htdocs/sikumi/vendor/codeigniter4/framework/system/Router/Router.php(230): CodeIgniter\Router\Router->processRouteAttributes()
#4 /Applications/XAMPP/xamppfiles/htdocs/sikumi/vendor/codeigniter4/framework/system/CodeIgniter.php(829): CodeIgniter\Router\Router->handle('auth/google')
#5 /Applications/XAMPP/xamppfiles/htdocs/sikumi/vendor/codeigniter4/framework/system/CodeIgniter.php(441): CodeIgniter\CodeIgniter->tryToRouteIt(Object(CodeIgniter\Router\RouteCollection))
#6 /Applications/XAMPP/xamppfiles/htdocs/sikumi/vendor/codeigniter4/framework/system/CodeIgniter.php(340): CodeIgniter\CodeIgniter->handleRequest(NULL, Object(Config\Cache), false)
#7 /Applications/XAMPP/xamppfiles/htdocs/sikumi/vendor/codeigniter4/framework/system/Boot.php(417): CodeIgniter\CodeIgniter->run()
#8 /Applications/XAMPP/xamppfiles/htdocs/sikumi/vendor/codeigniter4/framework/system/Boot.php(68): CodeIgniter\Boot::runCodeIgniter(Object(CodeIgniter\CodeIgniter))
#9 /Applications/XAMPP/xamppfiles/htdocs/sikumi/public/index.php(59): CodeIgniter\Boot::bootWeb(Object(Config\Paths))
#10 {main}
[Method: GET, Route: auth/google]
in VENDORPATH/symfony/polyfill-intl-icu/NumberFormatter.php on line 603.
 1 [internal function]: CodeIgniter\Debug\Exceptions->shutdownHandler()
DEBUG - 2026-05-18 16:21:48 --> Session: Class initialized using 'CodeIgniter\Session\Handlers\FileHandler' driver.
DEBUG - 2026-05-18 16:21:50 --> Session: Class initialized using 'CodeIgniter\Session\Handlers\FileHandler' driver.
DEBUG - 2026-05-18 16:21:58 --> Session: Class initialized using 'CodeIgniter\Session\Handlers\FileHandler' driver.
DEBUG - 2026-05-18 16:21:58 --> Session: Class initialized using 'CodeIgniter\Session\Handlers\FileHandler' driver.
DEBUG - 2026-05-18 16:22:26 --> Session: Class initialized using 'CodeIgniter\Session\Handlers\FileHandler' driver.
DEBUG - 2026-05-18 16:22:26 --> Session: Class initialized using 'CodeIgniter\Session\Handlers\FileHandler' driver.
DEBUG - 2026-05-18 16:22:29 --> Session: Class initialized using 'CodeIgniter\Session\Handlers\FileHandler' driver.
DEBUG - 2026-05-18 16:22:58 --> Session: Class initialized using 'CodeIgniter\Session\Handlers\FileHandler' driver.
DEBUG - 2026-05-18 16:22:58 --> Session: Class initialized using 'CodeIgniter\Session\Handlers\FileHandler' driver.
DEBUG - 2026-05-18 16:23:00 --> Session: Class initialized using 'CodeIgniter\Session\Handlers\FileHandler' driver.
DEBUG - 2026-05-18 16:23:57 --> Session: Class initialized using 'CodeIgniter\Session\Handlers\FileHandler' driver.
DEBUG - 2026-05-18 16:23:57 --> Session: Class initialized using 'CodeIgniter\Session\Handlers\FileHandler' driver.
DEBUG - 2026-05-18 16:26:24 --> Session: Class initialized using 'CodeIgniter\Session\Handlers\FileHandler' driver.
DEBUG - 2026-05-18 16:26:24 --> Session: Class initialized using 'CodeIgniter\Session\Handlers\FileHandler' driver.
DEBUG - 2026-05-18 16:26:26 --> Session: Class initialized using 'CodeIgniter\Session\Handlers\FileHandler' driver.
DEBUG - 2026-05-18 16:26:32 --> Session: Class initialized using 'CodeIgniter\Session\Handlers\FileHandler' driver.
DEBUG - 2026-05-18 16:26:33 --> Session: Class initialized using 'CodeIgniter\Session\Handlers\FileHandler' driver.
DEBUG - 2026-05-18 16:26:59 --> Session: Class initialized using 'CodeIgniter\Session\Handlers\FileHandler' driver.
DEBUG - 2026-05-18 16:26:59 --> Session: Class initialized using 'CodeIgniter\Session\Handlers\FileHandler' driver.
DEBUG - 2026-05-18 16:27:01 --> Session: Class initialized using 'CodeIgniter\Session\Handlers\FileHandler' driver.
DEBUG - 2026-05-18 16:27:07 --> Session: Class initialized using 'CodeIgniter\Session\Handlers\FileHandler' driver.
DEBUG - 2026-05-18 16:27:07 --> Session: Class initialized using 'CodeIgniter\Session\Handlers\FileHandler' driver.
DEBUG - 2026-05-18 16:27:36 --> Session: Class initialized using 'CodeIgniter\Session\Handlers\FileHandler' driver.
DEBUG - 2026-05-18 16:27:36 --> Session: Class initialized using 'CodeIgniter\Session\Handlers\FileHandler' driver.
DEBUG - 2026-05-18 16:27:38 --> Session: Class initialized using 'CodeIgniter\Session\Handlers\FileHandler' driver.
DEBUG - 2026-05-18 16:27:58 --> Session: Class initialized using 'CodeIgniter\Session\Handlers\FileHandler' driver.
DEBUG - 2026-05-18 16:28:00 --> Session: Class initialized using 'CodeIgniter\Session\Handlers\FileHandler' driver.
DEBUG - 2026-05-18 16:28:00 --> Session: Class initialized using 'CodeIgniter\Session\Handlers\FileHandler' driver.
DEBUG - 2026-05-18 16:28:03 --> Session: Class initialized using 'CodeIgniter\Session\Handlers\FileHandler' driver.
DEBUG - 2026-05-18 16:28:09 --> Session: Class initialized using 'CodeIgniter\Session\Handlers\FileHandler' driver.
DEBUG - 2026-05-18 16:28:09 --> Session: Class initialized using 'CodeIgniter\Session\Handlers\FileHandler' driver.
DEBUG - 2026-05-18 16:28:17 --> Session: Class initialized using 'CodeIgniter\Session\Handlers\FileHandler' driver.
DEBUG - 2026-05-18 16:28:22 --> Session: Class initialized using 'CodeIgniter\Session\Handlers\FileHandler' driver.
DEBUG - 2026-05-18 16:28:22 --> Session: Class initialized using 'CodeIgniter\Session\Handlers\FileHandler' driver.
DEBUG - 2026-05-18 16:30:15 --> Session: Class initialized using 'CodeIgniter\Session\Handlers\FileHandler' driver.
DEBUG - 2026-05-18 16:30:17 --> Session: Class initialized using 'CodeIgniter\Session\Handlers\FileHandler' driver.
DEBUG - 2026-05-18 16:30:24 --> Session: Class initialized using 'CodeIgniter\Session\Handlers\FileHandler' driver.
DEBUG - 2026-05-18 16:30:24 --> Session: Class initialized using 'CodeIgniter\Session\Handlers\FileHandler' driver.
DEBUG - 2026-05-18 16:30:34 --> Session: Class initialized using 'CodeIgniter\Session\Handlers\FileHandler' driver.
DEBUG - 2026-05-18 16:30:36 --> Session: Class initialized using 'CodeIgniter\Session\Handlers\FileHandler' driver.
DEBUG - 2026-05-18 16:30:42 --> Session: Class initialized using 'CodeIgniter\Session\Handlers\FileHandler' driver.
DEBUG - 2026-05-18 16:30:42 --> Session: Class initialized using 'CodeIgniter\Session\Handlers\FileHandler' driver.
DEBUG - 2026-05-18 16:31:29 --> Session: Class initialized using 'CodeIgniter\Session\Handlers\FileHandler' driver.
DEBUG - 2026-05-18 16:31:29 --> Session: Class initialized using 'CodeIgniter\Session\Handlers\FileHandler' driver.
DEBUG - 2026-05-18 16:31:35 --> Session: Class initialized using 'CodeIgniter\Session\Handlers\FileHandler' driver.
DEBUG - 2026-05-18 16:31:35 --> Session: Class initialized using 'CodeIgniter\Session\Handlers\FileHandler' driver.
DEBUG - 2026-05-18 16:31:37 --> Session: Class initialized using 'CodeIgniter\Session\Handlers\FileHandler' driver.
DEBUG - 2026-05-18 16:31:43 --> Session: Class initialized using 'CodeIgniter\Session\Handlers\FileHandler' driver.
DEBUG - 2026-05-18 16:31:43 --> Session: Class initialized using 'CodeIgniter\Session\Handlers\FileHandler' driver.
DEBUG - 2026-05-18 16:33:44 --> Session: Class initialized using 'CodeIgniter\Session\Handlers\FileHandler' driver.
DEBUG - 2026-05-18 16:33:46 --> Session: Class initialized using 'CodeIgniter\Session\Handlers\FileHandler' driver.
DEBUG - 2026-05-18 16:33:50 --> Session: Class initialized using 'CodeIgniter\Session\Handlers\FileHandler' driver.
DEBUG - 2026-05-18 16:33:51 --> Session: Class initialized using 'CodeIgniter\Session\Handlers\FileHandler' driver.
DEBUG - 2026-05-18 16:34:00 --> Session: Class initialized using 'CodeIgniter\Session\Handlers\FileHandler' driver.
DEBUG - 2026-05-18 16:34:03 --> Session: Class initialized using 'CodeIgniter\Session\Handlers\FileHandler' driver.
DEBUG - 2026-05-18 16:34:05 --> Session: Class initialized using 'CodeIgniter\Session\Handlers\FileHandler' driver.
DEBUG - 2026-05-18 16:34:11 --> Session: Class initialized using 'CodeIgniter\Session\Handlers\FileHandler' driver.
DEBUG - 2026-05-18 16:34:13 --> Session: Class initialized using 'CodeIgniter\Session\Handlers\FileHandler' driver.
DEBUG - 2026-05-18 16:34:19 --> Session: Class initialized using 'CodeIgniter\Session\Handlers\FileHandler' driver.
DEBUG - 2026-05-18 16:34:19 --> Session: Class initialized using 'CodeIgniter\Session\Handlers\FileHandler' driver.
DEBUG - 2026-05-18 16:36:24 --> Session: Class initialized using 'CodeIgniter\Session\Handlers\FileHandler' driver.
DEBUG - 2026-05-18 16:36:24 --> Session: Class initialized using 'CodeIgniter\Session\Handlers\FileHandler' driver.
DEBUG - 2026-05-18 16:36:26 --> Session: Class initialized using 'CodeIgniter\Session\Handlers\FileHandler' driver.
DEBUG - 2026-05-18 16:36:28 --> Session: Class initialized using 'CodeIgniter\Session\Handlers\FileHandler' driver.
DEBUG - 2026-05-18 16:36:29 --> Session: Class initialized using 'CodeIgniter\Session\Handlers\FileHandler' driver.
ERROR - 2026-05-18 16:36:35 --> Unknown column 'email' in 'where clause'
in SYSTEMPATH/Database/MySQLi/Connection.php on line 300.
 1 SYSTEMPATH/Database/MySQLi/Connection.php(300): mysqli->query('SELECT *
FROM `users`
WHERE `email` = \'waka@mimha.sch.id\'
AND `users`.`deleted_at` IS NULL
 LIMIT 1', 0)
 2 SYSTEMPATH/Database/BaseConnection.php(910): CodeIgniter\Database\MySQLi\Connection->execute('SELECT *
FROM `users`
WHERE `email` = \'waka@mimha.sch.id\'
AND `users`.`deleted_at` IS NULL
 LIMIT 1')
 3 SYSTEMPATH/Database/BaseConnection.php(827): CodeIgniter\Database\BaseConnection->simpleQuery('SELECT *
FROM `users`
WHERE `email` = \'waka@mimha.sch.id\'
AND `users`.`deleted_at` IS NULL
 LIMIT 1')
 4 SYSTEMPATH/Database/BaseBuilder.php(1649): CodeIgniter\Database\BaseConnection->query('SELECT *
FROM `users`
WHERE `email` = :email:
AND `users`.`deleted_at` IS NULL
 LIMIT 1', [...], false)
 5 SYSTEMPATH/Model.php(295): CodeIgniter\Database\BaseBuilder->get()
 6 SYSTEMPATH/BaseModel.php(714): CodeIgniter\Model->doFirst()
 7 APPPATH/Controllers/GoogleAuthController.php(77): CodeIgniter\BaseModel->first()
 8 SYSTEMPATH/CodeIgniter.php(951): App\Controllers\GoogleAuthController->handleCallback()
 9 SYSTEMPATH/CodeIgniter.php(497): CodeIgniter\CodeIgniter->runController(Object(App\Controllers\GoogleAuthController))
10 SYSTEMPATH/CodeIgniter.php(340): CodeIgniter\CodeIgniter->handleRequest(null, Object(Config\Cache), false)
11 SYSTEMPATH/Boot.php(417): CodeIgniter\CodeIgniter->run()
12 SYSTEMPATH/Boot.php(68): CodeIgniter\Boot::runCodeIgniter(Object(CodeIgniter\CodeIgniter))
13 FCPATH/index.php(59): CodeIgniter\Boot::bootWeb(Object(Config\Paths))
DEBUG - 2026-05-18 16:36:35 --> Session: Class initialized using 'CodeIgniter\Session\Handlers\FileHandler' driver.
DEBUG - 2026-05-18 16:36:35 --> Session: Class initialized using 'CodeIgniter\Session\Handlers\FileHandler' driver.
DEBUG - 2026-05-18 16:36:55 --> Session: Class initialized using 'CodeIgniter\Session\Handlers\FileHandler' driver.
DEBUG - 2026-05-18 16:36:57 --> Session: Class initialized using 'CodeIgniter\Session\Handlers\FileHandler' driver.
DEBUG - 2026-05-18 16:37:02 --> Session: Class initialized using 'CodeIgniter\Session\Handlers\FileHandler' driver.
DEBUG - 2026-05-18 16:37:02 --> Session: Class initialized using 'CodeIgniter\Session\Handlers\FileHandler' driver.
DEBUG - 2026-05-18 16:37:06 --> Session: Class initialized using 'CodeIgniter\Session\Handlers\FileHandler' driver.
DEBUG - 2026-05-18 16:37:06 --> Session: Class initialized using 'CodeIgniter\Session\Handlers\FileHandler' driver.
DEBUG - 2026-05-18 16:37:09 --> Session: Class initialized using 'CodeIgniter\Session\Handlers\FileHandler' driver.
ERROR - 2026-05-18 16:37:14 --> Unknown column 'email' in 'where clause'
in SYSTEMPATH/Database/MySQLi/Connection.php on line 300.
 1 SYSTEMPATH/Database/MySQLi/Connection.php(300): mysqli->query('SELECT *
FROM `users`
WHERE `email` = \'waka@mimha.sch.id\'
AND `users`.`deleted_at` IS NULL
 LIMIT 1', 0)
 2 SYSTEMPATH/Database/BaseConnection.php(910): CodeIgniter\Database\MySQLi\Connection->execute('SELECT *
FROM `users`
WHERE `email` = \'waka@mimha.sch.id\'
AND `users`.`deleted_at` IS NULL
 LIMIT 1')
 3 SYSTEMPATH/Database/BaseConnection.php(827): CodeIgniter\Database\BaseConnection->simpleQuery('SELECT *
FROM `users`
WHERE `email` = \'waka@mimha.sch.id\'
AND `users`.`deleted_at` IS NULL
 LIMIT 1')
 4 SYSTEMPATH/Database/BaseBuilder.php(1649): CodeIgniter\Database\BaseConnection->query('SELECT *
FROM `users`
WHERE `email` = :email:
AND `users`.`deleted_at` IS NULL
 LIMIT 1', [...], false)
 5 SYSTEMPATH/Model.php(295): CodeIgniter\Database\BaseBuilder->get()
 6 SYSTEMPATH/BaseModel.php(714): CodeIgniter\Model->doFirst()
 7 APPPATH/Controllers/GoogleAuthController.php(77): CodeIgniter\BaseModel->first()
 8 SYSTEMPATH/CodeIgniter.php(951): App\Controllers\GoogleAuthController->handleCallback()
 9 SYSTEMPATH/CodeIgniter.php(497): CodeIgniter\CodeIgniter->runController(Object(App\Controllers\GoogleAuthController))
10 SYSTEMPATH/CodeIgniter.php(340): CodeIgniter\CodeIgniter->handleRequest(null, Object(Config\Cache), false)
11 SYSTEMPATH/Boot.php(417): CodeIgniter\CodeIgniter->run()
12 SYSTEMPATH/Boot.php(68): CodeIgniter\Boot::runCodeIgniter(Object(CodeIgniter\CodeIgniter))
13 FCPATH/index.php(59): CodeIgniter\Boot::bootWeb(Object(Config\Paths))
DEBUG - 2026-05-18 16:37:14 --> Session: Class initialized using 'CodeIgniter\Session\Handlers\FileHandler' driver.
DEBUG - 2026-05-18 16:37:14 --> Session: Class initialized using 'CodeIgniter\Session\Handlers\FileHandler' driver.
DEBUG - 2026-05-18 16:40:19 --> Session: Class initialized using 'CodeIgniter\Session\Handlers\FileHandler' driver.
DEBUG - 2026-05-18 16:40:20 --> Session: Class initialized using 'CodeIgniter\Session\Handlers\FileHandler' driver.
DEBUG - 2026-05-18 16:40:26 --> Session: Class initialized using 'CodeIgniter\Session\Handlers\FileHandler' driver.
DEBUG - 2026-05-18 16:40:26 --> Session: Class initialized using 'CodeIgniter\Session\Handlers\FileHandler' driver.
DEBUG - 2026-05-18 16:42:03 --> Session: Class initialized using 'CodeIgniter\Session\Handlers\FileHandler' driver.
DEBUG - 2026-05-18 16:42:03 --> Session: Class initialized using 'CodeIgniter\Session\Handlers\FileHandler' driver.
DEBUG - 2026-05-18 16:42:06 --> Session: Class initialized using 'CodeIgniter\Session\Handlers\FileHandler' driver.
DEBUG - 2026-05-18 16:42:07 --> Session: Class initialized using 'CodeIgniter\Session\Handlers\FileHandler' driver.
DEBUG - 2026-05-18 16:42:07 --> Session: Class initialized using 'CodeIgniter\Session\Handlers\FileHandler' driver.
DEBUG - 2026-05-18 16:42:10 --> Session: Class initialized using 'CodeIgniter\Session\Handlers\FileHandler' driver.
DEBUG - 2026-05-18 16:42:16 --> Session: Class initialized using 'CodeIgniter\Session\Handlers\FileHandler' driver.
DEBUG - 2026-05-18 16:42:16 --> Session: Class initialized using 'CodeIgniter\Session\Handlers\FileHandler' driver.
DEBUG - 2026-05-18 16:42:26 --> Session: Class initialized using 'CodeIgniter\Session\Handlers\FileHandler' driver.
DEBUG - 2026-05-18 16:42:28 --> Session: Class initialized using 'CodeIgniter\Session\Handlers\FileHandler' driver.
DEBUG - 2026-05-18 16:42:33 --> Session: Class initialized using 'CodeIgniter\Session\Handlers\FileHandler' driver.
DEBUG - 2026-05-18 16:42:33 --> Session: Class initialized using 'CodeIgniter\Session\Handlers\FileHandler' driver.
DEBUG - 2026-05-18 16:44:02 --> Session: Class initialized using 'CodeIgniter\Session\Handlers\FileHandler' driver.
DEBUG - 2026-05-18 16:44:03 --> Session: Class initialized using 'CodeIgniter\Session\Handlers\FileHandler' driver.
DEBUG - 2026-05-18 16:44:09 --> Session: Class initialized using 'CodeIgniter\Session\Handlers\FileHandler' driver.
DEBUG - 2026-05-18 16:44:09 --> Session: Class initialized using 'CodeIgniter\Session\Handlers\FileHandler' driver.
DEBUG - 2026-05-18 16:44:16 --> Session: Class initialized using 'CodeIgniter\Session\Handlers\FileHandler' driver.
DEBUG - 2026-05-18 16:44:17 --> Session: Class initialized using 'CodeIgniter\Session\Handlers\FileHandler' driver.
DEBUG - 2026-05-18 16:44:22 --> Session: Class initialized using 'CodeIgniter\Session\Handlers\FileHandler' driver.
DEBUG - 2026-05-18 16:44:23 --> Session: Class initialized using 'CodeIgniter\Session\Handlers\FileHandler' driver.
DEBUG - 2026-05-18 16:44:32 --> Session: Class initialized using 'CodeIgniter\Session\Handlers\FileHandler' driver.
DEBUG - 2026-05-18 16:48:39 --> Session: Class initialized using 'CodeIgniter\Session\Handlers\FileHandler' driver.
DEBUG - 2026-05-18 16:48:39 --> Session: Class initialized using 'CodeIgniter\Session\Handlers\FileHandler' driver.
DEBUG - 2026-05-18 16:49:01 --> Session: Class initialized using 'CodeIgniter\Session\Handlers\FileHandler' driver.
DEBUG - 2026-05-18 16:49:01 --> Session: Class initialized using 'CodeIgniter\Session\Handlers\FileHandler' driver.
DEBUG - 2026-05-18 16:49:03 --> Session: Class initialized using 'CodeIgniter\Session\Handlers\FileHandler' driver.
CRITICAL - 2026-05-18 16:49:24 --> Error: Class "App\Controllers\Google\Client" not found
[Method: GET, Route: auth/google/callback]
in APPPATH/Controllers/GoogleAuthController.php on line 30.
 1 SYSTEMPATH/CodeIgniter.php(951): App\Controllers\GoogleAuthController->handleCallback()
 2 SYSTEMPATH/CodeIgniter.php(497): CodeIgniter\CodeIgniter->runController(Object(App\Controllers\GoogleAuthController))
 3 SYSTEMPATH/CodeIgniter.php(340): CodeIgniter\CodeIgniter->handleRequest(null, Object(Config\Cache), false)
 4 SYSTEMPATH/Boot.php(417): CodeIgniter\CodeIgniter->run()
 5 SYSTEMPATH/Boot.php(68): CodeIgniter\Boot::runCodeIgniter(Object(CodeIgniter\CodeIgniter))
 6 FCPATH/index.php(59): CodeIgniter\Boot::bootWeb(Object(Config\Paths))
CRITICAL - 2026-05-18 16:49:24 --> ErrorException: Uncaught Symfony\Polyfill\Intl\Icu\Exception\MethodNotImplementedException: The Symfony\Polyfill\Intl\Icu\NumberFormatter::setPattern() is not implemented. Please install the "intl" extension for full localization capabilities. in /Applications/XAMPP/xamppfiles/htdocs/sikumi/vendor/symfony/polyfill-intl-icu/NumberFormatter.php:603
Stack trace:
#0 /Applications/XAMPP/xamppfiles/htdocs/sikumi/vendor/codeigniter4/framework/system/Helpers/number_helper.php(158): Symfony\Polyfill\Intl\Icu\NumberFormatter->setPattern('#,##0.##')
#1 /Applications/XAMPP/xamppfiles/htdocs/sikumi/vendor/codeigniter4/framework/system/Helpers/number_helper.php(60): format_number(28.5, 2, 'en', Array)
#2 /Applications/XAMPP/xamppfiles/htdocs/sikumi/vendor/codeigniter4/framework/system/Debug/BaseExceptionHandler.php(158): number_to_size(28.5, 2)
#3 /Applications/XAMPP/xamppfiles/htdocs/sikumi/app/Views/errors/html/error_exception.php(408): CodeIgniter\Debug\BaseExceptionHandler::describeMemory(29884416)
#4 /Applications/XAMPP/xamppfiles/htdocs/sikumi/vendor/codeigniter4/framework/system/Debug/BaseExceptionHandler.php(270): include('/Applications/X...')
#5 /Applications/XAMPP/xamppfiles/htdocs/sikumi/vendor/codeigniter4/framework/system/Debug/BaseExceptionHandler.php(273): CodeIgniter\Debug\BaseExceptionHandler->CodeIgniter\Debug\{closure}()
#6 /Applications/XAMPP/xamppfiles/htdocs/sikumi/vendor/codeigniter4/framework/system/Debug/ExceptionHandler.php(126): CodeIgniter\Debug\BaseExceptionHandler->render(Object(Error), 500, '/Applications/X...')
#7 /Applications/XAMPP/xamppfiles/htdocs/sikumi/vendor/codeigniter4/framework/system/Debug/Exceptions.php(151): CodeIgniter\Debug\ExceptionHandler->handle(Object(Error), Object(CodeIgniter\HTTP\IncomingRequest), Object(CodeIgniter\HTTP\Response), 500, 1)
#8 [internal function]: CodeIgniter\Debug\Exceptions->exceptionHandler(Object(Error))
#9 {main}
  thrown
【Previous Exception】
Error
Class "App\Controllers\Google\Client" not found
#0 /Applications/XAMPP/xamppfiles/htdocs/sikumi/vendor/codeigniter4/framework/system/CodeIgniter.php(951): App\Controllers\GoogleAuthController->handleCallback()
#1 /Applications/XAMPP/xamppfiles/htdocs/sikumi/vendor/codeigniter4/framework/system/CodeIgniter.php(497): CodeIgniter\CodeIgniter->runController(Object(App\Controllers\GoogleAuthController))
#2 /Applications/XAMPP/xamppfiles/htdocs/sikumi/vendor/codeigniter4/framework/system/CodeIgniter.php(340): CodeIgniter\CodeIgniter->handleRequest(NULL, Object(Config\Cache), false)
#3 /Applications/XAMPP/xamppfiles/htdocs/sikumi/vendor/codeigniter4/framework/system/Boot.php(417): CodeIgniter\CodeIgniter->run()
#4 /Applications/XAMPP/xamppfiles/htdocs/sikumi/vendor/codeigniter4/framework/system/Boot.php(68): CodeIgniter\Boot::runCodeIgniter(Object(CodeIgniter\CodeIgniter))
#5 /Applications/XAMPP/xamppfiles/htdocs/sikumi/public/index.php(59): CodeIgniter\Boot::bootWeb(Object(Config\Paths))
#6 {main}
[Method: GET, Route: auth/google/callback]
in VENDORPATH/symfony/polyfill-intl-icu/NumberFormatter.php on line 603.
 1 [internal function]: CodeIgniter\Debug\Exceptions->shutdownHandler()
DEBUG - 2026-05-18 16:52:36 --> Session: Class initialized using 'CodeIgniter\Session\Handlers\FileHandler' driver.
DEBUG - 2026-05-18 16:52:38 --> Session: Class initialized using 'CodeIgniter\Session\Handlers\FileHandler' driver.
DEBUG - 2026-05-18 16:52:47 --> Session: Class initialized using 'CodeIgniter\Session\Handlers\FileHandler' driver.
DEBUG - 2026-05-18 16:52:47 --> Session: Class initialized using 'CodeIgniter\Session\Handlers\FileHandler' driver.
DEBUG - 2026-05-18 16:52:59 --> Session: Class initialized using 'CodeIgniter\Session\Handlers\FileHandler' driver.
DEBUG - 2026-05-18 16:53:01 --> Session: Class initialized using 'CodeIgniter\Session\Handlers\FileHandler' driver.
DEBUG - 2026-05-18 16:53:02 --> Session: Class initialized using 'CodeIgniter\Session\Handlers\FileHandler' driver.
DEBUG - 2026-05-18 16:53:04 --> Session: Class initialized using 'CodeIgniter\Session\Handlers\FileHandler' driver.
DEBUG - 2026-05-18 16:53:06 --> Session: Class initialized using 'CodeIgniter\Session\Handlers\FileHandler' driver.
DEBUG - 2026-05-18 16:53:11 --> Session: Class initialized using 'CodeIgniter\Session\Handlers\FileHandler' driver.
DEBUG - 2026-05-18 16:53:11 --> Session: Class initialized using 'CodeIgniter\Session\Handlers\FileHandler' driver.
DEBUG - 2026-05-18 16:57:35 --> Session: Class initialized using 'CodeIgniter\Session\Handlers\FileHandler' driver.
DEBUG - 2026-05-18 16:57:43 --> Session: Class initialized using 'CodeIgniter\Session\Handlers\FileHandler' driver.
DEBUG - 2026-05-18 16:57:45 --> Session: Class initialized using 'CodeIgniter\Session\Handlers\FileHandler' driver.
DEBUG - 2026-05-18 16:57:49 --> Session: Class initialized using 'CodeIgniter\Session\Handlers\FileHandler' driver.
DEBUG - 2026-05-18 16:57:49 --> Session: Class initialized using 'CodeIgniter\Session\Handlers\FileHandler' driver.
DEBUG - 2026-05-18 16:58:52 --> Session: Class initialized using 'CodeIgniter\Session\Handlers\FileHandler' driver.
DEBUG - 2026-05-18 16:58:53 --> Session: Class initialized using 'CodeIgniter\Session\Handlers\FileHandler' driver.
DEBUG - 2026-05-18 16:58:57 --> Session: Class initialized using 'CodeIgniter\Session\Handlers\FileHandler' driver.
DEBUG - 2026-05-18 16:58:57 --> Session: Class initialized using 'CodeIgniter\Session\Handlers\FileHandler' driver.
DEBUG - 2026-05-18 16:59:00 --> Session: Class initialized using 'CodeIgniter\Session\Handlers\FileHandler' driver.
DEBUG - 2026-05-18 16:59:00 --> Session: Class initialized using 'CodeIgniter\Session\Handlers\FileHandler' driver.
